registration_id,student_id,section_id,term_id,school_id,program_id,course_code,section_number,registration_date,registration_status,credit_hours,grade_mode,student_type,residency_status,admit_school_id,admit_program_id,modality,capacity
REG000001,STU00001,SEC00217,2025FA,SCH01,PRG0101,0101-150,01,2025-07-27,Registered,3.0,Pass Fail,Graduate,Out of State,SCH01,PRG0101,In Person,41
REG000002,STU00001,SEC00218,2025FA,SCH01,PRG0101,0101-200,02,2025-08-11,Registered,3.0,Pass Fail,Graduate,Out of State,SCH01,PRG0101,Online,36
REG000003,STU00001,SEC00362,2026SU,SCH01,PRG0101,0101-200,02,2026-04-17,Registered,3.0,Letter,Graduate,Out of State,SCH01,PRG0101,Online,26
REG000004,STU00001,SEC00361,2026SU,SCH01,PRG0101,0101-150,01,2026-04-27,Registered,3.0,Pass Fail,Graduate,Out of State,SCH01,PRG0101,In Person,29
REG000005,STU00001,SEC00289,2026WI,SCH01,PRG0101,0101-150,01,2025-12-31,Dropped,0.0,Pass Fail,Graduate,Out of State,SCH01,PRG0101,Online,33
REG000006,STU00001,SEC00290,2026WI,SCH01,PRG0101,0101-200,02,2025-12-24,Registered,3.0,Audit,Graduate,Out of State,SCH01,PRG0101,In Person,31
REG000007,STU00002,SEC00004,2024FA,SCH01,PRG0102,0102-200,02,2024-08-06,Registered,3.0,Letter,First Time,International,SCH01,PRG0102,Hybrid,38
REG000008,STU00002,SEC00003,2024FA,SCH01,PRG0102,0102-150,01,2024-08-08,Registered,3.0,Pass Fail,First Time,International,SCH01,PRG0102,Hybrid,42
REG000009,STU00002,SEC00220,2025FA,SCH01,PRG0102,0102-200,02,2025-08-10,Registered,3.0,Pass Fail,First Time,International,SCH01,PRG0102,Online,25
REG000010,STU00002,SEC00219,2025FA,SCH01,PRG0102,0102-150,01,2025-08-11,Registered,3.0,Letter,First Time,International,SCH01,PRG0102,Online,38
REG000011,STU00002,SEC00147,2025SU,SCH01,PRG0102,0102-150,01,2025-04-27,Registered,3.0,Audit,First Time,International,SCH01,PRG0102,In Person,36
REG000012,STU00002,SEC00148,2025SU,SCH01,PRG0102,0102-200,02,2025-04-30,Registered,3.0,Letter,First Time,International,SCH01,PRG0102,Hybrid,26
REG000013,STU00002,SEC00076,2025WI,SCH01,PRG0102,0102-200,02,2024-12-15,Registered,3.0,Letter,First Time,International,SCH01,PRG0102,Online,25
REG000014,STU00002,SEC00075,2025WI,SCH01,PRG0102,0102-150,01,2024-12-11,Registered,3.0,Audit,First Time,International,SCH01,PRG0102,Hybrid,25
REG000015,STU00002,SEC00364,2026SU,SCH01,PRG0102,0102-200,02,2026-04-21,Registered,3.0,Letter,First Time,International,SCH01,PRG0102,In Person,32
REG000016,STU00002,SEC00363,2026SU,SCH01,PRG0102,0102-150,01,2026-05-02,Registered,3.0,Audit,First Time,International,SCH01,PRG0102,Hybrid,25
REG000017,STU00002,SEC00292,2026WI,SCH01,PRG0102,0102-200,02,2026-01-02,Registered,3.0,Letter,First Time,International,SCH01,PRG0102,In Person,34
REG000018,STU00002,SEC00291,2026WI,SCH01,PRG0102,0102-150,01,2025-12-08,Registered,3.0,Letter,First Time,International,SCH01,PRG0102,In Person,31
REG000019,STU00003,SEC00006,2024FA,SCH01,PRG0103,0103-200,02,2024-07-24,Registered,3.0,Audit,Graduate,In State,SCH01,PRG0103,Online,35
REG000020,STU00003,SEC00005,2024FA,SCH01,PRG0103,0103-150,01,2024-08-17,Registered,3.0,Audit,Graduate,In State,SCH01,PRG0103,In Person,39
REG000021,STU00003,SEC00221,2025FA,SCH01,PRG0103,0103-150,01,2025-07-24,Registered,3.0,Audit,Graduate,In State,SCH01,PRG0103,Online,27
REG000022,STU00003,SEC00222,2025FA,SCH01,PRG0103,0103-200,02,2025-07-31,Registered,3.0,Pass Fail,Graduate,In State,SCH01,PRG0103,Online,38
REG000023,STU00003,SEC00150,2025SU,SCH01,PRG0103,0103-200,02,2025-05-03,Registered,3.0,Audit,Graduate,In State,SCH01,PRG0103,Online,40
REG000024,STU00003,SEC00149,2025SU,SCH01,PRG0103,0103-150,01,2025-05-01,Registered,3.0,Audit,Graduate,In State,SCH01,PRG0103,Online,25
REG000025,STU00003,SEC00077,2025WI,SCH01,PRG0103,0103-150,01,2024-12-22,Registered,3.0,Pass Fail,Graduate,In State,SCH01,PRG0103,In Person,40
REG000026,STU00003,SEC00078,2025WI,SCH01,PRG0103,0103-200,02,2025-01-01,Withdrawn,3.0,Pass Fail,Graduate,In State,SCH01,PRG0103,Online,35
REG000027,STU00003,SEC00365,2026SU,SCH01,PRG0103,0103-150,01,2026-04-23,Registered,3.0,Pass Fail,Graduate,In State,SCH01,PRG0103,In Person,39
REG000028,STU00003,SEC00366,2026SU,SCH01,PRG0103,0103-200,02,2026-04-19,Withdrawn,3.0,Letter,Graduate,In State,SCH01,PRG0103,Hybrid,29
REG000029,STU00004,SEC00008,2024FA,SCH02,PRG0201,0201-200,02,2024-08-08,Dropped,0.0,Letter,Continuing,Out of State,SCH02,PRG0201,In Person,25
REG000030,STU00004,SEC00007,2024FA,SCH02,PRG0201,0201-150,01,2024-07-31,Registered,3.0,Letter,Continuing,Out of State,SCH02,PRG0201,Online,26
REG000031,STU00004,SEC00223,2025FA,SCH02,PRG0201,0201-150,01,2025-07-29,Registered,3.0,Pass Fail,Continuing,Out of State,SCH02,PRG0201,Hybrid,30
REG000032,STU00004,SEC00224,2025FA,SCH02,PRG0201,0201-200,02,2025-08-16,Registered,3.0,Letter,Continuing,Out of State,SCH02,PRG0201,Hybrid,41
REG000033,STU00004,SEC00079,2025WI,SCH02,PRG0201,0201-150,01,2024-12-27,Registered,3.0,Pass Fail,Continuing,Out of State,SCH02,PRG0201,Online,26
REG000034,STU00004,SEC00080,2025WI,SCH02,PRG0201,0201-200,02,2024-12-26,Registered,3.0,Audit,Continuing,Out of State,SCH02,PRG0201,Hybrid,32
REG000035,STU00004,SEC00367,2026SU,SCH02,PRG0201,0201-150,01,2026-04-19,Registered,3.0,Letter,Continuing,Out of State,SCH02,PRG0201,Online,26
REG000036,STU00004,SEC00368,2026SU,SCH02,PRG0201,0201-200,02,2026-04-14,Registered,3.0,Letter,Continuing,Out of State,SCH02,PRG0201,Online,33
REG000037,STU00005,SEC00009,2024FA,SCH02,PRG0202,0202-150,01,2024-08-08,Registered,3.0,Audit,First Time,In State,SCH02,PRG0202,In Person,29
REG000038,STU00005,SEC00010,2024FA,SCH02,PRG0202,0202-200,02,2024-08-09,Registered,3.0,Pass Fail,First Time,In State,SCH02,PRG0202,Hybrid,37
REG000039,STU00005,SEC00225,2025FA,SCH02,PRG0202,0202-150,01,2025-08-02,Registered,3.0,Letter,First Time,In State,SCH02,PRG0202,Hybrid,39
REG000040,STU00005,SEC00226,2025FA,SCH02,PRG0202,0202-200,02,2025-07-24,Registered,3.0,Pass Fail,First Time,In State,SCH02,PRG0202,In Person,31
REG000041,STU00005,SEC00153,2025SU,SCH02,PRG0202,0202-150,01,2025-04-29,Registered,3.0,Audit,First Time,In State,SCH02,PRG0202,Hybrid,29
REG000042,STU00005,SEC00154,2025SU,SCH02,PRG0202,0202-200,02,2025-04-16,Registered,3.0,Letter,First Time,In State,SCH02,PRG0202,Online,35
REG000043,STU00005,SEC00081,2025WI,SCH02,PRG0202,0202-150,01,2024-12-13,Registered,3.0,Audit,First Time,In State,SCH02,PRG0202,Hybrid,31
REG000044,STU00005,SEC00082,2025WI,SCH02,PRG0202,0202-200,02,2024-12-24,Registered,3.0,Audit,First Time,In State,SCH02,PRG0202,In Person,42
REG000045,STU00005,SEC00298,2026WI,SCH02,PRG0202,0202-200,02,2025-12-19,Withdrawn,3.0,Pass Fail,First Time,In State,SCH02,PRG0202,In Person,39
REG000046,STU00005,SEC00297,2026WI,SCH02,PRG0202,0202-150,01,2025-12-08,Registered,3.0,Audit,First Time,In State,SCH02,PRG0202,In Person,24
REG000047,STU00006,SEC00227,2025FA,SCH02,PRG0203,0203-150,01,2025-08-12,Registered,3.0,Pass Fail,Transfer,International,SCH02,PRG0203,Online,25
REG000048,STU00006,SEC00228,2025FA,SCH02,PRG0203,0203-200,02,2025-08-17,Registered,3.0,Audit,Transfer,International,SCH02,PRG0203,Online,35
REG000049,STU00006,SEC00084,2025WI,SCH02,PRG0203,0203-200,02,2024-12-24,Registered,3.0,Pass Fail,Transfer,International,SCH02,PRG0203,Online,28
REG000050,STU00006,SEC00083,2025WI,SCH02,PRG0203,0203-150,01,2024-12-30,Registered,3.0,Letter,Transfer,International,SCH02,PRG0203,Online,41
REG000051,STU00006,SEC00372,2026SU,SCH02,PRG0203,0203-200,02,2026-04-26,Registered,3.0,Audit,Transfer,International,SCH02,PRG0203,Hybrid,37
REG000052,STU00006,SEC00371,2026SU,SCH02,PRG0203,0203-150,01,2026-04-19,Registered,3.0,Audit,Transfer,International,SCH02,PRG0203,Hybrid,34
REG000053,STU00006,SEC00300,2026WI,SCH02,PRG0203,0203-200,02,2025-12-10,Registered,3.0,Pass Fail,Transfer,International,SCH02,PRG0203,Hybrid,35
REG000054,STU00006,SEC00299,2026WI,SCH02,PRG0203,0203-150,01,2025-12-10,Dropped,0.0,Audit,Transfer,International,SCH02,PRG0203,Hybrid,26
REG000055,STU00007,SEC00014,2024FA,SCH03,PRG0301,0301-200,02,2024-08-13,Registered,3.0,Audit,Continuing,International,SCH03,PRG0301,Online,35
REG000056,STU00007,SEC00013,2024FA,SCH03,PRG0301,0301-150,01,2024-08-05,Registered,3.0,Audit,Continuing,International,SCH03,PRG0301,Online,36
REG000057,STU00007,SEC00230,2025FA,SCH03,PRG0301,0301-200,02,2025-08-11,Registered,3.0,Letter,Continuing,International,SCH03,PRG0301,Hybrid,30
REG000058,STU00007,SEC00229,2025FA,SCH03,PRG0301,0301-150,01,2025-08-06,Registered,3.0,Letter,Continuing,International,SCH03,PRG0301,Hybrid,42
REG000059,STU00007,SEC00158,2025SU,SCH03,PRG0301,0301-200,02,2025-04-27,Registered,3.0,Audit,Continuing,International,SCH03,PRG0301,Hybrid,40
REG000060,STU00007,SEC00157,2025SU,SCH03,PRG0301,0301-150,01,2025-05-02,Registered,3.0,Letter,Continuing,International,SCH03,PRG0301,Hybrid,27
REG000061,STU00007,SEC00086,2025WI,SCH03,PRG0301,0301-200,02,2025-01-02,Registered,3.0,Audit,Continuing,International,SCH03,PRG0301,Hybrid,31
REG000062,STU00007,SEC00085,2025WI,SCH03,PRG0301,0301-150,01,2025-01-01,Registered,3.0,Pass Fail,Continuing,International,SCH03,PRG0301,Hybrid,41
REG000063,STU00007,SEC00373,2026SU,SCH03,PRG0301,0301-150,01,2026-04-16,Withdrawn,3.0,Audit,Continuing,International,SCH03,PRG0301,In Person,42
REG000064,STU00007,SEC00374,2026SU,SCH03,PRG0301,0301-200,02,2026-04-22,Registered,3.0,Letter,Continuing,International,SCH03,PRG0301,Hybrid,36
REG000065,STU00007,SEC00301,2026WI,SCH03,PRG0301,0301-150,01,2025-12-13,Withdrawn,3.0,Pass Fail,Continuing,International,SCH03,PRG0301,In Person,36
REG000066,STU00007,SEC00302,2026WI,SCH03,PRG0301,0301-200,02,2025-12-11,Registered,3.0,Audit,Continuing,International,SCH03,PRG0301,In Person,33
REG000067,STU00008,SEC00016,2024FA,SCH03,PRG0302,0302-200,02,2024-08-01,Registered,3.0,Pass Fail,Transfer,In State,SCH03,PRG0302,Hybrid,33
REG000068,STU00008,SEC00015,2024FA,SCH03,PRG0302,0302-150,01,2024-08-02,Registered,3.0,Letter,Transfer,In State,SCH03,PRG0302,Hybrid,26
REG000069,STU00008,SEC00232,2025FA,SCH03,PRG0302,0302-200,02,2025-08-16,Withdrawn,3.0,Audit,Transfer,In State,SCH03,PRG0302,Online,37
REG000070,STU00008,SEC00231,2025FA,SCH03,PRG0302,0302-150,01,2025-08-16,Registered,3.0,Audit,Transfer,In State,SCH03,PRG0302,Hybrid,29
REG000071,STU00008,SEC00159,2025SU,SCH03,PRG0302,0302-150,01,2025-04-29,Registered,3.0,Pass Fail,Transfer,In State,SCH03,PRG0302,Online,32
REG000072,STU00008,SEC00160,2025SU,SCH03,PRG0302,0302-200,02,2025-04-20,Registered,3.0,Pass Fail,Transfer,In State,SCH03,PRG0302,In Person,31
REG000073,STU00008,SEC00304,2026WI,SCH03,PRG0302,0302-200,02,2026-01-02,Registered,3.0,Letter,Transfer,In State,SCH03,PRG0302,In Person,34
REG000074,STU00008,SEC00303,2026WI,SCH03,PRG0302,0302-150,01,2026-01-02,Registered,3.0,Letter,Transfer,In State,SCH03,PRG0302,In Person,33
REG000075,STU00009,SEC00017,2024FA,SCH03,PRG0303,0303-150,01,2024-07-26,Registered,3.0,Audit,First Time,International,SCH03,PRG0303,Online,30
REG000076,STU00009,SEC00018,2024FA,SCH03,PRG0303,0303-200,02,2024-08-05,Registered,3.0,Letter,First Time,International,SCH03,PRG0303,Hybrid,28
REG000077,STU00009,SEC00234,2025FA,SCH03,PRG0303,0303-200,02,2025-08-14,Registered,3.0,Pass Fail,First Time,International,SCH03,PRG0303,Online,28
REG000078,STU00009,SEC00233,2025FA,SCH03,PRG0303,0303-150,01,2025-07-27,Registered,3.0,Audit,First Time,International,SCH03,PRG0303,In Person,26
REG000079,STU00009,SEC00162,2025SU,SCH03,PRG0303,0303-200,02,2025-04-08,Registered,3.0,Letter,First Time,International,SCH03,PRG0303,In Person,32
REG000080,STU00009,SEC00161,2025SU,SCH03,PRG0303,0303-150,01,2025-04-20,Registered,3.0,Audit,First Time,International,SCH03,PRG0303,Hybrid,25
REG000081,STU00009,SEC00089,2025WI,SCH03,PRG0303,0303-150,01,2024-12-26,Registered,3.0,Letter,First Time,International,SCH03,PRG0303,Hybrid,29
REG000082,STU00009,SEC00090,2025WI,SCH03,PRG0303,0303-200,02,2024-12-20,Registered,3.0,Pass Fail,First Time,International,SCH03,PRG0303,Online,24
REG000083,STU00009,SEC00378,2026SU,SCH03,PRG0303,0303-200,02,2026-04-20,Registered,3.0,Audit,First Time,International,SCH03,PRG0303,Online,27
REG000084,STU00009,SEC00377,2026SU,SCH03,PRG0303,0303-150,01,2026-05-03,Registered,3.0,Letter,First Time,International,SCH03,PRG0303,Hybrid,33
REG000085,STU00009,SEC00305,2026WI,SCH03,PRG0303,0303-150,01,2025-12-22,Registered,3.0,Letter,First Time,International,SCH03,PRG0303,In Person,24
REG000086,STU00009,SEC00306,2026WI,SCH03,PRG0303,0303-200,02,2025-12-16,Registered,3.0,Pass Fail,First Time,International,SCH03,PRG0303,Online,24
REG000087,STU00010,SEC00020,2024FA,SCH04,PRG0401,0401-200,02,2024-08-06,Registered,3.0,Audit,First Time,International,SCH04,PRG0401,Hybrid,35
REG000088,STU00010,SEC00019,2024FA,SCH04,PRG0401,0401-150,01,2024-08-12,Dropped,0.0,Letter,First Time,International,SCH04,PRG0401,Hybrid,39
REG000089,STU00010,SEC00235,2025FA,SCH04,PRG0401,0401-150,01,2025-08-14,Registered,3.0,Letter,First Time,International,SCH04,PRG0401,In Person,34
REG000090,STU00010,SEC00236,2025FA,SCH04,PRG0401,0401-200,02,2025-08-13,Registered,3.0,Letter,First Time,International,SCH04,PRG0401,In Person,34
REG000091,STU00010,SEC00164,2025SU,SCH04,PRG0401,0401-200,02,2025-04-16,Registered,3.0,Pass Fail,First Time,International,SCH04,PRG0401,Online,41
REG000092,STU00010,SEC00163,2025SU,SCH04,PRG0401,0401-150,01,2025-04-25,Registered,3.0,Audit,First Time,International,SCH04,PRG0401,In Person,40
REG000093,STU00010,SEC00091,2025WI,SCH04,PRG0401,0401-150,01,2024-12-18,Registered,3.0,Audit,First Time,International,SCH04,PRG0401,Online,25
REG000094,STU00010,SEC00092,2025WI,SCH04,PRG0401,0401-200,02,2025-01-02,Registered,3.0,Letter,First Time,International,SCH04,PRG0401,Hybrid,27
REG000095,STU00010,SEC00380,2026SU,SCH04,PRG0401,0401-200,02,2026-04-29,Registered,3.0,Pass Fail,First Time,International,SCH04,PRG0401,Hybrid,32
REG000096,STU00010,SEC00379,2026SU,SCH04,PRG0401,0401-150,01,2026-05-01,Registered,3.0,Pass Fail,First Time,International,SCH04,PRG0401,In Person,24
REG000097,STU00010,SEC00307,2026WI,SCH04,PRG0401,0401-150,01,2025-12-27,Registered,3.0,Letter,First Time,International,SCH04,PRG0401,In Person,37
REG000098,STU00010,SEC00308,2026WI,SCH04,PRG0401,0401-200,02,2025-12-21,Registered,3.0,Audit,First Time,International,SCH04,PRG0401,In Person,37
REG000099,STU00011,SEC00022,2024FA,SCH04,PRG0402,0402-200,02,2024-07-22,Registered,3.0,Audit,First Time,International,SCH04,PRG0402,Online,40
REG000100,STU00011,SEC00021,2024FA,SCH04,PRG0402,0402-150,01,2024-07-27,Registered,3.0,Audit,First Time,International,SCH04,PRG0402,Online,37
REG000101,STU00011,SEC00238,2025FA,SCH04,PRG0402,0402-200,02,2025-08-03,Registered,3.0,Letter,First Time,International,SCH04,PRG0402,Hybrid,30
REG000102,STU00011,SEC00237,2025FA,SCH04,PRG0402,0402-150,01,2025-08-06,Registered,3.0,Audit,First Time,International,SCH04,PRG0402,In Person,26
REG000103,STU00011,SEC00165,2025SU,SCH04,PRG0402,0402-150,01,2025-04-15,Registered,3.0,Pass Fail,First Time,International,SCH04,PRG0402,In Person,25
REG000104,STU00011,SEC00166,2025SU,SCH04,PRG0402,0402-200,02,2025-04-17,Registered,3.0,Letter,First Time,International,SCH04,PRG0402,In Person,34
REG000105,STU00011,SEC00093,2025WI,SCH04,PRG0402,0402-150,01,2024-12-09,Registered,3.0,Audit,First Time,International,SCH04,PRG0402,Hybrid,38
REG000106,STU00011,SEC00094,2025WI,SCH04,PRG0402,0402-200,02,2024-12-24,Registered,3.0,Letter,First Time,International,SCH04,PRG0402,In Person,34
REG000107,STU00011,SEC00382,2026SU,SCH04,PRG0402,0402-200,02,2026-04-17,Registered,3.0,Pass Fail,First Time,International,SCH04,PRG0402,Hybrid,34
REG000108,STU00011,SEC00381,2026SU,SCH04,PRG0402,0402-150,01,2026-04-17,Withdrawn,3.0,Letter,First Time,International,SCH04,PRG0402,Hybrid,27
REG000109,STU00011,SEC00309,2026WI,SCH04,PRG0402,0402-150,01,2025-12-17,Registered,3.0,Audit,First Time,International,SCH04,PRG0402,Hybrid,29
REG000110,STU00011,SEC00310,2026WI,SCH04,PRG0402,0402-200,02,2025-12-14,Registered,3.0,Audit,First Time,International,SCH04,PRG0402,Hybrid,34
REG000111,STU00012,SEC00023,2024FA,SCH04,PRG0403,0403-150,01,2024-08-07,Registered,3.0,Pass Fail,Transfer,Out of State,SCH04,PRG0403,In Person,36
REG000112,STU00012,SEC00024,2024FA,SCH04,PRG0403,0403-200,02,2024-08-15,Registered,3.0,Audit,Transfer,Out of State,SCH04,PRG0403,In Person,24
REG000113,STU00012,SEC00240,2025FA,SCH04,PRG0403,0403-200,02,2025-08-16,Registered,3.0,Letter,Transfer,Out of State,SCH04,PRG0403,Online,37
REG000114,STU00012,SEC00239,2025FA,SCH04,PRG0403,0403-150,01,2025-07-29,Registered,3.0,Audit,Transfer,Out of State,SCH04,PRG0403,Hybrid,41
REG000115,STU00012,SEC00168,2025SU,SCH04,PRG0403,0403-200,02,2025-05-01,Registered,3.0,Audit,Transfer,Out of State,SCH04,PRG0403,Online,38
REG000116,STU00012,SEC00167,2025SU,SCH04,PRG0403,0403-150,01,2025-05-02,Registered,3.0,Pass Fail,Transfer,Out of State,SCH04,PRG0403,Hybrid,39
REG000117,STU00012,SEC00096,2025WI,SCH04,PRG0403,0403-200,02,2024-12-16,Registered,3.0,Pass Fail,Transfer,Out of State,SCH04,PRG0403,In Person,41
REG000118,STU00012,SEC00095,2025WI,SCH04,PRG0403,0403-150,01,2024-12-11,Registered,3.0,Pass Fail,Transfer,Out of State,SCH04,PRG0403,In Person,35
REG000119,STU00012,SEC00311,2026WI,SCH04,PRG0403,0403-150,01,2025-12-15,Registered,3.0,Pass Fail,Transfer,Out of State,SCH04,PRG0403,Hybrid,27
REG000120,STU00012,SEC00312,2026WI,SCH04,PRG0403,0403-200,02,2025-12-25,Registered,3.0,Audit,Transfer,Out of State,SCH04,PRG0403,Online,31
REG000121,STU00013,SEC00026,2024FA,SCH05,PRG0501,0501-200,02,2024-08-03,Registered,3.0,Letter,Continuing,In State,SCH05,PRG0501,Online,41
REG000122,STU00013,SEC00025,2024FA,SCH05,PRG0501,0501-150,01,2024-08-09,Registered,3.0,Pass Fail,Continuing,In State,SCH05,PRG0501,In Person,30
REG000123,STU00013,SEC00242,2025FA,SCH05,PRG0501,0501-200,02,2025-07-22,Registered,3.0,Letter,Continuing,In State,SCH05,PRG0501,Online,41
REG000124,STU00013,SEC00241,2025FA,SCH05,PRG0501,0501-150,01,2025-07-31,Registered,3.0,Pass Fail,Continuing,In State,SCH05,PRG0501,Hybrid,42
REG000125,STU00013,SEC00098,2025WI,SCH05,PRG0501,0501-200,02,2024-12-13,Registered,3.0,Audit,Continuing,In State,SCH05,PRG0501,Hybrid,39
REG000126,STU00013,SEC00097,2025WI,SCH05,PRG0501,0501-150,01,2024-12-31,Registered,3.0,Audit,Continuing,In State,SCH05,PRG0501,Online,27
REG000127,STU00013,SEC00385,2026SU,SCH05,PRG0501,0501-150,01,2026-04-12,Registered,3.0,Pass Fail,Continuing,In State,SCH05,PRG0501,Online,42
REG000128,STU00013,SEC00386,2026SU,SCH05,PRG0501,0501-200,02,2026-04-20,Registered,3.0,Pass Fail,Continuing,In State,SCH05,PRG0501,In Person,36
REG000129,STU00014,SEC00244,2025FA,SCH05,PRG0502,0502-200,02,2025-07-28,Registered,3.0,Pass Fail,Transfer,International,SCH05,PRG0502,Hybrid,38
REG000130,STU00014,SEC00243,2025FA,SCH05,PRG0502,0502-150,01,2025-08-15,Registered,3.0,Pass Fail,Transfer,International,SCH05,PRG0502,In Person,29
REG000131,STU00014,SEC00172,2025SU,SCH05,PRG0502,0502-200,02,2025-04-18,Registered,3.0,Letter,Transfer,International,SCH05,PRG0502,Online,28
REG000132,STU00014,SEC00171,2025SU,SCH05,PRG0502,0502-150,01,2025-04-11,Registered,3.0,Letter,Transfer,International,SCH05,PRG0502,Hybrid,38
REG000133,STU00014,SEC00099,2025WI,SCH05,PRG0502,0502-150,01,2025-01-01,Registered,3.0,Pass Fail,Transfer,International,SCH05,PRG0502,Online,41
REG000134,STU00014,SEC00100,2025WI,SCH05,PRG0502,0502-200,02,2024-12-25,Dropped,0.0,Audit,Transfer,International,SCH05,PRG0502,Hybrid,33
REG000135,STU00014,SEC00315,2026WI,SCH05,PRG0502,0502-150,01,2025-12-27,Registered,3.0,Audit,Transfer,International,SCH05,PRG0502,Online,27
REG000136,STU00014,SEC00316,2026WI,SCH05,PRG0502,0502-200,02,2025-12-25,Dropped,0.0,Letter,Transfer,International,SCH05,PRG0502,Online,33
REG000137,STU00015,SEC00029,2024FA,SCH05,PRG0503,0503-150,01,2024-08-12,Registered,3.0,Letter,Continuing,In State,SCH05,PRG0503,In Person,27
REG000138,STU00015,SEC00030,2024FA,SCH05,PRG0503,0503-200,02,2024-08-10,Registered,3.0,Pass Fail,Continuing,In State,SCH05,PRG0503,In Person,33
REG000139,STU00015,SEC00245,2025FA,SCH05,PRG0503,0503-150,01,2025-08-06,Registered,3.0,Audit,Continuing,In State,SCH05,PRG0503,In Person,42
REG000140,STU00015,SEC00246,2025FA,SCH05,PRG0503,0503-200,02,2025-08-14,Registered,3.0,Audit,Continuing,In State,SCH05,PRG0503,In Person,24
REG000141,STU00015,SEC00174,2025SU,SCH05,PRG0503,0503-200,02,2025-04-17,Registered,3.0,Audit,Continuing,In State,SCH05,PRG0503,Online,41
REG000142,STU00015,SEC00173,2025SU,SCH05,PRG0503,0503-150,01,2025-04-12,Registered,3.0,Audit,Continuing,In State,SCH05,PRG0503,Online,26
REG000143,STU00015,SEC00317,2026WI,SCH05,PRG0503,0503-150,01,2026-01-03,Registered,3.0,Audit,Continuing,In State,SCH05,PRG0503,Online,27
REG000144,STU00015,SEC00318,2026WI,SCH05,PRG0503,0503-200,02,2026-01-01,Dropped,0.0,Letter,Continuing,In State,SCH05,PRG0503,Hybrid,27
REG000145,STU00016,SEC00031,2024FA,SCH06,PRG0601,0601-150,01,2024-08-02,Registered,3.0,Pass Fail,First Time,In State,SCH06,PRG0601,Online,36
REG000146,STU00016,SEC00032,2024FA,SCH06,PRG0601,0601-200,02,2024-08-06,Registered,3.0,Audit,First Time,In State,SCH06,PRG0601,Hybrid,31
REG000147,STU00016,SEC00175,2025SU,SCH06,PRG0601,0601-150,01,2025-04-19,Registered,3.0,Audit,First Time,In State,SCH06,PRG0601,Hybrid,24
REG000148,STU00016,SEC00176,2025SU,SCH06,PRG0601,0601-200,02,2025-04-28,Registered,3.0,Audit,First Time,In State,SCH06,PRG0601,Hybrid,36
REG000149,STU00016,SEC00392,2026SU,SCH06,PRG0601,0601-200,02,2026-05-02,Registered,3.0,Letter,First Time,In State,SCH06,PRG0601,Hybrid,26
REG000150,STU00016,SEC00391,2026SU,SCH06,PRG0601,0601-150,01,2026-04-12,Registered,3.0,Pass Fail,First Time,In State,SCH06,PRG0601,Hybrid,26
REG000151,STU00017,SEC00033,2024FA,SCH06,PRG0602,0602-150,01,2024-08-12,Dropped,0.0,Letter,First Time,In State,SCH06,PRG0602,Hybrid,41
REG000152,STU00017,SEC00034,2024FA,SCH06,PRG0602,0602-200,02,2024-08-12,Registered,3.0,Audit,First Time,In State,SCH06,PRG0602,In Person,35
REG000153,STU00017,SEC00249,2025FA,SCH06,PRG0602,0602-150,01,2025-07-21,Registered,3.0,Audit,First Time,In State,SCH06,PRG0602,Hybrid,30
REG000154,STU00017,SEC00250,2025FA,SCH06,PRG0602,0602-200,02,2025-08-15,Registered,3.0,Letter,First Time,In State,SCH06,PRG0602,Online,33
REG000155,STU00017,SEC00177,2025SU,SCH06,PRG0602,0602-150,01,2025-05-01,Registered,3.0,Pass Fail,First Time,In State,SCH06,PRG0602,Online,24
REG000156,STU00017,SEC00178,2025SU,SCH06,PRG0602,0602-200,02,2025-04-20,Dropped,0.0,Pass Fail,First Time,In State,SCH06,PRG0602,In Person,33
REG000157,STU00017,SEC00106,2025WI,SCH06,PRG0602,0602-200,02,2024-12-26,Registered,3.0,Audit,First Time,In State,SCH06,PRG0602,Hybrid,36
REG000158,STU00017,SEC00105,2025WI,SCH06,PRG0602,0602-150,01,2024-12-19,Registered,3.0,Pass Fail,First Time,In State,SCH06,PRG0602,Hybrid,25
REG000159,STU00017,SEC00393,2026SU,SCH06,PRG0602,0602-150,01,2026-04-14,Registered,3.0,Audit,First Time,In State,SCH06,PRG0602,Online,40
REG000160,STU00017,SEC00394,2026SU,SCH06,PRG0602,0602-200,02,2026-04-19,Registered,3.0,Audit,First Time,In State,SCH06,PRG0602,In Person,24
REG000161,STU00017,SEC00322,2026WI,SCH06,PRG0602,0602-200,02,2025-12-08,Registered,3.0,Letter,First Time,In State,SCH06,PRG0602,Online,24
REG000162,STU00017,SEC00321,2026WI,SCH06,PRG0602,0602-150,01,2025-12-25,Registered,3.0,Audit,First Time,In State,SCH06,PRG0602,Hybrid,40
REG000163,STU00018,SEC00035,2024FA,SCH06,PRG0603,0603-150,01,2024-08-07,Registered,3.0,Pass Fail,Graduate,In State,SCH06,PRG0603,Hybrid,39
REG000164,STU00018,SEC00036,2024FA,SCH06,PRG0603,0603-200,02,2024-07-25,Registered,3.0,Letter,Graduate,In State,SCH06,PRG0603,In Person,24
REG000165,STU00018,SEC00252,2025FA,SCH06,PRG0603,0603-200,02,2025-08-04,Dropped,0.0,Letter,Graduate,In State,SCH06,PRG0603,Online,35
REG000166,STU00018,SEC00251,2025FA,SCH06,PRG0603,0603-150,01,2025-07-24,Registered,3.0,Pass Fail,Graduate,In State,SCH06,PRG0603,Hybrid,33
REG000167,STU00018,SEC00180,2025SU,SCH06,PRG0603,0603-200,02,2025-04-17,Registered,3.0,Audit,Graduate,In State,SCH06,PRG0603,Online,34
REG000168,STU00018,SEC00179,2025SU,SCH06,PRG0603,0603-150,01,2025-04-15,Registered,3.0,Audit,Graduate,In State,SCH06,PRG0603,Hybrid,38
REG000169,STU00018,SEC00107,2025WI,SCH06,PRG0603,0603-150,01,2025-01-03,Registered,3.0,Pass Fail,Graduate,In State,SCH06,PRG0603,In Person,31
REG000170,STU00018,SEC00108,2025WI,SCH06,PRG0603,0603-200,02,2024-12-30,Registered,3.0,Letter,Graduate,In State,SCH06,PRG0603,In Person,32
REG000171,STU00018,SEC00395,2026SU,SCH06,PRG0603,0603-150,01,2026-04-08,Dropped,0.0,Pass Fail,Graduate,In State,SCH06,PRG0603,Hybrid,42
REG000172,STU00018,SEC00396,2026SU,SCH06,PRG0603,0603-200,02,2026-04-27,Registered,3.0,Pass Fail,Graduate,In State,SCH06,PRG0603,Hybrid,30
REG000173,STU00018,SEC00323,2026WI,SCH06,PRG0603,0603-150,01,2025-12-09,Registered,3.0,Pass Fail,Graduate,In State,SCH06,PRG0603,Online,37
REG000174,STU00018,SEC00324,2026WI,SCH06,PRG0603,0603-200,02,2025-12-11,Registered,3.0,Pass Fail,Graduate,In State,SCH06,PRG0603,Hybrid,28
REG000175,STU00019,SEC00037,2024FA,SCH07,PRG0701,0701-150,01,2024-08-11,Registered,3.0,Pass Fail,First Time,Out of State,SCH07,PRG0701,Hybrid,41
REG000176,STU00019,SEC00038,2024FA,SCH07,PRG0701,0701-200,02,2024-07-24,Registered,3.0,Pass Fail,First Time,Out of State,SCH07,PRG0701,In Person,42
REG000177,STU00019,SEC00254,2025FA,SCH07,PRG0701,0701-200,02,2025-07-27,Registered,3.0,Pass Fail,First Time,Out of State,SCH07,PRG0701,In Person,25
REG000178,STU00019,SEC00253,2025FA,SCH07,PRG0701,0701-150,01,2025-08-13,Registered,3.0,Pass Fail,First Time,Out of State,SCH07,PRG0701,In Person,26
REG000179,STU00019,SEC00181,2025SU,SCH07,PRG0701,0701-150,01,2025-04-12,Registered,3.0,Pass Fail,First Time,Out of State,SCH07,PRG0701,Hybrid,40
REG000180,STU00019,SEC00182,2025SU,SCH07,PRG0701,0701-200,02,2025-05-04,Registered,3.0,Pass Fail,First Time,Out of State,SCH07,PRG0701,Hybrid,41
REG000181,STU00019,SEC00109,2025WI,SCH07,PRG0701,0701-150,01,2024-12-19,Dropped,0.0,Audit,First Time,Out of State,SCH07,PRG0701,Online,28
REG000182,STU00019,SEC00110,2025WI,SCH07,PRG0701,0701-200,02,2024-12-23,Registered,3.0,Letter,First Time,Out of State,SCH07,PRG0701,Hybrid,28
REG000183,STU00019,SEC00398,2026SU,SCH07,PRG0701,0701-200,02,2026-04-06,Registered,3.0,Audit,First Time,Out of State,SCH07,PRG0701,In Person,34
REG000184,STU00019,SEC00397,2026SU,SCH07,PRG0701,0701-150,01,2026-04-08,Withdrawn,3.0,Audit,First Time,Out of State,SCH07,PRG0701,In Person,24
REG000185,STU00019,SEC00326,2026WI,SCH07,PRG0701,0701-200,02,2025-12-08,Registered,3.0,Pass Fail,First Time,Out of State,SCH07,PRG0701,In Person,25
REG000186,STU00019,SEC00325,2026WI,SCH07,PRG0701,0701-150,01,2025-12-09,Registered,3.0,Letter,First Time,Out of State,SCH07,PRG0701,In Person,36
REG000187,STU00020,SEC00040,2024FA,SCH07,PRG0702,0702-200,02,2024-08-13,Registered,3.0,Letter,First Time,Out of State,SCH07,PRG0702,In Person,26
REG000188,STU00020,SEC00039,2024FA,SCH07,PRG0702,0702-150,01,2024-08-17,Registered,3.0,Audit,First Time,Out of State,SCH07,PRG0702,Online,26
REG000189,STU00020,SEC00255,2025FA,SCH07,PRG0702,0702-150,01,2025-08-16,Registered,3.0,Audit,First Time,Out of State,SCH07,PRG0702,In Person,25
REG000190,STU00020,SEC00256,2025FA,SCH07,PRG0702,0702-200,02,2025-07-28,Registered,3.0,Audit,First Time,Out of State,SCH07,PRG0702,In Person,36
REG000191,STU00020,SEC00183,2025SU,SCH07,PRG0702,0702-150,01,2025-04-10,Registered,3.0,Audit,First Time,Out of State,SCH07,PRG0702,Hybrid,36
REG000192,STU00020,SEC00184,2025SU,SCH07,PRG0702,0702-200,02,2025-04-27,Registered,3.0,Pass Fail,First Time,Out of State,SCH07,PRG0702,Hybrid,41
REG000193,STU00020,SEC00111,2025WI,SCH07,PRG0702,0702-150,01,2025-01-03,Registered,3.0,Pass Fail,First Time,Out of State,SCH07,PRG0702,In Person,26
REG000194,STU00020,SEC00112,2025WI,SCH07,PRG0702,0702-200,02,2024-12-31,Registered,3.0,Letter,First Time,Out of State,SCH07,PRG0702,Online,40
REG000195,STU00020,SEC00399,2026SU,SCH07,PRG0702,0702-150,01,2026-04-28,Registered,3.0,Letter,First Time,Out of State,SCH07,PRG0702,Hybrid,37
REG000196,STU00020,SEC00400,2026SU,SCH07,PRG0702,0702-200,02,2026-04-22,Registered,3.0,Audit,First Time,Out of State,SCH07,PRG0702,Online,29
REG000197,STU00020,SEC00328,2026WI,SCH07,PRG0702,0702-200,02,2025-12-09,Registered,3.0,Letter,First Time,Out of State,SCH07,PRG0702,In Person,32
REG000198,STU00020,SEC00327,2026WI,SCH07,PRG0702,0702-150,01,2025-12-25,Registered,3.0,Audit,First Time,Out of State,SCH07,PRG0702,In Person,30
REG000199,STU00021,SEC00185,2025SU,SCH07,PRG0703,0703-150,01,2025-04-27,Registered,3.0,Letter,Transfer,Out of State,SCH07,PRG0703,In Person,36
REG000200,STU00021,SEC00186,2025SU,SCH07,PRG0703,0703-200,02,2025-05-01,Registered,3.0,Pass Fail,Transfer,Out of State,SCH07,PRG0703,In Person,42
REG000201,STU00021,SEC00114,2025WI,SCH07,PRG0703,0703-200,02,2024-12-13,Withdrawn,3.0,Pass Fail,Transfer,Out of State,SCH07,PRG0703,Hybrid,26
REG000202,STU00021,SEC00113,2025WI,SCH07,PRG0703,0703-150,01,2024-12-09,Dropped,0.0,Pass Fail,Transfer,Out of State,SCH07,PRG0703,Hybrid,26
REG000203,STU00021,SEC00329,2026WI,SCH07,PRG0703,0703-150,01,2025-12-28,Registered,3.0,Audit,Transfer,Out of State,SCH07,PRG0703,In Person,40
REG000204,STU00021,SEC00330,2026WI,SCH07,PRG0703,0703-200,02,2025-12-20,Registered,3.0,Audit,Transfer,Out of State,SCH07,PRG0703,Online,38
REG000205,STU00022,SEC00187,2025SU,SCH08,PRG0801,0801-150,01,2025-04-20,Registered,3.0,Audit,First Time,International,SCH08,PRG0801,Hybrid,34
REG000206,STU00022,SEC00188,2025SU,SCH08,PRG0801,0801-200,02,2025-04-12,Registered,3.0,Pass Fail,First Time,International,SCH08,PRG0801,Online,41
REG000207,STU00022,SEC00116,2025WI,SCH08,PRG0801,0801-200,02,2025-01-05,Registered,3.0,Pass Fail,First Time,International,SCH08,PRG0801,Online,34
REG000208,STU00022,SEC00115,2025WI,SCH08,PRG0801,0801-150,01,2024-12-15,Registered,3.0,Audit,First Time,International,SCH08,PRG0801,Online,28
REG000209,STU00022,SEC00404,2026SU,SCH08,PRG0801,0801-200,02,2026-04-12,Registered,3.0,Pass Fail,First Time,International,SCH08,PRG0801,Online,29
REG000210,STU00022,SEC00403,2026SU,SCH08,PRG0801,0801-150,01,2026-04-29,Registered,3.0,Letter,First Time,International,SCH08,PRG0801,Hybrid,35
REG000211,STU00022,SEC00332,2026WI,SCH08,PRG0801,0801-200,02,2025-12-10,Registered,3.0,Audit,First Time,International,SCH08,PRG0801,In Person,27
REG000212,STU00022,SEC00331,2026WI,SCH08,PRG0801,0801-150,01,2025-12-29,Registered,3.0,Pass Fail,First Time,International,SCH08,PRG0801,Online,33
REG000213,STU00023,SEC00262,2025FA,SCH08,PRG0802,0802-200,02,2025-08-12,Registered,3.0,Letter,Continuing,International,SCH08,PRG0802,Hybrid,24
REG000214,STU00023,SEC00261,2025FA,SCH08,PRG0802,0802-150,01,2025-08-12,Registered,3.0,Pass Fail,Continuing,International,SCH08,PRG0802,Online,38
REG000215,STU00023,SEC00189,2025SU,SCH08,PRG0802,0802-150,01,2025-04-23,Registered,3.0,Letter,Continuing,International,SCH08,PRG0802,Hybrid,40
REG000216,STU00023,SEC00190,2025SU,SCH08,PRG0802,0802-200,02,2025-04-24,Registered,3.0,Letter,Continuing,International,SCH08,PRG0802,Hybrid,29
REG000217,STU00023,SEC00117,2025WI,SCH08,PRG0802,0802-150,01,2024-12-17,Registered,3.0,Pass Fail,Continuing,International,SCH08,PRG0802,Hybrid,37
REG000218,STU00023,SEC00118,2025WI,SCH08,PRG0802,0802-200,02,2024-12-12,Registered,3.0,Letter,Continuing,International,SCH08,PRG0802,Online,38
REG000219,STU00023,SEC00405,2026SU,SCH08,PRG0802,0802-150,01,2026-04-30,Dropped,0.0,Pass Fail,Continuing,International,SCH08,PRG0802,Hybrid,25
REG000220,STU00023,SEC00406,2026SU,SCH08,PRG0802,0802-200,02,2026-05-01,Registered,3.0,Pass Fail,Continuing,International,SCH08,PRG0802,Online,30
REG000221,STU00023,SEC00333,2026WI,SCH08,PRG0802,0802-150,01,2025-12-25,Registered,3.0,Audit,Continuing,International,SCH08,PRG0802,Online,29
REG000222,STU00023,SEC00334,2026WI,SCH08,PRG0802,0802-200,02,2025-12-29,Registered,3.0,Pass Fail,Continuing,International,SCH08,PRG0802,Online,42
REG000223,STU00024,SEC00264,2025FA,SCH08,PRG0803,0803-200,02,2025-07-25,Registered,3.0,Audit,First Time,International,SCH08,PRG0803,In Person,32
REG000224,STU00024,SEC00263,2025FA,SCH08,PRG0803,0803-150,01,2025-08-05,Withdrawn,3.0,Audit,First Time,International,SCH08,PRG0803,Online,37
REG000225,STU00024,SEC00191,2025SU,SCH08,PRG0803,0803-150,01,2025-05-02,Registered,3.0,Audit,First Time,International,SCH08,PRG0803,Online,36
REG000226,STU00024,SEC00192,2025SU,SCH08,PRG0803,0803-200,02,2025-04-08,Registered,3.0,Audit,First Time,International,SCH08,PRG0803,Online,30
REG000227,STU00024,SEC00119,2025WI,SCH08,PRG0803,0803-150,01,2024-12-10,Registered,3.0,Pass Fail,First Time,International,SCH08,PRG0803,Hybrid,28
REG000228,STU00024,SEC00120,2025WI,SCH08,PRG0803,0803-200,02,2024-12-30,Registered,3.0,Pass Fail,First Time,International,SCH08,PRG0803,Hybrid,36
REG000229,STU00024,SEC00335,2026WI,SCH08,PRG0803,0803-150,01,2025-12-15,Registered,3.0,Letter,First Time,International,SCH08,PRG0803,Hybrid,24
REG000230,STU00024,SEC00336,2026WI,SCH08,PRG0803,0803-200,02,2025-12-08,Registered,3.0,Audit,First Time,International,SCH08,PRG0803,Online,38
REG000231,STU00025,SEC00050,2024FA,SCH09,PRG0901,0901-200,02,2024-08-10,Registered,3.0,Letter,Continuing,In State,SCH09,PRG0901,Online,26
REG000232,STU00025,SEC00049,2024FA,SCH09,PRG0901,0901-150,01,2024-08-13,Withdrawn,3.0,Pass Fail,Continuing,In State,SCH09,PRG0901,In Person,31
REG000233,STU00025,SEC00265,2025FA,SCH09,PRG0901,0901-150,01,2025-07-28,Registered,3.0,Audit,Continuing,In State,SCH09,PRG0901,In Person,40
REG000234,STU00025,SEC00266,2025FA,SCH09,PRG0901,0901-200,02,2025-08-13,Registered,3.0,Audit,Continuing,In State,SCH09,PRG0901,In Person,42
REG000235,STU00025,SEC00193,2025SU,SCH09,PRG0901,0901-150,01,2025-04-23,Registered,3.0,Pass Fail,Continuing,In State,SCH09,PRG0901,Online,30
REG000236,STU00025,SEC00194,2025SU,SCH09,PRG0901,0901-200,02,2025-04-15,Registered,3.0,Audit,Continuing,In State,SCH09,PRG0901,Hybrid,25
REG000237,STU00026,SEC00051,2024FA,SCH09,PRG0902,0902-150,01,2024-08-09,Registered,3.0,Pass Fail,Graduate,Out of State,SCH09,PRG0902,Hybrid,31
REG000238,STU00026,SEC00052,2024FA,SCH09,PRG0902,0902-200,02,2024-08-10,Registered,3.0,Pass Fail,Graduate,Out of State,SCH09,PRG0902,Online,35
REG000239,STU00026,SEC00267,2025FA,SCH09,PRG0902,0902-150,01,2025-08-02,Registered,3.0,Letter,Graduate,Out of State,SCH09,PRG0902,In Person,37
REG000240,STU00026,SEC00268,2025FA,SCH09,PRG0902,0902-200,02,2025-07-31,Registered,3.0,Letter,Graduate,Out of State,SCH09,PRG0902,Hybrid,25
REG000241,STU00026,SEC00195,2025SU,SCH09,PRG0902,0902-150,01,2025-04-24,Dropped,0.0,Pass Fail,Graduate,Out of State,SCH09,PRG0902,Hybrid,24
REG000242,STU00026,SEC00196,2025SU,SCH09,PRG0902,0902-200,02,2025-04-25,Registered,3.0,Letter,Graduate,Out of State,SCH09,PRG0902,In Person,34
REG000243,STU00026,SEC00123,2025WI,SCH09,PRG0902,0902-150,01,2024-12-18,Registered,3.0,Letter,Graduate,Out of State,SCH09,PRG0902,Hybrid,34
REG000244,STU00026,SEC00124,2025WI,SCH09,PRG0902,0902-200,02,2025-01-05,Registered,3.0,Pass Fail,Graduate,Out of State,SCH09,PRG0902,Online,42
REG000245,STU00026,SEC00412,2026SU,SCH09,PRG0902,0902-200,02,2026-04-10,Registered,3.0,Audit,Graduate,Out of State,SCH09,PRG0902,Hybrid,37
REG000246,STU00026,SEC00411,2026SU,SCH09,PRG0902,0902-150,01,2026-04-26,Registered,3.0,Letter,Graduate,Out of State,SCH09,PRG0902,Online,31
REG000247,STU00026,SEC00339,2026WI,SCH09,PRG0902,0902-150,01,2025-12-24,Registered,3.0,Audit,Graduate,Out of State,SCH09,PRG0902,Hybrid,37
REG000248,STU00026,SEC00340,2026WI,SCH09,PRG0902,0902-200,02,2025-12-21,Registered,3.0,Pass Fail,Graduate,Out of State,SCH09,PRG0902,In Person,27
REG000249,STU00027,SEC00054,2024FA,SCH09,PRG0903,0903-200,02,2024-08-01,Registered,3.0,Audit,First Time,International,SCH09,PRG0903,Hybrid,35
REG000250,STU00027,SEC00053,2024FA,SCH09,PRG0903,0903-150,01,2024-08-11,Registered,3.0,Letter,First Time,International,SCH09,PRG0903,In Person,37
REG000251,STU00027,SEC00270,2025FA,SCH09,PRG0903,0903-200,02,2025-07-26,Registered,3.0,Audit,First Time,International,SCH09,PRG0903,Hybrid,42
REG000252,STU00027,SEC00269,2025FA,SCH09,PRG0903,0903-150,01,2025-08-16,Dropped,0.0,Letter,First Time,International,SCH09,PRG0903,Hybrid,42
REG000253,STU00027,SEC00198,2025SU,SCH09,PRG0903,0903-200,02,2025-04-20,Registered,3.0,Audit,First Time,International,SCH09,PRG0903,In Person,27
REG000254,STU00027,SEC00197,2025SU,SCH09,PRG0903,0903-150,01,2025-04-23,Registered,3.0,Audit,First Time,International,SCH09,PRG0903,In Person,31
REG000255,STU00027,SEC00126,2025WI,SCH09,PRG0903,0903-200,02,2024-12-26,Registered,3.0,Pass Fail,First Time,International,SCH09,PRG0903,Hybrid,33
REG000256,STU00027,SEC00125,2025WI,SCH09,PRG0903,0903-150,01,2024-12-18,Registered,3.0,Pass Fail,First Time,International,SCH09,PRG0903,In Person,41
REG000257,STU00027,SEC00341,2026WI,SCH09,PRG0903,0903-150,01,2025-12-10,Registered,3.0,Pass Fail,First Time,International,SCH09,PRG0903,Hybrid,42
REG000258,STU00027,SEC00342,2026WI,SCH09,PRG0903,0903-200,02,2025-12-20,Registered,3.0,Letter,First Time,International,SCH09,PRG0903,In Person,34
REG000259,STU00028,SEC00056,2024FA,SCH10,PRG1001,1001-200,02,2024-08-02,Registered,3.0,Letter,Transfer,International,SCH10,PRG1001,Hybrid,40
REG000260,STU00028,SEC00055,2024FA,SCH10,PRG1001,1001-150,01,2024-07-23,Registered,3.0,Audit,Transfer,International,SCH10,PRG1001,Hybrid,40
REG000261,STU00028,SEC00272,2025FA,SCH10,PRG1001,1001-200,02,2025-08-02,Registered,3.0,Letter,Transfer,International,SCH10,PRG1001,In Person,30
REG000262,STU00028,SEC00271,2025FA,SCH10,PRG1001,1001-150,01,2025-07-22,Registered,3.0,Letter,Transfer,International,SCH10,PRG1001,Hybrid,41
REG000263,STU00028,SEC00199,2025SU,SCH10,PRG1001,1001-150,01,2025-04-22,Registered,3.0,Letter,Transfer,International,SCH10,PRG1001,Hybrid,37
REG000264,STU00028,SEC00200,2025SU,SCH10,PRG1001,1001-200,02,2025-04-22,Registered,3.0,Letter,Transfer,International,SCH10,PRG1001,Hybrid,40
REG000265,STU00028,SEC00127,2025WI,SCH10,PRG1001,1001-150,01,2024-12-26,Withdrawn,3.0,Letter,Transfer,International,SCH10,PRG1001,Hybrid,42
REG000266,STU00028,SEC00128,2025WI,SCH10,PRG1001,1001-200,02,2024-12-21,Dropped,0.0,Letter,Transfer,International,SCH10,PRG1001,In Person,38
REG000267,STU00028,SEC00415,2026SU,SCH10,PRG1001,1001-150,01,2026-04-21,Registered,3.0,Letter,Transfer,International,SCH10,PRG1001,In Person,26
REG000268,STU00028,SEC00416,2026SU,SCH10,PRG1001,1001-200,02,2026-04-10,Registered,3.0,Letter,Transfer,International,SCH10,PRG1001,Online,32
REG000269,STU00028,SEC00343,2026WI,SCH10,PRG1001,1001-150,01,2025-12-25,Registered,3.0,Letter,Transfer,International,SCH10,PRG1001,Online,26
REG000270,STU00028,SEC00344,2026WI,SCH10,PRG1001,1001-200,02,2025-12-16,Registered,3.0,Audit,Transfer,International,SCH10,PRG1001,Hybrid,32
REG000271,STU00029,SEC00057,2024FA,SCH10,PRG1002,1002-150,01,2024-08-11,Registered,3.0,Pass Fail,Continuing,In State,SCH10,PRG1002,Hybrid,35
REG000272,STU00029,SEC00058,2024FA,SCH10,PRG1002,1002-200,02,2024-07-26,Registered,3.0,Letter,Continuing,In State,SCH10,PRG1002,Online,35
REG000273,STU00029,SEC00274,2025FA,SCH10,PRG1002,1002-200,02,2025-08-14,Registered,3.0,Letter,Continuing,In State,SCH10,PRG1002,In Person,34
REG000274,STU00029,SEC00273,2025FA,SCH10,PRG1002,1002-150,01,2025-08-13,Registered,3.0,Letter,Continuing,In State,SCH10,PRG1002,Hybrid,25
REG000275,STU00029,SEC00418,2026SU,SCH10,PRG1002,1002-200,02,2026-04-25,Registered,3.0,Audit,Continuing,In State,SCH10,PRG1002,Online,25
REG000276,STU00029,SEC00417,2026SU,SCH10,PRG1002,1002-150,01,2026-04-24,Registered,3.0,Letter,Continuing,In State,SCH10,PRG1002,Hybrid,25
REG000277,STU00029,SEC00345,2026WI,SCH10,PRG1002,1002-150,01,2025-12-23,Registered,3.0,Audit,Continuing,In State,SCH10,PRG1002,Online,35
REG000278,STU00029,SEC00346,2026WI,SCH10,PRG1002,1002-200,02,2025-12-18,Registered,3.0,Audit,Continuing,In State,SCH10,PRG1002,Hybrid,29
REG000279,STU00030,SEC00060,2024FA,SCH10,PRG1003,1003-200,02,2024-08-06,Dropped,0.0,Pass Fail,Transfer,Out of State,SCH10,PRG1003,In Person,24
REG000280,STU00030,SEC00059,2024FA,SCH10,PRG1003,1003-150,01,2024-08-11,Registered,3.0,Pass Fail,Transfer,Out of State,SCH10,PRG1003,In Person,28
REG000281,STU00030,SEC00276,2025FA,SCH10,PRG1003,1003-200,02,2025-08-01,Registered,3.0,Letter,Transfer,Out of State,SCH10,PRG1003,In Person,25
REG000282,STU00030,SEC00275,2025FA,SCH10,PRG1003,1003-150,01,2025-08-10,Registered,3.0,Audit,Transfer,Out of State,SCH10,PRG1003,Hybrid,34
REG000283,STU00030,SEC00203,2025SU,SCH10,PRG1003,1003-150,01,2025-04-12,Registered,3.0,Pass Fail,Transfer,Out of State,SCH10,PRG1003,Hybrid,40
REG000284,STU00030,SEC00204,2025SU,SCH10,PRG1003,1003-200,02,2025-05-03,Registered,3.0,Letter,Transfer,Out of State,SCH10,PRG1003,Online,31
REG000285,STU00030,SEC00131,2025WI,SCH10,PRG1003,1003-150,01,2025-01-02,Registered,3.0,Audit,Transfer,Out of State,SCH10,PRG1003,In Person,36
REG000286,STU00030,SEC00132,2025WI,SCH10,PRG1003,1003-200,02,2024-12-14,Withdrawn,3.0,Letter,Transfer,Out of State,SCH10,PRG1003,Hybrid,37
REG000287,STU00030,SEC00420,2026SU,SCH10,PRG1003,1003-200,02,2026-04-19,Registered,3.0,Audit,Transfer,Out of State,SCH10,PRG1003,In Person,29
REG000288,STU00030,SEC00419,2026SU,SCH10,PRG1003,1003-150,01,2026-04-06,Registered,3.0,Audit,Transfer,Out of State,SCH10,PRG1003,In Person,30
REG000289,STU00030,SEC00347,2026WI,SCH10,PRG1003,1003-150,01,2025-12-20,Registered,3.0,Audit,Transfer,Out of State,SCH10,PRG1003,Online,34
REG000290,STU00030,SEC00348,2026WI,SCH10,PRG1003,1003-200,02,2025-12-29,Registered,3.0,Audit,Transfer,Out of State,SCH10,PRG1003,Online,34
REG000291,STU00031,SEC00205,2025SU,SCH11,PRG1101,1101-150,01,2025-04-30,Registered,3.0,Audit,Continuing,Out of State,SCH11,PRG1101,Hybrid,27
REG000292,STU00031,SEC00206,2025SU,SCH11,PRG1101,1101-200,02,2025-05-01,Registered,3.0,Pass Fail,Continuing,Out of State,SCH11,PRG1101,In Person,37
REG000293,STU00031,SEC00133,2025WI,SCH11,PRG1101,1101-150,01,2024-12-09,Registered,3.0,Pass Fail,Continuing,Out of State,SCH11,PRG1101,Online,31
REG000294,STU00031,SEC00134,2025WI,SCH11,PRG1101,1101-200,02,2025-01-04,Registered,3.0,Audit,Continuing,Out of State,SCH11,PRG1101,Hybrid,41
REG000295,STU00031,SEC00422,2026SU,SCH11,PRG1101,1101-200,02,2026-04-08,Registered,3.0,Pass Fail,Continuing,Out of State,SCH11,PRG1101,In Person,33
REG000296,STU00031,SEC00421,2026SU,SCH11,PRG1101,1101-150,01,2026-04-07,Registered,3.0,Audit,Continuing,Out of State,SCH11,PRG1101,In Person,27
REG000297,STU00031,SEC00350,2026WI,SCH11,PRG1101,1101-200,02,2025-12-16,Registered,3.0,Letter,Continuing,Out of State,SCH11,PRG1101,Online,25
REG000298,STU00031,SEC00349,2026WI,SCH11,PRG1101,1101-150,01,2025-12-22,Registered,3.0,Letter,Continuing,Out of State,SCH11,PRG1101,Online,34
REG000299,STU00032,SEC00063,2024FA,SCH11,PRG1102,1102-150,01,2024-07-28,Registered,3.0,Audit,First Time,International,SCH11,PRG1102,Hybrid,42
REG000300,STU00032,SEC00064,2024FA,SCH11,PRG1102,1102-200,02,2024-07-29,Registered,3.0,Audit,First Time,International,SCH11,PRG1102,Hybrid,38
REG000301,STU00032,SEC00207,2025SU,SCH11,PRG1102,1102-150,01,2025-04-20,Withdrawn,3.0,Pass Fail,First Time,International,SCH11,PRG1102,Hybrid,27
REG000302,STU00032,SEC00208,2025SU,SCH11,PRG1102,1102-200,02,2025-04-22,Registered,3.0,Pass Fail,First Time,International,SCH11,PRG1102,Hybrid,37
REG000303,STU00032,SEC00135,2025WI,SCH11,PRG1102,1102-150,01,2024-12-17,Registered,3.0,Letter,First Time,International,SCH11,PRG1102,In Person,24
REG000304,STU00032,SEC00136,2025WI,SCH11,PRG1102,1102-200,02,2024-12-21,Registered,3.0,Audit,First Time,International,SCH11,PRG1102,Online,29
REG000305,STU00032,SEC00423,2026SU,SCH11,PRG1102,1102-150,01,2026-05-01,Registered,3.0,Pass Fail,First Time,International,SCH11,PRG1102,Online,38
REG000306,STU00032,SEC00424,2026SU,SCH11,PRG1102,1102-200,02,2026-05-01,Registered,3.0,Audit,First Time,International,SCH11,PRG1102,In Person,26
REG000307,STU00032,SEC00352,2026WI,SCH11,PRG1102,1102-200,02,2025-12-17,Registered,3.0,Pass Fail,First Time,International,SCH11,PRG1102,Online,41
REG000308,STU00032,SEC00351,2026WI,SCH11,PRG1102,1102-150,01,2025-12-28,Registered,3.0,Pass Fail,First Time,International,SCH11,PRG1102,Online,32
REG000309,STU00033,SEC00066,2024FA,SCH11,PRG1103,1103-200,02,2024-08-06,Registered,3.0,Letter,Transfer,International,SCH11,PRG1103,Online,27
REG000310,STU00033,SEC00065,2024FA,SCH11,PRG1103,1103-150,01,2024-07-30,Registered,3.0,Letter,Transfer,International,SCH11,PRG1103,Hybrid,24
REG000311,STU00033,SEC00281,2025FA,SCH11,PRG1103,1103-150,01,2025-08-07,Registered,3.0,Letter,Transfer,International,SCH11,PRG1103,In Person,42
REG000312,STU00033,SEC00282,2025FA,SCH11,PRG1103,1103-200,02,2025-08-08,Registered,3.0,Letter,Transfer,International,SCH11,PRG1103,Online,39
REG000313,STU00033,SEC00210,2025SU,SCH11,PRG1103,1103-200,02,2025-04-25,Registered,3.0,Pass Fail,Transfer,International,SCH11,PRG1103,Hybrid,29
REG000314,STU00033,SEC00209,2025SU,SCH11,PRG1103,1103-150,01,2025-05-02,Registered,3.0,Audit,Transfer,International,SCH11,PRG1103,Online,36
REG000315,STU00033,SEC00137,2025WI,SCH11,PRG1103,1103-150,01,2024-12-16,Registered,3.0,Pass Fail,Transfer,International,SCH11,PRG1103,In Person,37
REG000316,STU00033,SEC00138,2025WI,SCH11,PRG1103,1103-200,02,2024-12-16,Registered,3.0,Audit,Transfer,International,SCH11,PRG1103,Online,24
REG000317,STU00033,SEC00426,2026SU,SCH11,PRG1103,1103-200,02,2026-04-27,Registered,3.0,Pass Fail,Transfer,International,SCH11,PRG1103,Online,36
REG000318,STU00033,SEC00425,2026SU,SCH11,PRG1103,1103-150,01,2026-04-26,Registered,3.0,Letter,Transfer,International,SCH11,PRG1103,Online,26
REG000319,STU00033,SEC00353,2026WI,SCH11,PRG1103,1103-150,01,2025-12-10,Registered,3.0,Audit,Transfer,International,SCH11,PRG1103,Hybrid,33
REG000320,STU00033,SEC00354,2026WI,SCH11,PRG1103,1103-200,02,2025-12-24,Registered,3.0,Letter,Transfer,International,SCH11,PRG1103,In Person,38
REG000321,STU00034,SEC00067,2024FA,SCH12,PRG1201,1201-150,01,2024-08-14,Registered,3.0,Letter,Transfer,Out of State,SCH12,PRG1201,In Person,32
REG000322,STU00034,SEC00068,2024FA,SCH12,PRG1201,1201-200,02,2024-08-11,Registered,3.0,Pass Fail,Transfer,Out of State,SCH12,PRG1201,Hybrid,24
REG000323,STU00034,SEC00283,2025FA,SCH12,PRG1201,1201-150,01,2025-08-06,Registered,3.0,Audit,Transfer,Out of State,SCH12,PRG1201,Online,40
REG000324,STU00034,SEC00284,2025FA,SCH12,PRG1201,1201-200,02,2025-08-14,Registered,3.0,Pass Fail,Transfer,Out of State,SCH12,PRG1201,Online,29
REG000325,STU00034,SEC00211,2025SU,SCH12,PRG1201,1201-150,01,2025-04-21,Registered,3.0,Pass Fail,Transfer,Out of State,SCH12,PRG1201,Hybrid,36
REG000326,STU00034,SEC00212,2025SU,SCH12,PRG1201,1201-200,02,2025-05-03,Registered,3.0,Audit,Transfer,Out of State,SCH12,PRG1201,In Person,30
REG000327,STU00034,SEC00139,2025WI,SCH12,PRG1201,1201-150,01,2024-12-23,Registered,3.0,Audit,Transfer,Out of State,SCH12,PRG1201,Hybrid,42
REG000328,STU00034,SEC00140,2025WI,SCH12,PRG1201,1201-200,02,2024-12-27,Registered,3.0,Letter,Transfer,Out of State,SCH12,PRG1201,Online,37
REG000329,STU00034,SEC00356,2026WI,SCH12,PRG1201,1201-200,02,2026-01-02,Registered,3.0,Letter,Transfer,Out of State,SCH12,PRG1201,Hybrid,30
REG000330,STU00034,SEC00355,2026WI,SCH12,PRG1201,1201-150,01,2025-12-14,Registered,3.0,Letter,Transfer,Out of State,SCH12,PRG1201,Online,25
REG000331,STU00035,SEC00070,2024FA,SCH12,PRG1202,1202-200,02,2024-07-30,Registered,3.0,Audit,Continuing,International,SCH12,PRG1202,Online,24
REG000332,STU00035,SEC00069,2024FA,SCH12,PRG1202,1202-150,01,2024-07-22,Registered,3.0,Pass Fail,Continuing,International,SCH12,PRG1202,In Person,30
REG000333,STU00035,SEC00285,2025FA,SCH12,PRG1202,1202-150,01,2025-07-22,Registered,3.0,Audit,Continuing,International,SCH12,PRG1202,In Person,32
REG000334,STU00035,SEC00286,2025FA,SCH12,PRG1202,1202-200,02,2025-07-25,Dropped,0.0,Letter,Continuing,International,SCH12,PRG1202,Online,28
REG000335,STU00035,SEC00213,2025SU,SCH12,PRG1202,1202-150,01,2025-05-01,Registered,3.0,Audit,Continuing,International,SCH12,PRG1202,Hybrid,34
REG000336,STU00035,SEC00214,2025SU,SCH12,PRG1202,1202-200,02,2025-04-16,Registered,3.0,Audit,Continuing,International,SCH12,PRG1202,In Person,32
REG000337,STU00036,SEC00071,2024FA,SCH12,PRG1203,1203-150,01,2024-08-18,Registered,3.0,Pass Fail,Continuing,International,SCH12,PRG1203,In Person,26
REG000338,STU00036,SEC00072,2024FA,SCH12,PRG1203,1203-200,02,2024-08-03,Registered,3.0,Pass Fail,Continuing,International,SCH12,PRG1203,Hybrid,42
REG000339,STU00036,SEC00287,2025FA,SCH12,PRG1203,1203-150,01,2025-07-23,Registered,3.0,Letter,Continuing,International,SCH12,PRG1203,In Person,30
REG000340,STU00036,SEC00288,2025FA,SCH12,PRG1203,1203-200,02,2025-08-01,Registered,3.0,Audit,Continuing,International,SCH12,PRG1203,In Person,24
REG000341,STU00036,SEC00215,2025SU,SCH12,PRG1203,1203-150,01,2025-04-29,Registered,3.0,Pass Fail,Continuing,International,SCH12,PRG1203,Online,28
REG000342,STU00036,SEC00216,2025SU,SCH12,PRG1203,1203-200,02,2025-04-26,Registered,3.0,Audit,Continuing,International,SCH12,PRG1203,Hybrid,26
REG000343,STU00036,SEC00144,2025WI,SCH12,PRG1203,1203-200,02,2024-12-18,Registered,3.0,Pass Fail,Continuing,International,SCH12,PRG1203,Online,28
REG000344,STU00036,SEC00143,2025WI,SCH12,PRG1203,1203-150,01,2024-12-20,Registered,3.0,Pass Fail,Continuing,International,SCH12,PRG1203,In Person,36
REG000345,STU00036,SEC00431,2026SU,SCH12,PRG1203,1203-150,01,2026-05-01,Registered,3.0,Pass Fail,Continuing,International,SCH12,PRG1203,Online,37
REG000346,STU00036,SEC00432,2026SU,SCH12,PRG1203,1203-200,02,2026-04-15,Dropped,0.0,Pass Fail,Continuing,International,SCH12,PRG1203,Online,33
REG000347,STU00036,SEC00359,2026WI,SCH12,PRG1203,1203-150,01,2026-01-03,Registered,3.0,Letter,Continuing,International,SCH12,PRG1203,Hybrid,41
REG000348,STU00036,SEC00360,2026WI,SCH12,PRG1203,1203-200,02,2025-12-23,Registered,3.0,Audit,Continuing,International,SCH12,PRG1203,Hybrid,28
REG000349,STU00037,SEC00001,2024FA,SCH01,PRG0101,0101-150,01,2024-08-15,Registered,3.0,Pass Fail,Graduate,Out of State,SCH01,PRG0101,Online,29
REG000350,STU00037,SEC00002,2024FA,SCH01,PRG0101,0101-200,02,2024-07-28,Registered,3.0,Pass Fail,Graduate,Out of State,SCH01,PRG0101,Online,28
REG000351,STU00037,SEC00218,2025FA,SCH01,PRG0101,0101-200,02,2025-08-03,Registered,3.0,Letter,Graduate,Out of State,SCH01,PRG0101,Online,36
REG000352,STU00037,SEC00217,2025FA,SCH01,PRG0101,0101-150,01,2025-07-21,Registered,3.0,Pass Fail,Graduate,Out of State,SCH01,PRG0101,In Person,41
REG000353,STU00037,SEC00145,2025SU,SCH01,PRG0101,0101-150,01,2025-04-09,Registered,3.0,Letter,Graduate,Out of State,SCH01,PRG0101,Hybrid,42
REG000354,STU00037,SEC00146,2025SU,SCH01,PRG0101,0101-200,02,2025-04-14,Registered,3.0,Letter,Graduate,Out of State,SCH01,PRG0101,Online,39
REG000355,STU00037,SEC00073,2025WI,SCH01,PRG0101,0101-150,01,2024-12-24,Registered,3.0,Letter,Graduate,Out of State,SCH01,PRG0101,Online,30
REG000356,STU00037,SEC00074,2025WI,SCH01,PRG0101,0101-200,02,2024-12-13,Registered,3.0,Letter,Graduate,Out of State,SCH01,PRG0101,In Person,32
REG000357,STU00037,SEC00290,2026WI,SCH01,PRG0101,0101-200,02,2025-12-21,Registered,3.0,Letter,Graduate,Out of State,SCH01,PRG0101,In Person,31
REG000358,STU00037,SEC00289,2026WI,SCH01,PRG0101,0101-150,01,2025-12-24,Registered,3.0,Letter,Graduate,Out of State,SCH01,PRG0101,Online,33
REG000359,STU00038,SEC00003,2024FA,SCH01,PRG0102,0102-150,01,2024-08-06,Registered,3.0,Letter,Graduate,Out of State,SCH01,PRG0102,Hybrid,42
REG000360,STU00038,SEC00004,2024FA,SCH01,PRG0102,0102-200,02,2024-07-25,Registered,3.0,Audit,Graduate,Out of State,SCH01,PRG0102,Hybrid,38
REG000361,STU00038,SEC00219,2025FA,SCH01,PRG0102,0102-150,01,2025-07-27,Registered,3.0,Letter,Graduate,Out of State,SCH01,PRG0102,Online,38
REG000362,STU00038,SEC00220,2025FA,SCH01,PRG0102,0102-200,02,2025-08-11,Registered,3.0,Audit,Graduate,Out of State,SCH01,PRG0102,Online,25
REG000363,STU00038,SEC00147,2025SU,SCH01,PRG0102,0102-150,01,2025-04-24,Dropped,0.0,Letter,Graduate,Out of State,SCH01,PRG0102,In Person,36
REG000364,STU00038,SEC00148,2025SU,SCH01,PRG0102,0102-200,02,2025-04-12,Registered,3.0,Pass Fail,Graduate,Out of State,SCH01,PRG0102,Hybrid,26
REG000365,STU00038,SEC00363,2026SU,SCH01,PRG0102,0102-150,01,2026-04-07,Registered,3.0,Pass Fail,Graduate,Out of State,SCH01,PRG0102,Hybrid,25
REG000366,STU00038,SEC00364,2026SU,SCH01,PRG0102,0102-200,02,2026-04-27,Registered,3.0,Letter,Graduate,Out of State,SCH01,PRG0102,In Person,32
REG000367,STU00038,SEC00292,2026WI,SCH01,PRG0102,0102-200,02,2026-01-04,Registered,3.0,Pass Fail,Graduate,Out of State,SCH01,PRG0102,In Person,34
REG000368,STU00038,SEC00291,2026WI,SCH01,PRG0102,0102-150,01,2025-12-09,Registered,3.0,Audit,Graduate,Out of State,SCH01,PRG0102,In Person,31
REG000369,STU00039,SEC00222,2025FA,SCH01,PRG0103,0103-200,02,2025-08-10,Registered,3.0,Audit,Graduate,Out of State,SCH01,PRG0103,Online,38
REG000370,STU00039,SEC00221,2025FA,SCH01,PRG0103,0103-150,01,2025-08-13,Registered,3.0,Letter,Graduate,Out of State,SCH01,PRG0103,Online,27
REG000371,STU00039,SEC00149,2025SU,SCH01,PRG0103,0103-150,01,2025-04-25,Registered,3.0,Audit,Graduate,Out of State,SCH01,PRG0103,Online,25
REG000372,STU00039,SEC00150,2025SU,SCH01,PRG0103,0103-200,02,2025-04-12,Registered,3.0,Audit,Graduate,Out of State,SCH01,PRG0103,Online,40
REG000373,STU00039,SEC00078,2025WI,SCH01,PRG0103,0103-200,02,2024-12-13,Registered,3.0,Audit,Graduate,Out of State,SCH01,PRG0103,Online,35
REG000374,STU00039,SEC00077,2025WI,SCH01,PRG0103,0103-150,01,2024-12-17,Registered,3.0,Letter,Graduate,Out of State,SCH01,PRG0103,In Person,40
REG000375,STU00039,SEC00366,2026SU,SCH01,PRG0103,0103-200,02,2026-04-21,Registered,3.0,Pass Fail,Graduate,Out of State,SCH01,PRG0103,Hybrid,29
REG000376,STU00039,SEC00365,2026SU,SCH01,PRG0103,0103-150,01,2026-04-11,Registered,3.0,Audit,Graduate,Out of State,SCH01,PRG0103,In Person,39
REG000377,STU00039,SEC00294,2026WI,SCH01,PRG0103,0103-200,02,2025-12-22,Registered,3.0,Letter,Graduate,Out of State,SCH01,PRG0103,Online,40
REG000378,STU00039,SEC00293,2026WI,SCH01,PRG0103,0103-150,01,2025-12-31,Registered,3.0,Letter,Graduate,Out of State,SCH01,PRG0103,In Person,38
REG000379,STU00040,SEC00008,2024FA,SCH02,PRG0201,0201-200,02,2024-07-27,Registered,3.0,Audit,First Time,In State,SCH02,PRG0201,In Person,25
REG000380,STU00040,SEC00007,2024FA,SCH02,PRG0201,0201-150,01,2024-08-10,Registered,3.0,Pass Fail,First Time,In State,SCH02,PRG0201,Online,26
REG000381,STU00040,SEC00224,2025FA,SCH02,PRG0201,0201-200,02,2025-08-02,Registered,3.0,Pass Fail,First Time,In State,SCH02,PRG0201,Hybrid,41
REG000382,STU00040,SEC00223,2025FA,SCH02,PRG0201,0201-150,01,2025-08-14,Registered,3.0,Pass Fail,First Time,In State,SCH02,PRG0201,Hybrid,30
REG000383,STU00040,SEC00151,2025SU,SCH02,PRG0201,0201-150,01,2025-04-28,Registered,3.0,Letter,First Time,In State,SCH02,PRG0201,Hybrid,30
REG000384,STU00040,SEC00152,2025SU,SCH02,PRG0201,0201-200,02,2025-04-18,Registered,3.0,Letter,First Time,In State,SCH02,PRG0201,Hybrid,27
REG000385,STU00040,SEC00079,2025WI,SCH02,PRG0201,0201-150,01,2025-01-03,Registered,3.0,Audit,First Time,In State,SCH02,PRG0201,Online,26
REG000386,STU00040,SEC00080,2025WI,SCH02,PRG0201,0201-200,02,2025-01-05,Registered,3.0,Letter,First Time,In State,SCH02,PRG0201,Hybrid,32
REG000387,STU00040,SEC00296,2026WI,SCH02,PRG0201,0201-200,02,2025-12-22,Registered,3.0,Letter,First Time,In State,SCH02,PRG0201,Hybrid,34
REG000388,STU00040,SEC00295,2026WI,SCH02,PRG0201,0201-150,01,2025-12-09,Dropped,0.0,Letter,First Time,In State,SCH02,PRG0201,Online,38
REG000389,STU00041,SEC00010,2024FA,SCH02,PRG0202,0202-200,02,2024-07-27,Registered,3.0,Audit,Graduate,International,SCH02,PRG0202,Hybrid,37
REG000390,STU00041,SEC00009,2024FA,SCH02,PRG0202,0202-150,01,2024-08-17,Withdrawn,3.0,Letter,Graduate,International,SCH02,PRG0202,In Person,29
REG000391,STU00041,SEC00225,2025FA,SCH02,PRG0202,0202-150,01,2025-08-07,Registered,3.0,Pass Fail,Graduate,International,SCH02,PRG0202,Hybrid,39
REG000392,STU00041,SEC00226,2025FA,SCH02,PRG0202,0202-200,02,2025-08-11,Withdrawn,3.0,Audit,Graduate,International,SCH02,PRG0202,In Person,31
REG000393,STU00041,SEC00154,2025SU,SCH02,PRG0202,0202-200,02,2025-04-09,Registered,3.0,Letter,Graduate,International,SCH02,PRG0202,Online,35
REG000394,STU00041,SEC00153,2025SU,SCH02,PRG0202,0202-150,01,2025-04-19,Registered,3.0,Pass Fail,Graduate,International,SCH02,PRG0202,Hybrid,29
REG000395,STU00041,SEC00082,2025WI,SCH02,PRG0202,0202-200,02,2024-12-09,Registered,3.0,Audit,Graduate,International,SCH02,PRG0202,In Person,42
REG000396,STU00041,SEC00081,2025WI,SCH02,PRG0202,0202-150,01,2024-12-13,Registered,3.0,Letter,Graduate,International,SCH02,PRG0202,Hybrid,31
REG000397,STU00041,SEC00370,2026SU,SCH02,PRG0202,0202-200,02,2026-04-25,Registered,3.0,Pass Fail,Graduate,International,SCH02,PRG0202,Hybrid,40
REG000398,STU00041,SEC00369,2026SU,SCH02,PRG0202,0202-150,01,2026-04-27,Dropped,0.0,Letter,Graduate,International,SCH02,PRG0202,Online,41
REG000399,STU00041,SEC00297,2026WI,SCH02,PRG0202,0202-150,01,2025-12-11,Registered,3.0,Pass Fail,Graduate,International,SCH02,PRG0202,In Person,24
REG000400,STU00041,SEC00298,2026WI,SCH02,PRG0202,0202-200,02,2026-01-04,Registered,3.0,Pass Fail,Graduate,International,SCH02,PRG0202,In Person,39
REG000401,STU00042,SEC00011,2024FA,SCH02,PRG0203,0203-150,01,2024-07-28,Registered,3.0,Audit,Graduate,Out of State,SCH02,PRG0203,Online,38
REG000402,STU00042,SEC00012,2024FA,SCH02,PRG0203,0203-200,02,2024-08-06,Registered,3.0,Letter,Graduate,Out of State,SCH02,PRG0203,Hybrid,26
REG000403,STU00042,SEC00227,2025FA,SCH02,PRG0203,0203-150,01,2025-08-02,Registered,3.0,Audit,Graduate,Out of State,SCH02,PRG0203,Online,25
REG000404,STU00042,SEC00228,2025FA,SCH02,PRG0203,0203-200,02,2025-07-26,Registered,3.0,Audit,Graduate,Out of State,SCH02,PRG0203,Online,35
REG000405,STU00042,SEC00083,2025WI,SCH02,PRG0203,0203-150,01,2024-12-18,Registered,3.0,Letter,Graduate,Out of State,SCH02,PRG0203,Online,41
REG000406,STU00042,SEC00084,2025WI,SCH02,PRG0203,0203-200,02,2025-01-05,Registered,3.0,Pass Fail,Graduate,Out of State,SCH02,PRG0203,Online,28
REG000407,STU00042,SEC00371,2026SU,SCH02,PRG0203,0203-150,01,2026-05-02,Registered,3.0,Pass Fail,Graduate,Out of State,SCH02,PRG0203,Hybrid,34
REG000408,STU00042,SEC00372,2026SU,SCH02,PRG0203,0203-200,02,2026-04-25,Registered,3.0,Audit,Graduate,Out of State,SCH02,PRG0203,Hybrid,37
REG000409,STU00042,SEC00300,2026WI,SCH02,PRG0203,0203-200,02,2025-12-16,Registered,3.0,Audit,Graduate,Out of State,SCH02,PRG0203,Hybrid,35
REG000410,STU00042,SEC00299,2026WI,SCH02,PRG0203,0203-150,01,2026-01-01,Registered,3.0,Pass Fail,Graduate,Out of State,SCH02,PRG0203,Hybrid,26
REG000411,STU00043,SEC00014,2024FA,SCH03,PRG0301,0301-200,02,2024-07-28,Registered,3.0,Audit,Continuing,In State,SCH03,PRG0301,Online,35
REG000412,STU00043,SEC00013,2024FA,SCH03,PRG0301,0301-150,01,2024-07-26,Registered,3.0,Letter,Continuing,In State,SCH03,PRG0301,Online,36
REG000413,STU00043,SEC00230,2025FA,SCH03,PRG0301,0301-200,02,2025-08-14,Withdrawn,3.0,Audit,Continuing,In State,SCH03,PRG0301,Hybrid,30
REG000414,STU00043,SEC00229,2025FA,SCH03,PRG0301,0301-150,01,2025-08-01,Registered,3.0,Audit,Continuing,In State,SCH03,PRG0301,Hybrid,42
REG000415,STU00043,SEC00158,2025SU,SCH03,PRG0301,0301-200,02,2025-05-01,Registered,3.0,Audit,Continuing,In State,SCH03,PRG0301,Hybrid,40
REG000416,STU00043,SEC00157,2025SU,SCH03,PRG0301,0301-150,01,2025-04-15,Registered,3.0,Audit,Continuing,In State,SCH03,PRG0301,Hybrid,27
REG000417,STU00043,SEC00085,2025WI,SCH03,PRG0301,0301-150,01,2024-12-17,Registered,3.0,Letter,Continuing,In State,SCH03,PRG0301,Hybrid,41
REG000418,STU00043,SEC00086,2025WI,SCH03,PRG0301,0301-200,02,2024-12-17,Registered,3.0,Pass Fail,Continuing,In State,SCH03,PRG0301,Hybrid,31
REG000419,STU00043,SEC00373,2026SU,SCH03,PRG0301,0301-150,01,2026-05-01,Registered,3.0,Letter,Continuing,In State,SCH03,PRG0301,In Person,42
REG000420,STU00043,SEC00374,2026SU,SCH03,PRG0301,0301-200,02,2026-04-26,Registered,3.0,Audit,Continuing,In State,SCH03,PRG0301,Hybrid,36
REG000421,STU00043,SEC00301,2026WI,SCH03,PRG0301,0301-150,01,2025-12-25,Registered,3.0,Letter,Continuing,In State,SCH03,PRG0301,In Person,36
REG000422,STU00043,SEC00302,2026WI,SCH03,PRG0301,0301-200,02,2025-12-27,Registered,3.0,Letter,Continuing,In State,SCH03,PRG0301,In Person,33
REG000423,STU00044,SEC00015,2024FA,SCH03,PRG0302,0302-150,01,2024-08-14,Registered,3.0,Audit,Transfer,In State,SCH03,PRG0302,Hybrid,26
REG000424,STU00044,SEC00016,2024FA,SCH03,PRG0302,0302-200,02,2024-07-25,Registered,3.0,Audit,Transfer,In State,SCH03,PRG0302,Hybrid,33
REG000425,STU00044,SEC00232,2025FA,SCH03,PRG0302,0302-200,02,2025-08-08,Registered,3.0,Letter,Transfer,In State,SCH03,PRG0302,Online,37
REG000426,STU00044,SEC00231,2025FA,SCH03,PRG0302,0302-150,01,2025-07-22,Registered,3.0,Letter,Transfer,In State,SCH03,PRG0302,Hybrid,29
REG000427,STU00044,SEC00159,2025SU,SCH03,PRG0302,0302-150,01,2025-04-27,Registered,3.0,Audit,Transfer,In State,SCH03,PRG0302,Online,32
REG000428,STU00044,SEC00160,2025SU,SCH03,PRG0302,0302-200,02,2025-04-30,Registered,3.0,Pass Fail,Transfer,In State,SCH03,PRG0302,In Person,31
REG000429,STU00044,SEC00087,2025WI,SCH03,PRG0302,0302-150,01,2024-12-27,Registered,3.0,Letter,Transfer,In State,SCH03,PRG0302,In Person,41
REG000430,STU00044,SEC00088,2025WI,SCH03,PRG0302,0302-200,02,2024-12-18,Withdrawn,3.0,Letter,Transfer,In State,SCH03,PRG0302,In Person,39
REG000431,STU00044,SEC00375,2026SU,SCH03,PRG0302,0302-150,01,2026-04-09,Dropped,0.0,Audit,Transfer,In State,SCH03,PRG0302,In Person,28
REG000432,STU00044,SEC00376,2026SU,SCH03,PRG0302,0302-200,02,2026-04-26,Registered,3.0,Pass Fail,Transfer,In State,SCH03,PRG0302,Online,25
REG000433,STU00045,SEC00234,2025FA,SCH03,PRG0303,0303-200,02,2025-07-30,Registered,3.0,Pass Fail,First Time,Out of State,SCH03,PRG0303,Online,28
REG000434,STU00045,SEC00233,2025FA,SCH03,PRG0303,0303-150,01,2025-07-23,Withdrawn,3.0,Letter,First Time,Out of State,SCH03,PRG0303,In Person,26
REG000435,STU00045,SEC00162,2025SU,SCH03,PRG0303,0303-200,02,2025-04-21,Registered,3.0,Audit,First Time,Out of State,SCH03,PRG0303,In Person,32
REG000436,STU00045,SEC00161,2025SU,SCH03,PRG0303,0303-150,01,2025-04-28,Registered,3.0,Audit,First Time,Out of State,SCH03,PRG0303,Hybrid,25
REG000437,STU00045,SEC00377,2026SU,SCH03,PRG0303,0303-150,01,2026-05-02,Registered,3.0,Letter,First Time,Out of State,SCH03,PRG0303,Hybrid,33
REG000438,STU00045,SEC00378,2026SU,SCH03,PRG0303,0303-200,02,2026-04-07,Registered,3.0,Pass Fail,First Time,Out of State,SCH03,PRG0303,Online,27
REG000439,STU00046,SEC00235,2025FA,SCH04,PRG0401,0401-150,01,2025-08-03,Registered,3.0,Letter,First Time,Out of State,SCH04,PRG0401,In Person,34
REG000440,STU00046,SEC00236,2025FA,SCH04,PRG0401,0401-200,02,2025-08-03,Registered,3.0,Letter,First Time,Out of State,SCH04,PRG0401,In Person,34
REG000441,STU00046,SEC00164,2025SU,SCH04,PRG0401,0401-200,02,2025-04-27,Registered,3.0,Audit,First Time,Out of State,SCH04,PRG0401,Online,41
REG000442,STU00046,SEC00163,2025SU,SCH04,PRG0401,0401-150,01,2025-04-09,Registered,3.0,Pass Fail,First Time,Out of State,SCH04,PRG0401,In Person,40
REG000443,STU00046,SEC00092,2025WI,SCH04,PRG0401,0401-200,02,2024-12-26,Registered,3.0,Audit,First Time,Out of State,SCH04,PRG0401,Hybrid,27
REG000444,STU00046,SEC00091,2025WI,SCH04,PRG0401,0401-150,01,2025-01-01,Registered,3.0,Letter,First Time,Out of State,SCH04,PRG0401,Online,25
REG000445,STU00046,SEC00380,2026SU,SCH04,PRG0401,0401-200,02,2026-04-23,Registered,3.0,Pass Fail,First Time,Out of State,SCH04,PRG0401,Hybrid,32
REG000446,STU00046,SEC00379,2026SU,SCH04,PRG0401,0401-150,01,2026-04-29,Registered,3.0,Letter,First Time,Out of State,SCH04,PRG0401,In Person,24
REG000447,STU00046,SEC00308,2026WI,SCH04,PRG0401,0401-200,02,2026-01-03,Registered,3.0,Pass Fail,First Time,Out of State,SCH04,PRG0401,In Person,37
REG000448,STU00046,SEC00307,2026WI,SCH04,PRG0401,0401-150,01,2025-12-12,Registered,3.0,Audit,First Time,Out of State,SCH04,PRG0401,In Person,37
REG000449,STU00047,SEC00021,2024FA,SCH04,PRG0402,0402-150,01,2024-08-02,Registered,3.0,Pass Fail,Graduate,Out of State,SCH04,PRG0402,Online,37
REG000450,STU00047,SEC00022,2024FA,SCH04,PRG0402,0402-200,02,2024-08-13,Registered,3.0,Pass Fail,Graduate,Out of State,SCH04,PRG0402,Online,40
REG000451,STU00047,SEC00237,2025FA,SCH04,PRG0402,0402-150,01,2025-08-10,Registered,3.0,Letter,Graduate,Out of State,SCH04,PRG0402,In Person,26
REG000452,STU00047,SEC00238,2025FA,SCH04,PRG0402,0402-200,02,2025-08-12,Registered,3.0,Letter,Graduate,Out of State,SCH04,PRG0402,Hybrid,30
REG000453,STU00047,SEC00310,2026WI,SCH04,PRG0402,0402-200,02,2025-12-19,Registered,3.0,Letter,Graduate,Out of State,SCH04,PRG0402,Hybrid,34
REG000454,STU00047,SEC00309,2026WI,SCH04,PRG0402,0402-150,01,2025-12-22,Registered,3.0,Audit,Graduate,Out of State,SCH04,PRG0402,Hybrid,29
REG000455,STU00048,SEC00024,2024FA,SCH04,PRG0403,0403-200,02,2024-08-08,Registered,3.0,Pass Fail,Transfer,International,SCH04,PRG0403,In Person,24
REG000456,STU00048,SEC00023,2024FA,SCH04,PRG0403,0403-150,01,2024-08-18,Registered,3.0,Audit,Transfer,International,SCH04,PRG0403,In Person,36
REG000457,STU00048,SEC00095,2025WI,SCH04,PRG0403,0403-150,01,2024-12-28,Registered,3.0,Letter,Transfer,International,SCH04,PRG0403,In Person,35
REG000458,STU00048,SEC00096,2025WI,SCH04,PRG0403,0403-200,02,2025-01-03,Withdrawn,3.0,Letter,Transfer,International,SCH04,PRG0403,In Person,41
REG000459,STU00048,SEC00383,2026SU,SCH04,PRG0403,0403-150,01,2026-04-22,Registered,3.0,Letter,Transfer,International,SCH04,PRG0403,Hybrid,34
REG000460,STU00048,SEC00384,2026SU,SCH04,PRG0403,0403-200,02,2026-04-15,Registered,3.0,Audit,Transfer,International,SCH04,PRG0403,Online,41
REG000461,STU00048,SEC00312,2026WI,SCH04,PRG0403,0403-200,02,2025-12-23,Registered,3.0,Letter,Transfer,International,SCH04,PRG0403,Online,31
REG000462,STU00048,SEC00311,2026WI,SCH04,PRG0403,0403-150,01,2025-12-14,Registered,3.0,Pass Fail,Transfer,International,SCH04,PRG0403,Hybrid,27
REG000463,STU00049,SEC00241,2025FA,SCH05,PRG0501,0501-150,01,2025-08-13,Registered,3.0,Pass Fail,Transfer,In State,SCH05,PRG0501,Hybrid,42
REG000464,STU00049,SEC00242,2025FA,SCH05,PRG0501,0501-200,02,2025-08-08,Registered,3.0,Letter,Transfer,In State,SCH05,PRG0501,Online,41
REG000465,STU00049,SEC00385,2026SU,SCH05,PRG0501,0501-150,01,2026-04-06,Registered,3.0,Pass Fail,Transfer,In State,SCH05,PRG0501,Online,42
REG000466,STU00049,SEC00386,2026SU,SCH05,PRG0501,0501-200,02,2026-04-20,Registered,3.0,Audit,Transfer,In State,SCH05,PRG0501,In Person,36
REG000467,STU00049,SEC00314,2026WI,SCH05,PRG0501,0501-200,02,2025-12-10,Registered,3.0,Audit,Transfer,In State,SCH05,PRG0501,Hybrid,34
REG000468,STU00049,SEC00313,2026WI,SCH05,PRG0501,0501-150,01,2025-12-20,Registered,3.0,Audit,Transfer,In State,SCH05,PRG0501,Hybrid,37
REG000469,STU00050,SEC00027,2024FA,SCH05,PRG0502,0502-150,01,2024-08-14,Registered,3.0,Letter,Graduate,Out of State,SCH05,PRG0502,In Person,32
REG000470,STU00050,SEC00028,2024FA,SCH05,PRG0502,0502-200,02,2024-08-11,Withdrawn,3.0,Audit,Graduate,Out of State,SCH05,PRG0502,Online,25
REG000471,STU00050,SEC00172,2025SU,SCH05,PRG0502,0502-200,02,2025-04-23,Registered,3.0,Letter,Graduate,Out of State,SCH05,PRG0502,Online,28
REG000472,STU00050,SEC00171,2025SU,SCH05,PRG0502,0502-150,01,2025-05-02,Registered,3.0,Audit,Graduate,Out of State,SCH05,PRG0502,Hybrid,38
REG000473,STU00050,SEC00387,2026SU,SCH05,PRG0502,0502-150,01,2026-04-26,Registered,3.0,Audit,Graduate,Out of State,SCH05,PRG0502,In Person,35
REG000474,STU00050,SEC00388,2026SU,SCH05,PRG0502,0502-200,02,2026-04-15,Registered,3.0,Audit,Graduate,Out of State,SCH05,PRG0502,Online,42
REG000475,STU00051,SEC00030,2024FA,SCH05,PRG0503,0503-200,02,2024-07-29,Registered,3.0,Pass Fail,Continuing,Out of State,SCH05,PRG0503,In Person,33
REG000476,STU00051,SEC00029,2024FA,SCH05,PRG0503,0503-150,01,2024-08-04,Registered,3.0,Letter,Continuing,Out of State,SCH05,PRG0503,In Person,27
REG000477,STU00051,SEC00101,2025WI,SCH05,PRG0503,0503-150,01,2024-12-21,Registered,3.0,Letter,Continuing,Out of State,SCH05,PRG0503,In Person,24
REG000478,STU00051,SEC00102,2025WI,SCH05,PRG0503,0503-200,02,2024-12-27,Registered,3.0,Pass Fail,Continuing,Out of State,SCH05,PRG0503,Hybrid,35
REG000479,STU00051,SEC00389,2026SU,SCH05,PRG0503,0503-150,01,2026-04-27,Registered,3.0,Pass Fail,Continuing,Out of State,SCH05,PRG0503,In Person,38
REG000480,STU00051,SEC00390,2026SU,SCH05,PRG0503,0503-200,02,2026-04-14,Registered,3.0,Letter,Continuing,Out of State,SCH05,PRG0503,Online,25
REG000481,STU00051,SEC00318,2026WI,SCH05,PRG0503,0503-200,02,2025-12-19,Registered,3.0,Pass Fail,Continuing,Out of State,SCH05,PRG0503,Hybrid,27
REG000482,STU00051,SEC00317,2026WI,SCH05,PRG0503,0503-150,01,2025-12-16,Registered,3.0,Audit,Continuing,Out of State,SCH05,PRG0503,Online,27
REG000483,STU00052,SEC00248,2025FA,SCH06,PRG0601,0601-200,02,2025-08-06,Registered,3.0,Letter,Continuing,Out of State,SCH06,PRG0601,Online,34
REG000484,STU00052,SEC00247,2025FA,SCH06,PRG0601,0601-150,01,2025-08-01,Registered,3.0,Letter,Continuing,Out of State,SCH06,PRG0601,Hybrid,41
REG000485,STU00052,SEC00176,2025SU,SCH06,PRG0601,0601-200,02,2025-04-29,Dropped,0.0,Letter,Continuing,Out of State,SCH06,PRG0601,Hybrid,36
REG000486,STU00052,SEC00175,2025SU,SCH06,PRG0601,0601-150,01,2025-04-13,Dropped,0.0,Pass Fail,Continuing,Out of State,SCH06,PRG0601,Hybrid,24
REG000487,STU00052,SEC00103,2025WI,SCH06,PRG0601,0601-150,01,2024-12-18,Registered,3.0,Letter,Continuing,Out of State,SCH06,PRG0601,Hybrid,36
REG000488,STU00052,SEC00104,2025WI,SCH06,PRG0601,0601-200,02,2024-12-09,Registered,3.0,Letter,Continuing,Out of State,SCH06,PRG0601,Hybrid,40
REG000489,STU00052,SEC00391,2026SU,SCH06,PRG0601,0601-150,01,2026-04-19,Registered,3.0,Letter,Continuing,Out of State,SCH06,PRG0601,Hybrid,26
REG000490,STU00052,SEC00392,2026SU,SCH06,PRG0601,0601-200,02,2026-04-07,Registered,3.0,Pass Fail,Continuing,Out of State,SCH06,PRG0601,Hybrid,26
REG000491,STU00052,SEC00319,2026WI,SCH06,PRG0601,0601-150,01,2025-12-22,Registered,3.0,Audit,Continuing,Out of State,SCH06,PRG0601,Hybrid,34
REG000492,STU00052,SEC00320,2026WI,SCH06,PRG0601,0601-200,02,2025-12-20,Dropped,0.0,Pass Fail,Continuing,Out of State,SCH06,PRG0601,In Person,40
REG000493,STU00053,SEC00033,2024FA,SCH06,PRG0602,0602-150,01,2024-07-22,Registered,3.0,Audit,Transfer,International,SCH06,PRG0602,Hybrid,41
REG000494,STU00053,SEC00034,2024FA,SCH06,PRG0602,0602-200,02,2024-07-22,Registered,3.0,Letter,Transfer,International,SCH06,PRG0602,In Person,35
REG000495,STU00053,SEC00177,2025SU,SCH06,PRG0602,0602-150,01,2025-05-02,Registered,3.0,Letter,Transfer,International,SCH06,PRG0602,Online,24
REG000496,STU00053,SEC00178,2025SU,SCH06,PRG0602,0602-200,02,2025-04-13,Registered,3.0,Letter,Transfer,International,SCH06,PRG0602,In Person,33
REG000497,STU00053,SEC00105,2025WI,SCH06,PRG0602,0602-150,01,2024-12-29,Registered,3.0,Letter,Transfer,International,SCH06,PRG0602,Hybrid,25
REG000498,STU00053,SEC00106,2025WI,SCH06,PRG0602,0602-200,02,2024-12-12,Registered,3.0,Pass Fail,Transfer,International,SCH06,PRG0602,Hybrid,36
REG000499,STU00053,SEC00393,2026SU,SCH06,PRG0602,0602-150,01,2026-04-08,Registered,3.0,Letter,Transfer,International,SCH06,PRG0602,Online,40
REG000500,STU00053,SEC00394,2026SU,SCH06,PRG0602,0602-200,02,2026-05-03,Dropped,0.0,Audit,Transfer,International,SCH06,PRG0602,In Person,24
REG000501,STU00053,SEC00322,2026WI,SCH06,PRG0602,0602-200,02,2025-12-14,Registered,3.0,Pass Fail,Transfer,International,SCH06,PRG0602,Online,24
REG000502,STU00053,SEC00321,2026WI,SCH06,PRG0602,0602-150,01,2026-01-04,Registered,3.0,Audit,Transfer,International,SCH06,PRG0602,Hybrid,40
REG000503,STU00054,SEC00035,2024FA,SCH06,PRG0603,0603-150,01,2024-08-07,Withdrawn,3.0,Letter,Graduate,International,SCH06,PRG0603,Hybrid,39
REG000504,STU00054,SEC00036,2024FA,SCH06,PRG0603,0603-200,02,2024-08-10,Registered,3.0,Letter,Graduate,International,SCH06,PRG0603,In Person,24
REG000505,STU00054,SEC00251,2025FA,SCH06,PRG0603,0603-150,01,2025-08-01,Registered,3.0,Letter,Graduate,International,SCH06,PRG0603,Hybrid,33
REG000506,STU00054,SEC00252,2025FA,SCH06,PRG0603,0603-200,02,2025-07-27,Registered,3.0,Letter,Graduate,International,SCH06,PRG0603,Online,35
REG000507,STU00054,SEC00180,2025SU,SCH06,PRG0603,0603-200,02,2025-04-12,Registered,3.0,Letter,Graduate,International,SCH06,PRG0603,Online,34
REG000508,STU00054,SEC00179,2025SU,SCH06,PRG0603,0603-150,01,2025-04-10,Registered,3.0,Audit,Graduate,International,SCH06,PRG0603,Hybrid,38
REG000509,STU00054,SEC00107,2025WI,SCH06,PRG0603,0603-150,01,2024-12-27,Registered,3.0,Audit,Graduate,International,SCH06,PRG0603,In Person,31
REG000510,STU00054,SEC00108,2025WI,SCH06,PRG0603,0603-200,02,2024-12-13,Registered,3.0,Audit,Graduate,International,SCH06,PRG0603,In Person,32
REG000511,STU00054,SEC00396,2026SU,SCH06,PRG0603,0603-200,02,2026-04-28,Registered,3.0,Pass Fail,Graduate,International,SCH06,PRG0603,Hybrid,30
REG000512,STU00054,SEC00395,2026SU,SCH06,PRG0603,0603-150,01,2026-04-21,Registered,3.0,Pass Fail,Graduate,International,SCH06,PRG0603,Hybrid,42
REG000513,STU00054,SEC00324,2026WI,SCH06,PRG0603,0603-200,02,2025-12-12,Registered,3.0,Pass Fail,Graduate,International,SCH06,PRG0603,Hybrid,28
REG000514,STU00054,SEC00323,2026WI,SCH06,PRG0603,0603-150,01,2025-12-19,Registered,3.0,Letter,Graduate,International,SCH06,PRG0603,Online,37
REG000515,STU00055,SEC00253,2025FA,SCH07,PRG0701,0701-150,01,2025-07-26,Registered,3.0,Pass Fail,First Time,In State,SCH07,PRG0701,In Person,26
REG000516,STU00055,SEC00254,2025FA,SCH07,PRG0701,0701-200,02,2025-08-10,Registered,3.0,Pass Fail,First Time,In State,SCH07,PRG0701,In Person,25
REG000517,STU00055,SEC00181,2025SU,SCH07,PRG0701,0701-150,01,2025-04-18,Withdrawn,3.0,Pass Fail,First Time,In State,SCH07,PRG0701,Hybrid,40
REG000518,STU00055,SEC00182,2025SU,SCH07,PRG0701,0701-200,02,2025-04-25,Registered,3.0,Audit,First Time,In State,SCH07,PRG0701,Hybrid,41
REG000519,STU00055,SEC00110,2025WI,SCH07,PRG0701,0701-200,02,2024-12-25,Registered,3.0,Audit,First Time,In State,SCH07,PRG0701,Hybrid,28
REG000520,STU00055,SEC00109,2025WI,SCH07,PRG0701,0701-150,01,2024-12-09,Registered,3.0,Letter,First Time,In State,SCH07,PRG0701,Online,28
REG000521,STU00055,SEC00397,2026SU,SCH07,PRG0701,0701-150,01,2026-04-29,Registered,3.0,Audit,First Time,In State,SCH07,PRG0701,In Person,24
REG000522,STU00055,SEC00398,2026SU,SCH07,PRG0701,0701-200,02,2026-04-30,Registered,3.0,Audit,First Time,In State,SCH07,PRG0701,In Person,34
REG000523,STU00055,SEC00326,2026WI,SCH07,PRG0701,0701-200,02,2026-01-04,Registered,3.0,Pass Fail,First Time,In State,SCH07,PRG0701,In Person,25
REG000524,STU00055,SEC00325,2026WI,SCH07,PRG0701,0701-150,01,2025-12-12,Dropped,0.0,Audit,First Time,In State,SCH07,PRG0701,In Person,36
REG000525,STU00056,SEC00040,2024FA,SCH07,PRG0702,0702-200,02,2024-08-15,Registered,3.0,Letter,First Time,Out of State,SCH07,PRG0702,In Person,26
REG000526,STU00056,SEC00039,2024FA,SCH07,PRG0702,0702-150,01,2024-07-27,Registered,3.0,Audit,First Time,Out of State,SCH07,PRG0702,Online,26
REG000527,STU00056,SEC00256,2025FA,SCH07,PRG0702,0702-200,02,2025-08-06,Registered,3.0,Letter,First Time,Out of State,SCH07,PRG0702,In Person,36
REG000528,STU00056,SEC00255,2025FA,SCH07,PRG0702,0702-150,01,2025-07-30,Registered,3.0,Audit,First Time,Out of State,SCH07,PRG0702,In Person,25
REG000529,STU00056,SEC00400,2026SU,SCH07,PRG0702,0702-200,02,2026-04-25,Registered,3.0,Pass Fail,First Time,Out of State,SCH07,PRG0702,Online,29
REG000530,STU00056,SEC00399,2026SU,SCH07,PRG0702,0702-150,01,2026-04-07,Registered,3.0,Pass Fail,First Time,Out of State,SCH07,PRG0702,Hybrid,37
REG000531,STU00057,SEC00258,2025FA,SCH07,PRG0703,0703-200,02,2025-08-04,Registered,3.0,Letter,Graduate,In State,SCH07,PRG0703,In Person,28
REG000532,STU00057,SEC00257,2025FA,SCH07,PRG0703,0703-150,01,2025-08-06,Registered,3.0,Pass Fail,Graduate,In State,SCH07,PRG0703,Hybrid,31
REG000533,STU00057,SEC00402,2026SU,SCH07,PRG0703,0703-200,02,2026-04-10,Registered,3.0,Audit,Graduate,In State,SCH07,PRG0703,In Person,42
REG000534,STU00057,SEC00401,2026SU,SCH07,PRG0703,0703-150,01,2026-04-28,Dropped,0.0,Audit,Graduate,In State,SCH07,PRG0703,In Person,36
REG000535,STU00057,SEC00330,2026WI,SCH07,PRG0703,0703-200,02,2025-12-27,Registered,3.0,Audit,Graduate,In State,SCH07,PRG0703,Online,38
REG000536,STU00057,SEC00329,2026WI,SCH07,PRG0703,0703-150,01,2025-12-29,Registered,3.0,Audit,Graduate,In State,SCH07,PRG0703,In Person,40
REG000537,STU00058,SEC00043,2024FA,SCH08,PRG0801,0801-150,01,2024-08-07,Registered,3.0,Audit,Graduate,International,SCH08,PRG0801,In Person,29
REG000538,STU00058,SEC00044,2024FA,SCH08,PRG0801,0801-200,02,2024-08-03,Dropped,0.0,Letter,Graduate,International,SCH08,PRG0801,Online,28
REG000539,STU00058,SEC00260,2025FA,SCH08,PRG0801,0801-200,02,2025-08-17,Registered,3.0,Letter,Graduate,International,SCH08,PRG0801,Online,28
REG000540,STU00058,SEC00259,2025FA,SCH08,PRG0801,0801-150,01,2025-08-17,Dropped,0.0,Audit,Graduate,International,SCH08,PRG0801,In Person,36
REG000541,STU00058,SEC00188,2025SU,SCH08,PRG0801,0801-200,02,2025-04-24,Registered,3.0,Audit,Graduate,International,SCH08,PRG0801,Online,41
REG000542,STU00058,SEC00187,2025SU,SCH08,PRG0801,0801-150,01,2025-05-03,Registered,3.0,Pass Fail,Graduate,International,SCH08,PRG0801,Hybrid,34
REG000543,STU00058,SEC00404,2026SU,SCH08,PRG0801,0801-200,02,2026-04-30,Registered,3.0,Letter,Graduate,International,SCH08,PRG0801,Online,29
REG000544,STU00058,SEC00403,2026SU,SCH08,PRG0801,0801-150,01,2026-04-23,Registered,3.0,Pass Fail,Graduate,International,SCH08,PRG0801,Hybrid,35
REG000545,STU00058,SEC00332,2026WI,SCH08,PRG0801,0801-200,02,2025-12-25,Registered,3.0,Audit,Graduate,International,SCH08,PRG0801,In Person,27
REG000546,STU00058,SEC00331,2026WI,SCH08,PRG0801,0801-150,01,2025-12-14,Registered,3.0,Pass Fail,Graduate,International,SCH08,PRG0801,Online,33
REG000547,STU00059,SEC00189,2025SU,SCH08,PRG0802,0802-150,01,2025-04-12,Registered,3.0,Audit,First Time,In State,SCH08,PRG0802,Hybrid,40
REG000548,STU00059,SEC00190,2025SU,SCH08,PRG0802,0802-200,02,2025-04-25,Registered,3.0,Letter,First Time,In State,SCH08,PRG0802,Hybrid,29
REG000549,STU00059,SEC00405,2026SU,SCH08,PRG0802,0802-150,01,2026-04-18,Registered,3.0,Audit,First Time,In State,SCH08,PRG0802,Hybrid,25
REG000550,STU00059,SEC00406,2026SU,SCH08,PRG0802,0802-200,02,2026-04-11,Registered,3.0,Audit,First Time,In State,SCH08,PRG0802,Online,30
REG000551,STU00059,SEC00333,2026WI,SCH08,PRG0802,0802-150,01,2025-12-17,Registered,3.0,Pass Fail,First Time,In State,SCH08,PRG0802,Online,29
REG000552,STU00059,SEC00334,2026WI,SCH08,PRG0802,0802-200,02,2026-01-02,Dropped,0.0,Pass Fail,First Time,In State,SCH08,PRG0802,Online,42
REG000553,STU00060,SEC00048,2024FA,SCH08,PRG0803,0803-200,02,2024-07-25,Registered,3.0,Audit,First Time,In State,SCH08,PRG0803,In Person,38
REG000554,STU00060,SEC00047,2024FA,SCH08,PRG0803,0803-150,01,2024-08-15,Registered,3.0,Pass Fail,First Time,In State,SCH08,PRG0803,Online,42
REG000555,STU00060,SEC00191,2025SU,SCH08,PRG0803,0803-150,01,2025-04-11,Registered,3.0,Audit,First Time,In State,SCH08,PRG0803,Online,36
REG000556,STU00060,SEC00192,2025SU,SCH08,PRG0803,0803-200,02,2025-04-11,Registered,3.0,Audit,First Time,In State,SCH08,PRG0803,Online,30
REG000557,STU00060,SEC00119,2025WI,SCH08,PRG0803,0803-150,01,2025-01-04,Registered,3.0,Audit,First Time,In State,SCH08,PRG0803,Hybrid,28
REG000558,STU00060,SEC00120,2025WI,SCH08,PRG0803,0803-200,02,2024-12-23,Withdrawn,3.0,Letter,First Time,In State,SCH08,PRG0803,Hybrid,36
REG000559,STU00060,SEC00336,2026WI,SCH08,PRG0803,0803-200,02,2025-12-09,Registered,3.0,Audit,First Time,In State,SCH08,PRG0803,Online,38
REG000560,STU00060,SEC00335,2026WI,SCH08,PRG0803,0803-150,01,2025-12-12,Registered,3.0,Letter,First Time,In State,SCH08,PRG0803,Hybrid,24
REG000561,STU00061,SEC00049,2024FA,SCH09,PRG0901,0901-150,01,2024-07-31,Registered,3.0,Pass Fail,Continuing,International,SCH09,PRG0901,In Person,31
REG000562,STU00061,SEC00050,2024FA,SCH09,PRG0901,0901-200,02,2024-07-30,Registered,3.0,Audit,Continuing,International,SCH09,PRG0901,Online,26
REG000563,STU00061,SEC00266,2025FA,SCH09,PRG0901,0901-200,02,2025-08-01,Registered,3.0,Pass Fail,Continuing,International,SCH09,PRG0901,In Person,42
REG000564,STU00061,SEC00265,2025FA,SCH09,PRG0901,0901-150,01,2025-07-30,Registered,3.0,Pass Fail,Continuing,International,SCH09,PRG0901,In Person,40
REG000565,STU00061,SEC00194,2025SU,SCH09,PRG0901,0901-200,02,2025-04-16,Registered,3.0,Letter,Continuing,International,SCH09,PRG0901,Hybrid,25
REG000566,STU00061,SEC00193,2025SU,SCH09,PRG0901,0901-150,01,2025-04-12,Registered,3.0,Pass Fail,Continuing,International,SCH09,PRG0901,Online,30
REG000567,STU00061,SEC00121,2025WI,SCH09,PRG0901,0901-150,01,2024-12-19,Registered,3.0,Pass Fail,Continuing,International,SCH09,PRG0901,In Person,29
REG000568,STU00061,SEC00122,2025WI,SCH09,PRG0901,0901-200,02,2025-01-04,Registered,3.0,Letter,Continuing,International,SCH09,PRG0901,Online,40
REG000569,STU00061,SEC00337,2026WI,SCH09,PRG0901,0901-150,01,2025-12-19,Registered,3.0,Pass Fail,Continuing,International,SCH09,PRG0901,Online,41
REG000570,STU00061,SEC00338,2026WI,SCH09,PRG0901,0901-200,02,2025-12-12,Registered,3.0,Pass Fail,Continuing,International,SCH09,PRG0901,In Person,32
REG000571,STU00062,SEC00051,2024FA,SCH09,PRG0902,0902-150,01,2024-07-24,Dropped,0.0,Audit,Transfer,In State,SCH09,PRG0902,Hybrid,31
REG000572,STU00062,SEC00052,2024FA,SCH09,PRG0902,0902-200,02,2024-07-28,Registered,3.0,Letter,Transfer,In State,SCH09,PRG0902,Online,35
REG000573,STU00062,SEC00268,2025FA,SCH09,PRG0902,0902-200,02,2025-07-28,Registered,3.0,Letter,Transfer,In State,SCH09,PRG0902,Hybrid,25
REG000574,STU00062,SEC00267,2025FA,SCH09,PRG0902,0902-150,01,2025-07-24,Registered,3.0,Pass Fail,Transfer,In State,SCH09,PRG0902,In Person,37
REG000575,STU00062,SEC00195,2025SU,SCH09,PRG0902,0902-150,01,2025-04-11,Dropped,0.0,Letter,Transfer,In State,SCH09,PRG0902,Hybrid,24
REG000576,STU00062,SEC00196,2025SU,SCH09,PRG0902,0902-200,02,2025-04-24,Registered,3.0,Pass Fail,Transfer,In State,SCH09,PRG0902,In Person,34
REG000577,STU00062,SEC00124,2025WI,SCH09,PRG0902,0902-200,02,2024-12-21,Registered,3.0,Letter,Transfer,In State,SCH09,PRG0902,Online,42
REG000578,STU00062,SEC00123,2025WI,SCH09,PRG0902,0902-150,01,2024-12-14,Withdrawn,3.0,Letter,Transfer,In State,SCH09,PRG0902,Hybrid,34
REG000579,STU00062,SEC00411,2026SU,SCH09,PRG0902,0902-150,01,2026-04-13,Registered,3.0,Audit,Transfer,In State,SCH09,PRG0902,Online,31
REG000580,STU00062,SEC00412,2026SU,SCH09,PRG0902,0902-200,02,2026-04-16,Dropped,0.0,Pass Fail,Transfer,In State,SCH09,PRG0902,Hybrid,37
REG000581,STU00062,SEC00340,2026WI,SCH09,PRG0902,0902-200,02,2025-12-17,Registered,3.0,Audit,Transfer,In State,SCH09,PRG0902,In Person,27
REG000582,STU00062,SEC00339,2026WI,SCH09,PRG0902,0902-150,01,2025-12-14,Registered,3.0,Letter,Transfer,In State,SCH09,PRG0902,Hybrid,37
REG000583,STU00063,SEC00126,2025WI,SCH09,PRG0903,0903-200,02,2024-12-25,Registered,3.0,Audit,Continuing,In State,SCH09,PRG0903,Hybrid,33
REG000584,STU00063,SEC00125,2025WI,SCH09,PRG0903,0903-150,01,2024-12-20,Registered,3.0,Pass Fail,Continuing,In State,SCH09,PRG0903,In Person,41
REG000585,STU00063,SEC00414,2026SU,SCH09,PRG0903,0903-200,02,2026-04-21,Registered,3.0,Letter,Continuing,In State,SCH09,PRG0903,Online,38
REG000586,STU00063,SEC00413,2026SU,SCH09,PRG0903,0903-150,01,2026-04-11,Registered,3.0,Pass Fail,Continuing,In State,SCH09,PRG0903,In Person,30
REG000587,STU00063,SEC00342,2026WI,SCH09,PRG0903,0903-200,02,2025-12-23,Registered,3.0,Audit,Continuing,In State,SCH09,PRG0903,In Person,34
REG000588,STU00063,SEC00341,2026WI,SCH09,PRG0903,0903-150,01,2026-01-02,Registered,3.0,Letter,Continuing,In State,SCH09,PRG0903,Hybrid,42
REG000589,STU00064,SEC00056,2024FA,SCH10,PRG1001,1001-200,02,2024-07-22,Registered,3.0,Pass Fail,Continuing,In State,SCH10,PRG1001,Hybrid,40
REG000590,STU00064,SEC00055,2024FA,SCH10,PRG1001,1001-150,01,2024-07-29,Registered,3.0,Audit,Continuing,In State,SCH10,PRG1001,Hybrid,40
REG000591,STU00064,SEC00271,2025FA,SCH10,PRG1001,1001-150,01,2025-08-11,Registered,3.0,Audit,Continuing,In State,SCH10,PRG1001,Hybrid,41
REG000592,STU00064,SEC00272,2025FA,SCH10,PRG1001,1001-200,02,2025-08-10,Registered,3.0,Pass Fail,Continuing,In State,SCH10,PRG1001,In Person,30
REG000593,STU00064,SEC00199,2025SU,SCH10,PRG1001,1001-150,01,2025-04-10,Registered,3.0,Pass Fail,Continuing,In State,SCH10,PRG1001,Hybrid,37
REG000594,STU00064,SEC00200,2025SU,SCH10,PRG1001,1001-200,02,2025-05-04,Registered,3.0,Letter,Continuing,In State,SCH10,PRG1001,Hybrid,40
REG000595,STU00064,SEC00128,2025WI,SCH10,PRG1001,1001-200,02,2024-12-15,Registered,3.0,Letter,Continuing,In State,SCH10,PRG1001,In Person,38
REG000596,STU00064,SEC00127,2025WI,SCH10,PRG1001,1001-150,01,2024-12-24,Registered,3.0,Letter,Continuing,In State,SCH10,PRG1001,Hybrid,42
REG000597,STU00064,SEC00343,2026WI,SCH10,PRG1001,1001-150,01,2025-12-28,Registered,3.0,Pass Fail,Continuing,In State,SCH10,PRG1001,Online,26
REG000598,STU00064,SEC00344,2026WI,SCH10,PRG1001,1001-200,02,2025-12-15,Registered,3.0,Audit,Continuing,In State,SCH10,PRG1001,Hybrid,32
REG000599,STU00065,SEC00058,2024FA,SCH10,PRG1002,1002-200,02,2024-07-22,Registered,3.0,Pass Fail,Graduate,International,SCH10,PRG1002,Online,35
REG000600,STU00065,SEC00057,2024FA,SCH10,PRG1002,1002-150,01,2024-08-17,Registered,3.0,Audit,Graduate,International,SCH10,PRG1002,Hybrid,35
REG000601,STU00065,SEC00273,2025FA,SCH10,PRG1002,1002-150,01,2025-08-16,Registered,3.0,Letter,Graduate,International,SCH10,PRG1002,Hybrid,25
REG000602,STU00065,SEC00274,2025FA,SCH10,PRG1002,1002-200,02,2025-07-21,Registered,3.0,Pass Fail,Graduate,International,SCH10,PRG1002,In Person,34
REG000603,STU00065,SEC00418,2026SU,SCH10,PRG1002,1002-200,02,2026-04-23,Registered,3.0,Pass Fail,Graduate,International,SCH10,PRG1002,Online,25
REG000604,STU00065,SEC00417,2026SU,SCH10,PRG1002,1002-150,01,2026-04-09,Registered,3.0,Pass Fail,Graduate,International,SCH10,PRG1002,Hybrid,25
REG000605,STU00065,SEC00346,2026WI,SCH10,PRG1002,1002-200,02,2025-12-15,Registered,3.0,Letter,Graduate,International,SCH10,PRG1002,Hybrid,29
REG000606,STU00065,SEC00345,2026WI,SCH10,PRG1002,1002-150,01,2025-12-13,Registered,3.0,Audit,Graduate,International,SCH10,PRG1002,Online,35
REG000607,STU00066,SEC00059,2024FA,SCH10,PRG1003,1003-150,01,2024-07-27,Registered,3.0,Audit,Transfer,Out of State,SCH10,PRG1003,In Person,28
REG000608,STU00066,SEC00060,2024FA,SCH10,PRG1003,1003-200,02,2024-08-09,Registered,3.0,Pass Fail,Transfer,Out of State,SCH10,PRG1003,In Person,24
REG000609,STU00066,SEC00276,2025FA,SCH10,PRG1003,1003-200,02,2025-08-12,Registered,3.0,Audit,Transfer,Out of State,SCH10,PRG1003,In Person,25
REG000610,STU00066,SEC00275,2025FA,SCH10,PRG1003,1003-150,01,2025-07-23,Registered,3.0,Pass Fail,Transfer,Out of State,SCH10,PRG1003,Hybrid,34
REG000611,STU00066,SEC00204,2025SU,SCH10,PRG1003,1003-200,02,2025-04-26,Registered,3.0,Letter,Transfer,Out of State,SCH10,PRG1003,Online,31
REG000612,STU00066,SEC00203,2025SU,SCH10,PRG1003,1003-150,01,2025-04-23,Registered,3.0,Letter,Transfer,Out of State,SCH10,PRG1003,Hybrid,40
REG000613,STU00066,SEC00132,2025WI,SCH10,PRG1003,1003-200,02,2024-12-30,Registered,3.0,Letter,Transfer,Out of State,SCH10,PRG1003,Hybrid,37
REG000614,STU00066,SEC00131,2025WI,SCH10,PRG1003,1003-150,01,2024-12-23,Registered,3.0,Audit,Transfer,Out of State,SCH10,PRG1003,In Person,36
REG000615,STU00066,SEC00420,2026SU,SCH10,PRG1003,1003-200,02,2026-04-18,Registered,3.0,Audit,Transfer,Out of State,SCH10,PRG1003,In Person,29
REG000616,STU00066,SEC00419,2026SU,SCH10,PRG1003,1003-150,01,2026-04-28,Registered,3.0,Letter,Transfer,Out of State,SCH10,PRG1003,In Person,30
REG000617,STU00067,SEC00061,2024FA,SCH11,PRG1101,1101-150,01,2024-08-09,Registered,3.0,Audit,Transfer,Out of State,SCH11,PRG1101,In Person,27
REG000618,STU00067,SEC00062,2024FA,SCH11,PRG1101,1101-200,02,2024-08-06,Registered,3.0,Letter,Transfer,Out of State,SCH11,PRG1101,In Person,29
REG000619,STU00067,SEC00278,2025FA,SCH11,PRG1101,1101-200,02,2025-08-09,Registered,3.0,Pass Fail,Transfer,Out of State,SCH11,PRG1101,Hybrid,24
REG000620,STU00067,SEC00277,2025FA,SCH11,PRG1101,1101-150,01,2025-07-30,Registered,3.0,Letter,Transfer,Out of State,SCH11,PRG1101,Online,29
REG000621,STU00067,SEC00205,2025SU,SCH11,PRG1101,1101-150,01,2025-04-13,Registered,3.0,Audit,Transfer,Out of State,SCH11,PRG1101,Hybrid,27
REG000622,STU00067,SEC00206,2025SU,SCH11,PRG1101,1101-200,02,2025-04-23,Registered,3.0,Audit,Transfer,Out of State,SCH11,PRG1101,In Person,37
REG000623,STU00067,SEC00133,2025WI,SCH11,PRG1101,1101-150,01,2024-12-18,Registered,3.0,Letter,Transfer,Out of State,SCH11,PRG1101,Online,31
REG000624,STU00067,SEC00134,2025WI,SCH11,PRG1101,1101-200,02,2025-01-05,Registered,3.0,Audit,Transfer,Out of State,SCH11,PRG1101,Hybrid,41
REG000625,STU00067,SEC00422,2026SU,SCH11,PRG1101,1101-200,02,2026-04-14,Registered,3.0,Audit,Transfer,Out of State,SCH11,PRG1101,In Person,33
REG000626,STU00067,SEC00421,2026SU,SCH11,PRG1101,1101-150,01,2026-04-11,Registered,3.0,Pass Fail,Transfer,Out of State,SCH11,PRG1101,In Person,27
REG000627,STU00067,SEC00349,2026WI,SCH11,PRG1101,1101-150,01,2025-12-31,Registered,3.0,Letter,Transfer,Out of State,SCH11,PRG1101,Online,34
REG000628,STU00067,SEC00350,2026WI,SCH11,PRG1101,1101-200,02,2025-12-30,Registered,3.0,Audit,Transfer,Out of State,SCH11,PRG1101,Online,25
REG000629,STU00068,SEC00064,2024FA,SCH11,PRG1102,1102-200,02,2024-07-24,Registered,3.0,Letter,Graduate,In State,SCH11,PRG1102,Hybrid,38
REG000630,STU00068,SEC00063,2024FA,SCH11,PRG1102,1102-150,01,2024-07-27,Registered,3.0,Audit,Graduate,In State,SCH11,PRG1102,Hybrid,42
REG000631,STU00068,SEC00279,2025FA,SCH11,PRG1102,1102-150,01,2025-08-03,Registered,3.0,Pass Fail,Graduate,In State,SCH11,PRG1102,Hybrid,29
REG000632,STU00068,SEC00280,2025FA,SCH11,PRG1102,1102-200,02,2025-08-01,Withdrawn,3.0,Pass Fail,Graduate,In State,SCH11,PRG1102,Hybrid,39
REG000633,STU00068,SEC00351,2026WI,SCH11,PRG1102,1102-150,01,2025-12-24,Registered,3.0,Pass Fail,Graduate,In State,SCH11,PRG1102,Online,32
REG000634,STU00068,SEC00352,2026WI,SCH11,PRG1102,1102-200,02,2025-12-11,Registered,3.0,Pass Fail,Graduate,In State,SCH11,PRG1102,Online,41
REG000635,STU00069,SEC00065,2024FA,SCH11,PRG1103,1103-150,01,2024-08-13,Registered,3.0,Letter,Graduate,Out of State,SCH11,PRG1103,Hybrid,24
REG000636,STU00069,SEC00066,2024FA,SCH11,PRG1103,1103-200,02,2024-07-22,Registered,3.0,Pass Fail,Graduate,Out of State,SCH11,PRG1103,Online,27
REG000637,STU00069,SEC00209,2025SU,SCH11,PRG1103,1103-150,01,2025-04-13,Withdrawn,3.0,Audit,Graduate,Out of State,SCH11,PRG1103,Online,36
REG000638,STU00069,SEC00210,2025SU,SCH11,PRG1103,1103-200,02,2025-04-14,Dropped,0.0,Letter,Graduate,Out of State,SCH11,PRG1103,Hybrid,29
REG000639,STU00069,SEC00137,2025WI,SCH11,PRG1103,1103-150,01,2024-12-19,Registered,3.0,Pass Fail,Graduate,Out of State,SCH11,PRG1103,In Person,37
REG000640,STU00069,SEC00138,2025WI,SCH11,PRG1103,1103-200,02,2024-12-25,Registered,3.0,Audit,Graduate,Out of State,SCH11,PRG1103,Online,24
REG000641,STU00069,SEC00354,2026WI,SCH11,PRG1103,1103-200,02,2025-12-27,Dropped,0.0,Audit,Graduate,Out of State,SCH11,PRG1103,In Person,38
REG000642,STU00069,SEC00353,2026WI,SCH11,PRG1103,1103-150,01,2025-12-16,Registered,3.0,Letter,Graduate,Out of State,SCH11,PRG1103,Hybrid,33
REG000643,STU00070,SEC00068,2024FA,SCH12,PRG1201,1201-200,02,2024-07-29,Registered,3.0,Letter,First Time,In State,SCH12,PRG1201,Hybrid,24
REG000644,STU00070,SEC00067,2024FA,SCH12,PRG1201,1201-150,01,2024-08-02,Registered,3.0,Letter,First Time,In State,SCH12,PRG1201,In Person,32
REG000645,STU00070,SEC00283,2025FA,SCH12,PRG1201,1201-150,01,2025-07-21,Registered,3.0,Pass Fail,First Time,In State,SCH12,PRG1201,Online,40
REG000646,STU00070,SEC00284,2025FA,SCH12,PRG1201,1201-200,02,2025-07-27,Withdrawn,3.0,Audit,First Time,In State,SCH12,PRG1201,Online,29
REG000647,STU00070,SEC00212,2025SU,SCH12,PRG1201,1201-200,02,2025-04-23,Registered,3.0,Letter,First Time,In State,SCH12,PRG1201,In Person,30
REG000648,STU00070,SEC00211,2025SU,SCH12,PRG1201,1201-150,01,2025-04-29,Registered,3.0,Pass Fail,First Time,In State,SCH12,PRG1201,Hybrid,36
REG000649,STU00070,SEC00140,2025WI,SCH12,PRG1201,1201-200,02,2025-01-04,Registered,3.0,Audit,First Time,In State,SCH12,PRG1201,Online,37
REG000650,STU00070,SEC00139,2025WI,SCH12,PRG1201,1201-150,01,2024-12-16,Registered,3.0,Audit,First Time,In State,SCH12,PRG1201,Hybrid,42
REG000651,STU00070,SEC00427,2026SU,SCH12,PRG1201,1201-150,01,2026-04-12,Registered,3.0,Pass Fail,First Time,In State,SCH12,PRG1201,Hybrid,24
REG000652,STU00070,SEC00428,2026SU,SCH12,PRG1201,1201-200,02,2026-04-12,Registered,3.0,Pass Fail,First Time,In State,SCH12,PRG1201,In Person,36
REG000653,STU00070,SEC00355,2026WI,SCH12,PRG1201,1201-150,01,2026-01-01,Registered,3.0,Letter,First Time,In State,SCH12,PRG1201,Online,25
REG000654,STU00070,SEC00356,2026WI,SCH12,PRG1201,1201-200,02,2025-12-24,Registered,3.0,Pass Fail,First Time,In State,SCH12,PRG1201,Hybrid,30
REG000655,STU00071,SEC00069,2024FA,SCH12,PRG1202,1202-150,01,2024-08-05,Registered,3.0,Letter,First Time,In State,SCH12,PRG1202,In Person,30
REG000656,STU00071,SEC00070,2024FA,SCH12,PRG1202,1202-200,02,2024-08-13,Registered,3.0,Letter,First Time,In State,SCH12,PRG1202,Online,24
REG000657,STU00071,SEC00214,2025SU,SCH12,PRG1202,1202-200,02,2025-04-23,Registered,3.0,Pass Fail,First Time,In State,SCH12,PRG1202,In Person,32
REG000658,STU00071,SEC00213,2025SU,SCH12,PRG1202,1202-150,01,2025-04-15,Withdrawn,3.0,Pass Fail,First Time,In State,SCH12,PRG1202,Hybrid,34
REG000659,STU00071,SEC00141,2025WI,SCH12,PRG1202,1202-150,01,2025-01-04,Registered,3.0,Pass Fail,First Time,In State,SCH12,PRG1202,In Person,25
REG000660,STU00071,SEC00142,2025WI,SCH12,PRG1202,1202-200,02,2024-12-14,Dropped,0.0,Audit,First Time,In State,SCH12,PRG1202,Online,41
REG000661,STU00071,SEC00357,2026WI,SCH12,PRG1202,1202-150,01,2025-12-10,Registered,3.0,Pass Fail,First Time,In State,SCH12,PRG1202,In Person,38
REG000662,STU00071,SEC00358,2026WI,SCH12,PRG1202,1202-200,02,2025-12-13,Registered,3.0,Pass Fail,First Time,In State,SCH12,PRG1202,Hybrid,33
REG000663,STU00072,SEC00072,2024FA,SCH12,PRG1203,1203-200,02,2024-08-02,Withdrawn,3.0,Letter,First Time,Out of State,SCH12,PRG1203,Hybrid,42
REG000664,STU00072,SEC00071,2024FA,SCH12,PRG1203,1203-150,01,2024-08-11,Registered,3.0,Letter,First Time,Out of State,SCH12,PRG1203,In Person,26
REG000665,STU00072,SEC00287,2025FA,SCH12,PRG1203,1203-150,01,2025-08-06,Registered,3.0,Audit,First Time,Out of State,SCH12,PRG1203,In Person,30
REG000666,STU00072,SEC00288,2025FA,SCH12,PRG1203,1203-200,02,2025-07-27,Registered,3.0,Letter,First Time,Out of State,SCH12,PRG1203,In Person,24
REG000667,STU00072,SEC00143,2025WI,SCH12,PRG1203,1203-150,01,2025-01-01,Registered,3.0,Audit,First Time,Out of State,SCH12,PRG1203,In Person,36
REG000668,STU00072,SEC00144,2025WI,SCH12,PRG1203,1203-200,02,2024-12-26,Registered,3.0,Letter,First Time,Out of State,SCH12,PRG1203,Online,28
REG000669,STU00072,SEC00359,2026WI,SCH12,PRG1203,1203-150,01,2025-12-24,Registered,3.0,Letter,First Time,Out of State,SCH12,PRG1203,Hybrid,41
REG000670,STU00072,SEC00360,2026WI,SCH12,PRG1203,1203-200,02,2025-12-29,Registered,3.0,Letter,First Time,Out of State,SCH12,PRG1203,Hybrid,28
REG000671,STU00073,SEC00002,2024FA,SCH01,PRG0101,0101-200,02,2024-08-06,Registered,3.0,Pass Fail,Transfer,In State,SCH01,PRG0101,Online,28
REG000672,STU00073,SEC00001,2024FA,SCH01,PRG0101,0101-150,01,2024-08-04,Registered,3.0,Audit,Transfer,In State,SCH01,PRG0101,Online,29
REG000673,STU00073,SEC00218,2025FA,SCH01,PRG0101,0101-200,02,2025-07-26,Registered,3.0,Audit,Transfer,In State,SCH01,PRG0101,Online,36
REG000674,STU00073,SEC00217,2025FA,SCH01,PRG0101,0101-150,01,2025-08-10,Dropped,0.0,Letter,Transfer,In State,SCH01,PRG0101,In Person,41
REG000675,STU00073,SEC00073,2025WI,SCH01,PRG0101,0101-150,01,2024-12-30,Withdrawn,3.0,Audit,Transfer,In State,SCH01,PRG0101,Online,30
REG000676,STU00073,SEC00074,2025WI,SCH01,PRG0101,0101-200,02,2024-12-27,Registered,3.0,Pass Fail,Transfer,In State,SCH01,PRG0101,In Person,32
REG000677,STU00073,SEC00361,2026SU,SCH01,PRG0101,0101-150,01,2026-04-26,Registered,3.0,Pass Fail,Transfer,In State,SCH01,PRG0101,In Person,29
REG000678,STU00073,SEC00362,2026SU,SCH01,PRG0101,0101-200,02,2026-04-12,Registered,3.0,Pass Fail,Transfer,In State,SCH01,PRG0101,Online,26
REG000679,STU00073,SEC00290,2026WI,SCH01,PRG0101,0101-200,02,2025-12-24,Registered,3.0,Letter,Transfer,In State,SCH01,PRG0101,In Person,31
REG000680,STU00073,SEC00289,2026WI,SCH01,PRG0101,0101-150,01,2026-01-04,Registered,3.0,Pass Fail,Transfer,In State,SCH01,PRG0101,Online,33
REG000681,STU00074,SEC00004,2024FA,SCH01,PRG0102,0102-200,02,2024-08-18,Registered,3.0,Audit,Graduate,International,SCH01,PRG0102,Hybrid,38
REG000682,STU00074,SEC00003,2024FA,SCH01,PRG0102,0102-150,01,2024-07-26,Registered,3.0,Pass Fail,Graduate,International,SCH01,PRG0102,Hybrid,42
REG000683,STU00074,SEC00220,2025FA,SCH01,PRG0102,0102-200,02,2025-08-06,Registered,3.0,Audit,Graduate,International,SCH01,PRG0102,Online,25
REG000684,STU00074,SEC00219,2025FA,SCH01,PRG0102,0102-150,01,2025-08-14,Registered,3.0,Audit,Graduate,International,SCH01,PRG0102,Online,38
REG000685,STU00074,SEC00076,2025WI,SCH01,PRG0102,0102-200,02,2025-01-01,Registered,3.0,Letter,Graduate,International,SCH01,PRG0102,Online,25
REG000686,STU00074,SEC00075,2025WI,SCH01,PRG0102,0102-150,01,2024-12-13,Registered,3.0,Pass Fail,Graduate,International,SCH01,PRG0102,Hybrid,25
REG000687,STU00074,SEC00364,2026SU,SCH01,PRG0102,0102-200,02,2026-04-13,Registered,3.0,Pass Fail,Graduate,International,SCH01,PRG0102,In Person,32
REG000688,STU00074,SEC00363,2026SU,SCH01,PRG0102,0102-150,01,2026-04-17,Registered,3.0,Audit,Graduate,International,SCH01,PRG0102,Hybrid,25
REG000689,STU00074,SEC00291,2026WI,SCH01,PRG0102,0102-150,01,2025-12-17,Withdrawn,3.0,Letter,Graduate,International,SCH01,PRG0102,In Person,31
REG000690,STU00074,SEC00292,2026WI,SCH01,PRG0102,0102-200,02,2025-12-23,Registered,3.0,Letter,Graduate,International,SCH01,PRG0102,In Person,34
REG000691,STU00075,SEC00006,2024FA,SCH01,PRG0103,0103-200,02,2024-08-12,Registered,3.0,Audit,Continuing,In State,SCH01,PRG0103,Online,35
REG000692,STU00075,SEC00005,2024FA,SCH01,PRG0103,0103-150,01,2024-08-09,Registered,3.0,Pass Fail,Continuing,In State,SCH01,PRG0103,In Person,39
REG000693,STU00075,SEC00150,2025SU,SCH01,PRG0103,0103-200,02,2025-05-04,Registered,3.0,Pass Fail,Continuing,In State,SCH01,PRG0103,Online,40
REG000694,STU00075,SEC00149,2025SU,SCH01,PRG0103,0103-150,01,2025-04-22,Registered,3.0,Pass Fail,Continuing,In State,SCH01,PRG0103,Online,25
REG000695,STU00075,SEC00365,2026SU,SCH01,PRG0103,0103-150,01,2026-04-15,Registered,3.0,Letter,Continuing,In State,SCH01,PRG0103,In Person,39
REG000696,STU00075,SEC00366,2026SU,SCH01,PRG0103,0103-200,02,2026-04-08,Withdrawn,3.0,Pass Fail,Continuing,In State,SCH01,PRG0103,Hybrid,29
REG000697,STU00076,SEC00007,2024FA,SCH02,PRG0201,0201-150,01,2024-07-31,Registered,3.0,Letter,Graduate,In State,SCH02,PRG0201,Online,26
REG000698,STU00076,SEC00008,2024FA,SCH02,PRG0201,0201-200,02,2024-08-06,Registered,3.0,Letter,Graduate,In State,SCH02,PRG0201,In Person,25
REG000699,STU00076,SEC00223,2025FA,SCH02,PRG0201,0201-150,01,2025-07-22,Withdrawn,3.0,Letter,Graduate,In State,SCH02,PRG0201,Hybrid,30
REG000700,STU00076,SEC00224,2025FA,SCH02,PRG0201,0201-200,02,2025-07-24,Registered,3.0,Pass Fail,Graduate,In State,SCH02,PRG0201,Hybrid,41
REG000701,STU00076,SEC00151,2025SU,SCH02,PRG0201,0201-150,01,2025-04-09,Registered,3.0,Pass Fail,Graduate,In State,SCH02,PRG0201,Hybrid,30
REG000702,STU00076,SEC00152,2025SU,SCH02,PRG0201,0201-200,02,2025-04-22,Registered,3.0,Audit,Graduate,In State,SCH02,PRG0201,Hybrid,27
REG000703,STU00076,SEC00079,2025WI,SCH02,PRG0201,0201-150,01,2025-01-03,Registered,3.0,Audit,Graduate,In State,SCH02,PRG0201,Online,26
REG000704,STU00076,SEC00080,2025WI,SCH02,PRG0201,0201-200,02,2024-12-29,Registered,3.0,Pass Fail,Graduate,In State,SCH02,PRG0201,Hybrid,32
REG000705,STU00076,SEC00367,2026SU,SCH02,PRG0201,0201-150,01,2026-04-30,Dropped,0.0,Letter,Graduate,In State,SCH02,PRG0201,Online,26
REG000706,STU00076,SEC00368,2026SU,SCH02,PRG0201,0201-200,02,2026-04-10,Registered,3.0,Letter,Graduate,In State,SCH02,PRG0201,Online,33
REG000707,STU00076,SEC00295,2026WI,SCH02,PRG0201,0201-150,01,2025-12-28,Withdrawn,3.0,Letter,Graduate,In State,SCH02,PRG0201,Online,38
REG000708,STU00076,SEC00296,2026WI,SCH02,PRG0201,0201-200,02,2025-12-26,Registered,3.0,Audit,Graduate,In State,SCH02,PRG0201,Hybrid,34
REG000709,STU00077,SEC00225,2025FA,SCH02,PRG0202,0202-150,01,2025-08-08,Registered,3.0,Pass Fail,Graduate,International,SCH02,PRG0202,Hybrid,39
REG000710,STU00077,SEC00226,2025FA,SCH02,PRG0202,0202-200,02,2025-07-27,Registered,3.0,Pass Fail,Graduate,International,SCH02,PRG0202,In Person,31
REG000711,STU00077,SEC00153,2025SU,SCH02,PRG0202,0202-150,01,2025-04-21,Registered,3.0,Audit,Graduate,International,SCH02,PRG0202,Hybrid,29
REG000712,STU00077,SEC00154,2025SU,SCH02,PRG0202,0202-200,02,2025-05-03,Registered,3.0,Audit,Graduate,International,SCH02,PRG0202,Online,35
REG000713,STU00077,SEC00082,2025WI,SCH02,PRG0202,0202-200,02,2024-12-21,Registered,3.0,Letter,Graduate,International,SCH02,PRG0202,In Person,42
REG000714,STU00077,SEC00081,2025WI,SCH02,PRG0202,0202-150,01,2024-12-09,Registered,3.0,Audit,Graduate,International,SCH02,PRG0202,Hybrid,31
REG000715,STU00077,SEC00370,2026SU,SCH02,PRG0202,0202-200,02,2026-04-19,Registered,3.0,Letter,Graduate,International,SCH02,PRG0202,Hybrid,40
REG000716,STU00077,SEC00369,2026SU,SCH02,PRG0202,0202-150,01,2026-04-28,Registered,3.0,Pass Fail,Graduate,International,SCH02,PRG0202,Online,41
REG000717,STU00077,SEC00298,2026WI,SCH02,PRG0202,0202-200,02,2025-12-22,Registered,3.0,Letter,Graduate,International,SCH02,PRG0202,In Person,39
REG000718,STU00077,SEC00297,2026WI,SCH02,PRG0202,0202-150,01,2025-12-28,Registered,3.0,Letter,Graduate,International,SCH02,PRG0202,In Person,24
REG000719,STU00078,SEC00011,2024FA,SCH02,PRG0203,0203-150,01,2024-08-02,Registered,3.0,Audit,Continuing,Out of State,SCH02,PRG0203,Online,38
REG000720,STU00078,SEC00012,2024FA,SCH02,PRG0203,0203-200,02,2024-08-12,Registered,3.0,Pass Fail,Continuing,Out of State,SCH02,PRG0203,Hybrid,26
REG000721,STU00078,SEC00156,2025SU,SCH02,PRG0203,0203-200,02,2025-04-26,Registered,3.0,Audit,Continuing,Out of State,SCH02,PRG0203,Online,24
REG000722,STU00078,SEC00155,2025SU,SCH02,PRG0203,0203-150,01,2025-04-08,Registered,3.0,Audit,Continuing,Out of State,SCH02,PRG0203,Hybrid,27
REG000723,STU00078,SEC00083,2025WI,SCH02,PRG0203,0203-150,01,2025-01-04,Registered,3.0,Audit,Continuing,Out of State,SCH02,PRG0203,Online,41
REG000724,STU00078,SEC00084,2025WI,SCH02,PRG0203,0203-200,02,2024-12-29,Registered,3.0,Audit,Continuing,Out of State,SCH02,PRG0203,Online,28
REG000725,STU00079,SEC00229,2025FA,SCH03,PRG0301,0301-150,01,2025-07-24,Registered,3.0,Pass Fail,Graduate,Out of State,SCH03,PRG0301,Hybrid,42
REG000726,STU00079,SEC00230,2025FA,SCH03,PRG0301,0301-200,02,2025-08-16,Dropped,0.0,Pass Fail,Graduate,Out of State,SCH03,PRG0301,Hybrid,30
REG000727,STU00079,SEC00158,2025SU,SCH03,PRG0301,0301-200,02,2025-04-24,Registered,3.0,Pass Fail,Graduate,Out of State,SCH03,PRG0301,Hybrid,40
REG000728,STU00079,SEC00157,2025SU,SCH03,PRG0301,0301-150,01,2025-04-26,Registered,3.0,Pass Fail,Graduate,Out of State,SCH03,PRG0301,Hybrid,27
REG000729,STU00079,SEC00373,2026SU,SCH03,PRG0301,0301-150,01,2026-04-08,Registered,3.0,Pass Fail,Graduate,Out of State,SCH03,PRG0301,In Person,42
REG000730,STU00079,SEC00374,2026SU,SCH03,PRG0301,0301-200,02,2026-04-12,Registered,3.0,Pass Fail,Graduate,Out of State,SCH03,PRG0301,Hybrid,36
REG000731,STU00079,SEC00301,2026WI,SCH03,PRG0301,0301-150,01,2025-12-08,Registered,3.0,Letter,Graduate,Out of State,SCH03,PRG0301,In Person,36
REG000732,STU00079,SEC00302,2026WI,SCH03,PRG0301,0301-200,02,2025-12-13,Registered,3.0,Pass Fail,Graduate,Out of State,SCH03,PRG0301,In Person,33
REG000733,STU00080,SEC00015,2024FA,SCH03,PRG0302,0302-150,01,2024-08-11,Registered,3.0,Audit,Graduate,Out of State,SCH03,PRG0302,Hybrid,26
REG000734,STU00080,SEC00016,2024FA,SCH03,PRG0302,0302-200,02,2024-08-13,Registered,3.0,Pass Fail,Graduate,Out of State,SCH03,PRG0302,Hybrid,33
REG000735,STU00080,SEC00232,2025FA,SCH03,PRG0302,0302-200,02,2025-08-10,Registered,3.0,Audit,Graduate,Out of State,SCH03,PRG0302,Online,37
REG000736,STU00080,SEC00231,2025FA,SCH03,PRG0302,0302-150,01,2025-08-12,Registered,3.0,Audit,Graduate,Out of State,SCH03,PRG0302,Hybrid,29
REG000737,STU00080,SEC00088,2025WI,SCH03,PRG0302,0302-200,02,2024-12-27,Withdrawn,3.0,Letter,Graduate,Out of State,SCH03,PRG0302,In Person,39
REG000738,STU00080,SEC00087,2025WI,SCH03,PRG0302,0302-150,01,2024-12-30,Registered,3.0,Pass Fail,Graduate,Out of State,SCH03,PRG0302,In Person,41
REG000739,STU00080,SEC00376,2026SU,SCH03,PRG0302,0302-200,02,2026-04-08,Withdrawn,3.0,Pass Fail,Graduate,Out of State,SCH03,PRG0302,Online,25
REG000740,STU00080,SEC00375,2026SU,SCH03,PRG0302,0302-150,01,2026-04-30,Registered,3.0,Audit,Graduate,Out of State,SCH03,PRG0302,In Person,28
REG000741,STU00080,SEC00303,2026WI,SCH03,PRG0302,0302-150,01,2025-12-20,Registered,3.0,Letter,Graduate,Out of State,SCH03,PRG0302,In Person,33
REG000742,STU00080,SEC00304,2026WI,SCH03,PRG0302,0302-200,02,2025-12-18,Registered,3.0,Audit,Graduate,Out of State,SCH03,PRG0302,In Person,34
REG000743,STU00081,SEC00018,2024FA,SCH03,PRG0303,0303-200,02,2024-08-18,Registered,3.0,Letter,Continuing,In State,SCH03,PRG0303,Hybrid,28
REG000744,STU00081,SEC00017,2024FA,SCH03,PRG0303,0303-150,01,2024-08-05,Registered,3.0,Letter,Continuing,In State,SCH03,PRG0303,Online,30
REG000745,STU00081,SEC00234,2025FA,SCH03,PRG0303,0303-200,02,2025-07-30,Registered,3.0,Pass Fail,Continuing,In State,SCH03,PRG0303,Online,28
REG000746,STU00081,SEC00233,2025FA,SCH03,PRG0303,0303-150,01,2025-08-12,Registered,3.0,Letter,Continuing,In State,SCH03,PRG0303,In Person,26
REG000747,STU00081,SEC00161,2025SU,SCH03,PRG0303,0303-150,01,2025-04-09,Registered,3.0,Pass Fail,Continuing,In State,SCH03,PRG0303,Hybrid,25
REG000748,STU00081,SEC00162,2025SU,SCH03,PRG0303,0303-200,02,2025-04-08,Registered,3.0,Pass Fail,Continuing,In State,SCH03,PRG0303,In Person,32
REG000749,STU00081,SEC00090,2025WI,SCH03,PRG0303,0303-200,02,2024-12-10,Registered,3.0,Pass Fail,Continuing,In State,SCH03,PRG0303,Online,24
REG000750,STU00081,SEC00089,2025WI,SCH03,PRG0303,0303-150,01,2024-12-30,Registered,3.0,Pass Fail,Continuing,In State,SCH03,PRG0303,Hybrid,29
REG000751,STU00081,SEC00378,2026SU,SCH03,PRG0303,0303-200,02,2026-04-20,Registered,3.0,Pass Fail,Continuing,In State,SCH03,PRG0303,Online,27
REG000752,STU00081,SEC00377,2026SU,SCH03,PRG0303,0303-150,01,2026-04-11,Registered,3.0,Pass Fail,Continuing,In State,SCH03,PRG0303,Hybrid,33
REG000753,STU00082,SEC00020,2024FA,SCH04,PRG0401,0401-200,02,2024-08-09,Registered,3.0,Audit,Transfer,Out of State,SCH04,PRG0401,Hybrid,35
REG000754,STU00082,SEC00019,2024FA,SCH04,PRG0401,0401-150,01,2024-07-30,Registered,3.0,Audit,Transfer,Out of State,SCH04,PRG0401,Hybrid,39
REG000755,STU00082,SEC00091,2025WI,SCH04,PRG0401,0401-150,01,2024-12-21,Withdrawn,3.0,Letter,Transfer,Out of State,SCH04,PRG0401,Online,25
REG000756,STU00082,SEC00092,2025WI,SCH04,PRG0401,0401-200,02,2024-12-16,Registered,3.0,Pass Fail,Transfer,Out of State,SCH04,PRG0401,Hybrid,27
REG000757,STU00082,SEC00380,2026SU,SCH04,PRG0401,0401-200,02,2026-04-29,Registered,3.0,Audit,Transfer,Out of State,SCH04,PRG0401,Hybrid,32
REG000758,STU00082,SEC00379,2026SU,SCH04,PRG0401,0401-150,01,2026-04-17,Dropped,0.0,Letter,Transfer,Out of State,SCH04,PRG0401,In Person,24
REG000759,STU00082,SEC00308,2026WI,SCH04,PRG0401,0401-200,02,2025-12-22,Dropped,0.0,Pass Fail,Transfer,Out of State,SCH04,PRG0401,In Person,37
REG000760,STU00082,SEC00307,2026WI,SCH04,PRG0401,0401-150,01,2025-12-20,Registered,3.0,Letter,Transfer,Out of State,SCH04,PRG0401,In Person,37
REG000761,STU00083,SEC00022,2024FA,SCH04,PRG0402,0402-200,02,2024-08-08,Registered,3.0,Pass Fail,Transfer,International,SCH04,PRG0402,Online,40
REG000762,STU00083,SEC00021,2024FA,SCH04,PRG0402,0402-150,01,2024-08-08,Registered,3.0,Letter,Transfer,International,SCH04,PRG0402,Online,37
REG000763,STU00083,SEC00237,2025FA,SCH04,PRG0402,0402-150,01,2025-07-31,Registered,3.0,Pass Fail,Transfer,International,SCH04,PRG0402,In Person,26
REG000764,STU00083,SEC00238,2025FA,SCH04,PRG0402,0402-200,02,2025-07-21,Registered,3.0,Audit,Transfer,International,SCH04,PRG0402,Hybrid,30
REG000765,STU00083,SEC00166,2025SU,SCH04,PRG0402,0402-200,02,2025-04-12,Registered,3.0,Audit,Transfer,International,SCH04,PRG0402,In Person,34
REG000766,STU00083,SEC00165,2025SU,SCH04,PRG0402,0402-150,01,2025-05-03,Dropped,0.0,Pass Fail,Transfer,International,SCH04,PRG0402,In Person,25
REG000767,STU00083,SEC00381,2026SU,SCH04,PRG0402,0402-150,01,2026-04-24,Registered,3.0,Audit,Transfer,International,SCH04,PRG0402,Hybrid,27
REG000768,STU00083,SEC00382,2026SU,SCH04,PRG0402,0402-200,02,2026-04-06,Registered,3.0,Letter,Transfer,International,SCH04,PRG0402,Hybrid,34
REG000769,STU00083,SEC00309,2026WI,SCH04,PRG0402,0402-150,01,2025-12-11,Withdrawn,3.0,Audit,Transfer,International,SCH04,PRG0402,Hybrid,29
REG000770,STU00083,SEC00310,2026WI,SCH04,PRG0402,0402-200,02,2025-12-25,Withdrawn,3.0,Pass Fail,Transfer,International,SCH04,PRG0402,Hybrid,34
REG000771,STU00084,SEC00168,2025SU,SCH04,PRG0403,0403-200,02,2025-04-11,Registered,3.0,Pass Fail,Graduate,In State,SCH04,PRG0403,Online,38
REG000772,STU00084,SEC00167,2025SU,SCH04,PRG0403,0403-150,01,2025-04-30,Withdrawn,3.0,Audit,Graduate,In State,SCH04,PRG0403,Hybrid,39
REG000773,STU00084,SEC00096,2025WI,SCH04,PRG0403,0403-200,02,2024-12-25,Registered,3.0,Letter,Graduate,In State,SCH04,PRG0403,In Person,41
REG000774,STU00084,SEC00095,2025WI,SCH04,PRG0403,0403-150,01,2024-12-14,Registered,3.0,Letter,Graduate,In State,SCH04,PRG0403,In Person,35
REG000775,STU00084,SEC00384,2026SU,SCH04,PRG0403,0403-200,02,2026-04-12,Registered,3.0,Letter,Graduate,In State,SCH04,PRG0403,Online,41
REG000776,STU00084,SEC00383,2026SU,SCH04,PRG0403,0403-150,01,2026-04-15,Withdrawn,3.0,Pass Fail,Graduate,In State,SCH04,PRG0403,Hybrid,34
REG000777,STU00085,SEC00170,2025SU,SCH05,PRG0501,0501-200,02,2025-04-10,Withdrawn,3.0,Audit,Transfer,Out of State,SCH05,PRG0501,Online,34
REG000778,STU00085,SEC00169,2025SU,SCH05,PRG0501,0501-150,01,2025-04-19,Withdrawn,3.0,Audit,Transfer,Out of State,SCH05,PRG0501,Online,28
REG000779,STU00085,SEC00097,2025WI,SCH05,PRG0501,0501-150,01,2025-01-01,Registered,3.0,Letter,Transfer,Out of State,SCH05,PRG0501,Online,27
REG000780,STU00085,SEC00098,2025WI,SCH05,PRG0501,0501-200,02,2024-12-25,Dropped,0.0,Pass Fail,Transfer,Out of State,SCH05,PRG0501,Hybrid,39
REG000781,STU00085,SEC00385,2026SU,SCH05,PRG0501,0501-150,01,2026-05-02,Withdrawn,3.0,Letter,Transfer,Out of State,SCH05,PRG0501,Online,42
REG000782,STU00085,SEC00386,2026SU,SCH05,PRG0501,0501-200,02,2026-04-15,Registered,3.0,Audit,Transfer,Out of State,SCH05,PRG0501,In Person,36
REG000783,STU00085,SEC00313,2026WI,SCH05,PRG0501,0501-150,01,2025-12-24,Registered,3.0,Audit,Transfer,Out of State,SCH05,PRG0501,Hybrid,37
REG000784,STU00085,SEC00314,2026WI,SCH05,PRG0501,0501-200,02,2025-12-20,Registered,3.0,Letter,Transfer,Out of State,SCH05,PRG0501,Hybrid,34
REG000785,STU00086,SEC00028,2024FA,SCH05,PRG0502,0502-200,02,2024-08-10,Registered,3.0,Pass Fail,Continuing,International,SCH05,PRG0502,Online,25
REG000786,STU00086,SEC00027,2024FA,SCH05,PRG0502,0502-150,01,2024-07-24,Registered,3.0,Pass Fail,Continuing,International,SCH05,PRG0502,In Person,32
REG000787,STU00086,SEC00243,2025FA,SCH05,PRG0502,0502-150,01,2025-08-17,Registered,3.0,Pass Fail,Continuing,International,SCH05,PRG0502,In Person,29
REG000788,STU00086,SEC00244,2025FA,SCH05,PRG0502,0502-200,02,2025-08-09,Registered,3.0,Audit,Continuing,International,SCH05,PRG0502,Hybrid,38
REG000789,STU00086,SEC00171,2025SU,SCH05,PRG0502,0502-150,01,2025-04-08,Registered,3.0,Pass Fail,Continuing,International,SCH05,PRG0502,Hybrid,38
REG000790,STU00086,SEC00172,2025SU,SCH05,PRG0502,0502-200,02,2025-05-01,Registered,3.0,Audit,Continuing,International,SCH05,PRG0502,Online,28
REG000791,STU00086,SEC00099,2025WI,SCH05,PRG0502,0502-150,01,2024-12-17,Registered,3.0,Letter,Continuing,International,SCH05,PRG0502,Online,41
REG000792,STU00086,SEC00100,2025WI,SCH05,PRG0502,0502-200,02,2024-12-27,Registered,3.0,Audit,Continuing,International,SCH05,PRG0502,Hybrid,33
REG000793,STU00086,SEC00387,2026SU,SCH05,PRG0502,0502-150,01,2026-05-02,Registered,3.0,Pass Fail,Continuing,International,SCH05,PRG0502,In Person,35
REG000794,STU00086,SEC00388,2026SU,SCH05,PRG0502,0502-200,02,2026-04-20,Registered,3.0,Pass Fail,Continuing,International,SCH05,PRG0502,Online,42
REG000795,STU00086,SEC00315,2026WI,SCH05,PRG0502,0502-150,01,2025-12-11,Registered,3.0,Pass Fail,Continuing,International,SCH05,PRG0502,Online,27
REG000796,STU00086,SEC00316,2026WI,SCH05,PRG0502,0502-200,02,2025-12-23,Registered,3.0,Pass Fail,Continuing,International,SCH05,PRG0502,Online,33
REG000797,STU00087,SEC00029,2024FA,SCH05,PRG0503,0503-150,01,2024-08-15,Withdrawn,3.0,Pass Fail,Continuing,In State,SCH05,PRG0503,In Person,27
REG000798,STU00087,SEC00030,2024FA,SCH05,PRG0503,0503-200,02,2024-08-15,Registered,3.0,Letter,Continuing,In State,SCH05,PRG0503,In Person,33
REG000799,STU00087,SEC00246,2025FA,SCH05,PRG0503,0503-200,02,2025-08-09,Registered,3.0,Letter,Continuing,In State,SCH05,PRG0503,In Person,24
REG000800,STU00087,SEC00245,2025FA,SCH05,PRG0503,0503-150,01,2025-07-24,Registered,3.0,Letter,Continuing,In State,SCH05,PRG0503,In Person,42
REG000801,STU00087,SEC00102,2025WI,SCH05,PRG0503,0503-200,02,2024-12-29,Registered,3.0,Pass Fail,Continuing,In State,SCH05,PRG0503,Hybrid,35
REG000802,STU00087,SEC00101,2025WI,SCH05,PRG0503,0503-150,01,2024-12-09,Registered,3.0,Audit,Continuing,In State,SCH05,PRG0503,In Person,24
REG000803,STU00087,SEC00390,2026SU,SCH05,PRG0503,0503-200,02,2026-04-10,Registered,3.0,Letter,Continuing,In State,SCH05,PRG0503,Online,25
REG000804,STU00087,SEC00389,2026SU,SCH05,PRG0503,0503-150,01,2026-04-27,Registered,3.0,Letter,Continuing,In State,SCH05,PRG0503,In Person,38
REG000805,STU00087,SEC00318,2026WI,SCH05,PRG0503,0503-200,02,2025-12-28,Withdrawn,3.0,Audit,Continuing,In State,SCH05,PRG0503,Hybrid,27
REG000806,STU00087,SEC00317,2026WI,SCH05,PRG0503,0503-150,01,2025-12-27,Registered,3.0,Audit,Continuing,In State,SCH05,PRG0503,Online,27
REG000807,STU00088,SEC00031,2024FA,SCH06,PRG0601,0601-150,01,2024-08-10,Registered,3.0,Audit,Graduate,In State,SCH06,PRG0601,Online,36
REG000808,STU00088,SEC00032,2024FA,SCH06,PRG0601,0601-200,02,2024-08-17,Registered,3.0,Audit,Graduate,In State,SCH06,PRG0601,Hybrid,31
REG000809,STU00088,SEC00248,2025FA,SCH06,PRG0601,0601-200,02,2025-08-13,Registered,3.0,Letter,Graduate,In State,SCH06,PRG0601,Online,34
REG000810,STU00088,SEC00247,2025FA,SCH06,PRG0601,0601-150,01,2025-07-22,Registered,3.0,Audit,Graduate,In State,SCH06,PRG0601,Hybrid,41
REG000811,STU00088,SEC00103,2025WI,SCH06,PRG0601,0601-150,01,2025-01-01,Registered,3.0,Letter,Graduate,In State,SCH06,PRG0601,Hybrid,36
REG000812,STU00088,SEC00104,2025WI,SCH06,PRG0601,0601-200,02,2024-12-26,Registered,3.0,Pass Fail,Graduate,In State,SCH06,PRG0601,Hybrid,40
REG000813,STU00089,SEC00034,2024FA,SCH06,PRG0602,0602-200,02,2024-07-22,Registered,3.0,Pass Fail,Continuing,In State,SCH06,PRG0602,In Person,35
REG000814,STU00089,SEC00033,2024FA,SCH06,PRG0602,0602-150,01,2024-07-28,Registered,3.0,Letter,Continuing,In State,SCH06,PRG0602,Hybrid,41
REG000815,STU00089,SEC00249,2025FA,SCH06,PRG0602,0602-150,01,2025-08-12,Registered,3.0,Letter,Continuing,In State,SCH06,PRG0602,Hybrid,30
REG000816,STU00089,SEC00250,2025FA,SCH06,PRG0602,0602-200,02,2025-08-06,Registered,3.0,Pass Fail,Continuing,In State,SCH06,PRG0602,Online,33
REG000817,STU00089,SEC00106,2025WI,SCH06,PRG0602,0602-200,02,2025-01-01,Registered,3.0,Pass Fail,Continuing,In State,SCH06,PRG0602,Hybrid,36
REG000818,STU00089,SEC00105,2025WI,SCH06,PRG0602,0602-150,01,2025-01-01,Registered,3.0,Audit,Continuing,In State,SCH06,PRG0602,Hybrid,25
REG000819,STU00089,SEC00393,2026SU,SCH06,PRG0602,0602-150,01,2026-04-13,Dropped,0.0,Pass Fail,Continuing,In State,SCH06,PRG0602,Online,40
REG000820,STU00089,SEC00394,2026SU,SCH06,PRG0602,0602-200,02,2026-04-10,Registered,3.0,Pass Fail,Continuing,In State,SCH06,PRG0602,In Person,24
REG000821,STU00089,SEC00321,2026WI,SCH06,PRG0602,0602-150,01,2025-12-15,Registered,3.0,Pass Fail,Continuing,In State,SCH06,PRG0602,Hybrid,40
REG000822,STU00089,SEC00322,2026WI,SCH06,PRG0602,0602-200,02,2025-12-30,Registered,3.0,Pass Fail,Continuing,In State,SCH06,PRG0602,Online,24
REG000823,STU00090,SEC00036,2024FA,SCH06,PRG0603,0603-200,02,2024-07-24,Registered,3.0,Audit,First Time,Out of State,SCH06,PRG0603,In Person,24
REG000824,STU00090,SEC00035,2024FA,SCH06,PRG0603,0603-150,01,2024-08-10,Withdrawn,3.0,Pass Fail,First Time,Out of State,SCH06,PRG0603,Hybrid,39
REG000825,STU00090,SEC00179,2025SU,SCH06,PRG0603,0603-150,01,2025-04-09,Withdrawn,3.0,Letter,First Time,Out of State,SCH06,PRG0603,Hybrid,38
REG000826,STU00090,SEC00180,2025SU,SCH06,PRG0603,0603-200,02,2025-04-20,Registered,3.0,Pass Fail,First Time,Out of State,SCH06,PRG0603,Online,34
REG000827,STU00090,SEC00107,2025WI,SCH06,PRG0603,0603-150,01,2024-12-27,Registered,3.0,Audit,First Time,Out of State,SCH06,PRG0603,In Person,31
REG000828,STU00090,SEC00108,2025WI,SCH06,PRG0603,0603-200,02,2025-01-04,Registered,3.0,Pass Fail,First Time,Out of State,SCH06,PRG0603,In Person,32
REG000829,STU00090,SEC00396,2026SU,SCH06,PRG0603,0603-200,02,2026-04-06,Dropped,0.0,Audit,First Time,Out of State,SCH06,PRG0603,Hybrid,30
REG000830,STU00090,SEC00395,2026SU,SCH06,PRG0603,0603-150,01,2026-04-26,Registered,3.0,Audit,First Time,Out of State,SCH06,PRG0603,Hybrid,42
REG000831,STU00090,SEC00324,2026WI,SCH06,PRG0603,0603-200,02,2025-12-17,Registered,3.0,Audit,First Time,Out of State,SCH06,PRG0603,Hybrid,28
REG000832,STU00090,SEC00323,2026WI,SCH06,PRG0603,0603-150,01,2026-01-01,Registered,3.0,Letter,First Time,Out of State,SCH06,PRG0603,Online,37
REG000833,STU00091,SEC00038,2024FA,SCH07,PRG0701,0701-200,02,2024-08-01,Registered,3.0,Audit,Transfer,International,SCH07,PRG0701,In Person,42
REG000834,STU00091,SEC00037,2024FA,SCH07,PRG0701,0701-150,01,2024-08-16,Registered,3.0,Audit,Transfer,International,SCH07,PRG0701,Hybrid,41
REG000835,STU00091,SEC00182,2025SU,SCH07,PRG0701,0701-200,02,2025-04-17,Registered,3.0,Letter,Transfer,International,SCH07,PRG0701,Hybrid,41
REG000836,STU00091,SEC00181,2025SU,SCH07,PRG0701,0701-150,01,2025-04-25,Registered,3.0,Letter,Transfer,International,SCH07,PRG0701,Hybrid,40
REG000837,STU00091,SEC00109,2025WI,SCH07,PRG0701,0701-150,01,2024-12-25,Registered,3.0,Pass Fail,Transfer,International,SCH07,PRG0701,Online,28
REG000838,STU00091,SEC00110,2025WI,SCH07,PRG0701,0701-200,02,2024-12-18,Registered,3.0,Pass Fail,Transfer,International,SCH07,PRG0701,Hybrid,28
REG000839,STU00091,SEC00397,2026SU,SCH07,PRG0701,0701-150,01,2026-04-09,Withdrawn,3.0,Audit,Transfer,International,SCH07,PRG0701,In Person,24
REG000840,STU00091,SEC00398,2026SU,SCH07,PRG0701,0701-200,02,2026-04-14,Registered,3.0,Pass Fail,Transfer,International,SCH07,PRG0701,In Person,34
REG000841,STU00091,SEC00325,2026WI,SCH07,PRG0701,0701-150,01,2025-12-08,Registered,3.0,Audit,Transfer,International,SCH07,PRG0701,In Person,36
REG000842,STU00091,SEC00326,2026WI,SCH07,PRG0701,0701-200,02,2025-12-31,Withdrawn,3.0,Audit,Transfer,International,SCH07,PRG0701,In Person,25
REG000843,STU00092,SEC00255,2025FA,SCH07,PRG0702,0702-150,01,2025-08-14,Registered,3.0,Pass Fail,Graduate,Out of State,SCH07,PRG0702,In Person,25
REG000844,STU00092,SEC00256,2025FA,SCH07,PRG0702,0702-200,02,2025-08-06,Registered,3.0,Audit,Graduate,Out of State,SCH07,PRG0702,In Person,36
REG000845,STU00092,SEC00111,2025WI,SCH07,PRG0702,0702-150,01,2024-12-27,Registered,3.0,Audit,Graduate,Out of State,SCH07,PRG0702,In Person,26
REG000846,STU00092,SEC00112,2025WI,SCH07,PRG0702,0702-200,02,2024-12-23,Registered,3.0,Audit,Graduate,Out of State,SCH07,PRG0702,Online,40
REG000847,STU00092,SEC00328,2026WI,SCH07,PRG0702,0702-200,02,2025-12-14,Withdrawn,3.0,Audit,Graduate,Out of State,SCH07,PRG0702,In Person,32
REG000848,STU00092,SEC00327,2026WI,SCH07,PRG0702,0702-150,01,2025-12-11,Registered,3.0,Letter,Graduate,Out of State,SCH07,PRG0702,In Person,30
REG000849,STU00093,SEC00185,2025SU,SCH07,PRG0703,0703-150,01,2025-04-13,Registered,3.0,Pass Fail,First Time,International,SCH07,PRG0703,In Person,36
REG000850,STU00093,SEC00186,2025SU,SCH07,PRG0703,0703-200,02,2025-05-01,Registered,3.0,Letter,First Time,International,SCH07,PRG0703,In Person,42
REG000851,STU00093,SEC00113,2025WI,SCH07,PRG0703,0703-150,01,2024-12-11,Registered,3.0,Pass Fail,First Time,International,SCH07,PRG0703,Hybrid,26
REG000852,STU00093,SEC00114,2025WI,SCH07,PRG0703,0703-200,02,2024-12-09,Registered,3.0,Pass Fail,First Time,International,SCH07,PRG0703,Hybrid,26
REG000853,STU00093,SEC00402,2026SU,SCH07,PRG0703,0703-200,02,2026-05-02,Registered,3.0,Pass Fail,First Time,International,SCH07,PRG0703,In Person,42
REG000854,STU00093,SEC00401,2026SU,SCH07,PRG0703,0703-150,01,2026-04-07,Registered,3.0,Pass Fail,First Time,International,SCH07,PRG0703,In Person,36
REG000855,STU00094,SEC00259,2025FA,SCH08,PRG0801,0801-150,01,2025-08-14,Withdrawn,3.0,Letter,Continuing,International,SCH08,PRG0801,In Person,36
REG000856,STU00094,SEC00260,2025FA,SCH08,PRG0801,0801-200,02,2025-07-30,Registered,3.0,Pass Fail,Continuing,International,SCH08,PRG0801,Online,28
REG000857,STU00094,SEC00187,2025SU,SCH08,PRG0801,0801-150,01,2025-04-24,Withdrawn,3.0,Letter,Continuing,International,SCH08,PRG0801,Hybrid,34
REG000858,STU00094,SEC00188,2025SU,SCH08,PRG0801,0801-200,02,2025-04-23,Registered,3.0,Audit,Continuing,International,SCH08,PRG0801,Online,41
REG000859,STU00094,SEC00404,2026SU,SCH08,PRG0801,0801-200,02,2026-04-14,Registered,3.0,Audit,Continuing,International,SCH08,PRG0801,Online,29
REG000860,STU00094,SEC00403,2026SU,SCH08,PRG0801,0801-150,01,2026-04-06,Registered,3.0,Letter,Continuing,International,SCH08,PRG0801,Hybrid,35
REG000861,STU00094,SEC00331,2026WI,SCH08,PRG0801,0801-150,01,2025-12-29,Registered,3.0,Audit,Continuing,International,SCH08,PRG0801,Online,33
REG000862,STU00094,SEC00332,2026WI,SCH08,PRG0801,0801-200,02,2025-12-09,Registered,3.0,Audit,Continuing,International,SCH08,PRG0801,In Person,27
REG000863,STU00095,SEC00045,2024FA,SCH08,PRG0802,0802-150,01,2024-08-14,Registered,3.0,Letter,Continuing,International,SCH08,PRG0802,Hybrid,40
REG000864,STU00095,SEC00046,2024FA,SCH08,PRG0802,0802-200,02,2024-08-06,Registered,3.0,Pass Fail,Continuing,International,SCH08,PRG0802,Hybrid,36
REG000865,STU00095,SEC00262,2025FA,SCH08,PRG0802,0802-200,02,2025-08-16,Registered,3.0,Audit,Continuing,International,SCH08,PRG0802,Hybrid,24
REG000866,STU00095,SEC00261,2025FA,SCH08,PRG0802,0802-150,01,2025-08-06,Registered,3.0,Audit,Continuing,International,SCH08,PRG0802,Online,38
REG000867,STU00095,SEC00189,2025SU,SCH08,PRG0802,0802-150,01,2025-04-16,Withdrawn,3.0,Letter,Continuing,International,SCH08,PRG0802,Hybrid,40
REG000868,STU00095,SEC00190,2025SU,SCH08,PRG0802,0802-200,02,2025-05-04,Registered,3.0,Pass Fail,Continuing,International,SCH08,PRG0802,Hybrid,29
REG000869,STU00095,SEC00118,2025WI,SCH08,PRG0802,0802-200,02,2024-12-20,Registered,3.0,Letter,Continuing,International,SCH08,PRG0802,Online,38
REG000870,STU00095,SEC00117,2025WI,SCH08,PRG0802,0802-150,01,2024-12-24,Registered,3.0,Letter,Continuing,International,SCH08,PRG0802,Hybrid,37
REG000871,STU00095,SEC00405,2026SU,SCH08,PRG0802,0802-150,01,2026-04-13,Registered,3.0,Pass Fail,Continuing,International,SCH08,PRG0802,Hybrid,25
REG000872,STU00095,SEC00406,2026SU,SCH08,PRG0802,0802-200,02,2026-04-28,Registered,3.0,Audit,Continuing,International,SCH08,PRG0802,Online,30
REG000873,STU00095,SEC00334,2026WI,SCH08,PRG0802,0802-200,02,2025-12-11,Registered,3.0,Letter,Continuing,International,SCH08,PRG0802,Online,42
REG000874,STU00095,SEC00333,2026WI,SCH08,PRG0802,0802-150,01,2025-12-24,Registered,3.0,Audit,Continuing,International,SCH08,PRG0802,Online,29
REG000875,STU00096,SEC00048,2024FA,SCH08,PRG0803,0803-200,02,2024-08-15,Registered,3.0,Audit,First Time,In State,SCH08,PRG0803,In Person,38
REG000876,STU00096,SEC00047,2024FA,SCH08,PRG0803,0803-150,01,2024-07-25,Registered,3.0,Audit,First Time,In State,SCH08,PRG0803,Online,42
REG000877,STU00096,SEC00263,2025FA,SCH08,PRG0803,0803-150,01,2025-08-06,Registered,3.0,Audit,First Time,In State,SCH08,PRG0803,Online,37
REG000878,STU00096,SEC00264,2025FA,SCH08,PRG0803,0803-200,02,2025-07-26,Registered,3.0,Letter,First Time,In State,SCH08,PRG0803,In Person,32
REG000879,STU00096,SEC00191,2025SU,SCH08,PRG0803,0803-150,01,2025-04-30,Withdrawn,3.0,Letter,First Time,In State,SCH08,PRG0803,Online,36
REG000880,STU00096,SEC00192,2025SU,SCH08,PRG0803,0803-200,02,2025-04-17,Withdrawn,3.0,Pass Fail,First Time,In State,SCH08,PRG0803,Online,30
REG000881,STU00096,SEC00119,2025WI,SCH08,PRG0803,0803-150,01,2024-12-31,Registered,3.0,Letter,First Time,In State,SCH08,PRG0803,Hybrid,28
REG000882,STU00096,SEC00120,2025WI,SCH08,PRG0803,0803-200,02,2024-12-31,Registered,3.0,Pass Fail,First Time,In State,SCH08,PRG0803,Hybrid,36
REG000883,STU00096,SEC00335,2026WI,SCH08,PRG0803,0803-150,01,2026-01-02,Registered,3.0,Audit,First Time,In State,SCH08,PRG0803,Hybrid,24
REG000884,STU00096,SEC00336,2026WI,SCH08,PRG0803,0803-200,02,2025-12-20,Registered,3.0,Letter,First Time,In State,SCH08,PRG0803,Online,38
REG000885,STU00097,SEC00049,2024FA,SCH09,PRG0901,0901-150,01,2024-08-02,Registered,3.0,Audit,Graduate,International,SCH09,PRG0901,In Person,31
REG000886,STU00097,SEC00050,2024FA,SCH09,PRG0901,0901-200,02,2024-07-27,Registered,3.0,Pass Fail,Graduate,International,SCH09,PRG0901,Online,26
REG000887,STU00097,SEC00410,2026SU,SCH09,PRG0901,0901-200,02,2026-04-09,Registered,3.0,Audit,Graduate,International,SCH09,PRG0901,Hybrid,32
REG000888,STU00097,SEC00409,2026SU,SCH09,PRG0901,0901-150,01,2026-04-06,Registered,3.0,Pass Fail,Graduate,International,SCH09,PRG0901,Hybrid,28
REG000889,STU00097,SEC00337,2026WI,SCH09,PRG0901,0901-150,01,2025-12-17,Registered,3.0,Pass Fail,Graduate,International,SCH09,PRG0901,Online,41
REG000890,STU00097,SEC00338,2026WI,SCH09,PRG0901,0901-200,02,2025-12-10,Registered,3.0,Audit,Graduate,International,SCH09,PRG0901,In Person,32
REG000891,STU00098,SEC00268,2025FA,SCH09,PRG0902,0902-200,02,2025-08-17,Registered,3.0,Audit,Graduate,Out of State,SCH09,PRG0902,Hybrid,25
REG000892,STU00098,SEC00267,2025FA,SCH09,PRG0902,0902-150,01,2025-08-03,Registered,3.0,Letter,Graduate,Out of State,SCH09,PRG0902,In Person,37
REG000893,STU00098,SEC00195,2025SU,SCH09,PRG0902,0902-150,01,2025-04-21,Registered,3.0,Pass Fail,Graduate,Out of State,SCH09,PRG0902,Hybrid,24
REG000894,STU00098,SEC00196,2025SU,SCH09,PRG0902,0902-200,02,2025-04-28,Registered,3.0,Pass Fail,Graduate,Out of State,SCH09,PRG0902,In Person,34
REG000895,STU00098,SEC00123,2025WI,SCH09,PRG0902,0902-150,01,2024-12-25,Registered,3.0,Audit,Graduate,Out of State,SCH09,PRG0902,Hybrid,34
REG000896,STU00098,SEC00124,2025WI,SCH09,PRG0902,0902-200,02,2025-01-03,Registered,3.0,Audit,Graduate,Out of State,SCH09,PRG0902,Online,42
REG000897,STU00098,SEC00412,2026SU,SCH09,PRG0902,0902-200,02,2026-04-12,Registered,3.0,Audit,Graduate,Out of State,SCH09,PRG0902,Hybrid,37
REG000898,STU00098,SEC00411,2026SU,SCH09,PRG0902,0902-150,01,2026-04-30,Registered,3.0,Letter,Graduate,Out of State,SCH09,PRG0902,Online,31
REG000899,STU00099,SEC00053,2024FA,SCH09,PRG0903,0903-150,01,2024-08-02,Registered,3.0,Pass Fail,Graduate,In State,SCH09,PRG0903,In Person,37
REG000900,STU00099,SEC00054,2024FA,SCH09,PRG0903,0903-200,02,2024-08-07,Registered,3.0,Pass Fail,Graduate,In State,SCH09,PRG0903,Hybrid,35
REG000901,STU00099,SEC00269,2025FA,SCH09,PRG0903,0903-150,01,2025-08-03,Registered,3.0,Letter,Graduate,In State,SCH09,PRG0903,Hybrid,42
REG000902,STU00099,SEC00270,2025FA,SCH09,PRG0903,0903-200,02,2025-07-23,Registered,3.0,Audit,Graduate,In State,SCH09,PRG0903,Hybrid,42
REG000903,STU00099,SEC00198,2025SU,SCH09,PRG0903,0903-200,02,2025-04-21,Dropped,0.0,Audit,Graduate,In State,SCH09,PRG0903,In Person,27
REG000904,STU00099,SEC00197,2025SU,SCH09,PRG0903,0903-150,01,2025-04-16,Registered,3.0,Audit,Graduate,In State,SCH09,PRG0903,In Person,31
REG000905,STU00099,SEC00413,2026SU,SCH09,PRG0903,0903-150,01,2026-04-23,Withdrawn,3.0,Letter,Graduate,In State,SCH09,PRG0903,In Person,30
REG000906,STU00099,SEC00414,2026SU,SCH09,PRG0903,0903-200,02,2026-04-23,Registered,3.0,Audit,Graduate,In State,SCH09,PRG0903,Online,38
REG000907,STU00100,SEC00056,2024FA,SCH10,PRG1001,1001-200,02,2024-08-11,Registered,3.0,Pass Fail,First Time,Out of State,SCH10,PRG1001,Hybrid,40
REG000908,STU00100,SEC00055,2024FA,SCH10,PRG1001,1001-150,01,2024-08-09,Registered,3.0,Audit,First Time,Out of State,SCH10,PRG1001,Hybrid,40
REG000909,STU00100,SEC00272,2025FA,SCH10,PRG1001,1001-200,02,2025-08-06,Registered,3.0,Audit,First Time,Out of State,SCH10,PRG1001,In Person,30
REG000910,STU00100,SEC00271,2025FA,SCH10,PRG1001,1001-150,01,2025-07-23,Registered,3.0,Audit,First Time,Out of State,SCH10,PRG1001,Hybrid,41
REG000911,STU00100,SEC00200,2025SU,SCH10,PRG1001,1001-200,02,2025-04-14,Registered,3.0,Letter,First Time,Out of State,SCH10,PRG1001,Hybrid,40
REG000912,STU00100,SEC00199,2025SU,SCH10,PRG1001,1001-150,01,2025-05-01,Dropped,0.0,Pass Fail,First Time,Out of State,SCH10,PRG1001,Hybrid,37
REG000913,STU00100,SEC00127,2025WI,SCH10,PRG1001,1001-150,01,2024-12-13,Registered,3.0,Letter,First Time,Out of State,SCH10,PRG1001,Hybrid,42
REG000914,STU00100,SEC00128,2025WI,SCH10,PRG1001,1001-200,02,2025-01-05,Registered,3.0,Pass Fail,First Time,Out of State,SCH10,PRG1001,In Person,38
REG000915,STU00100,SEC00415,2026SU,SCH10,PRG1001,1001-150,01,2026-04-20,Registered,3.0,Audit,First Time,Out of State,SCH10,PRG1001,In Person,26
REG000916,STU00100,SEC00416,2026SU,SCH10,PRG1001,1001-200,02,2026-04-24,Registered,3.0,Audit,First Time,Out of State,SCH10,PRG1001,Online,32
REG000917,STU00100,SEC00344,2026WI,SCH10,PRG1001,1001-200,02,2025-12-11,Registered,3.0,Audit,First Time,Out of State,SCH10,PRG1001,Hybrid,32
REG000918,STU00100,SEC00343,2026WI,SCH10,PRG1001,1001-150,01,2026-01-03,Registered,3.0,Letter,First Time,Out of State,SCH10,PRG1001,Online,26
REG000919,STU00101,SEC00057,2024FA,SCH10,PRG1002,1002-150,01,2024-08-17,Registered,3.0,Pass Fail,Continuing,Out of State,SCH10,PRG1002,Hybrid,35
REG000920,STU00101,SEC00058,2024FA,SCH10,PRG1002,1002-200,02,2024-07-27,Registered,3.0,Letter,Continuing,Out of State,SCH10,PRG1002,Online,35
REG000921,STU00101,SEC00274,2025FA,SCH10,PRG1002,1002-200,02,2025-08-13,Registered,3.0,Letter,Continuing,Out of State,SCH10,PRG1002,In Person,34
REG000922,STU00101,SEC00273,2025FA,SCH10,PRG1002,1002-150,01,2025-08-15,Registered,3.0,Letter,Continuing,Out of State,SCH10,PRG1002,Hybrid,25
REG000923,STU00101,SEC00130,2025WI,SCH10,PRG1002,1002-200,02,2024-12-27,Registered,3.0,Letter,Continuing,Out of State,SCH10,PRG1002,Hybrid,26
REG000924,STU00101,SEC00129,2025WI,SCH10,PRG1002,1002-150,01,2024-12-10,Registered,3.0,Audit,Continuing,Out of State,SCH10,PRG1002,In Person,25
REG000925,STU00101,SEC00417,2026SU,SCH10,PRG1002,1002-150,01,2026-04-12,Registered,3.0,Letter,Continuing,Out of State,SCH10,PRG1002,Hybrid,25
REG000926,STU00101,SEC00418,2026SU,SCH10,PRG1002,1002-200,02,2026-04-08,Registered,3.0,Pass Fail,Continuing,Out of State,SCH10,PRG1002,Online,25
REG000927,STU00102,SEC00204,2025SU,SCH10,PRG1003,1003-200,02,2025-04-09,Registered,3.0,Pass Fail,First Time,Out of State,SCH10,PRG1003,Online,31
REG000928,STU00102,SEC00203,2025SU,SCH10,PRG1003,1003-150,01,2025-04-10,Registered,3.0,Audit,First Time,Out of State,SCH10,PRG1003,Hybrid,40
REG000929,STU00102,SEC00131,2025WI,SCH10,PRG1003,1003-150,01,2024-12-10,Registered,3.0,Letter,First Time,Out of State,SCH10,PRG1003,In Person,36
REG000930,STU00102,SEC00132,2025WI,SCH10,PRG1003,1003-200,02,2024-12-25,Withdrawn,3.0,Audit,First Time,Out of State,SCH10,PRG1003,Hybrid,37
REG000931,STU00102,SEC00348,2026WI,SCH10,PRG1003,1003-200,02,2025-12-28,Registered,3.0,Audit,First Time,Out of State,SCH10,PRG1003,Online,34
REG000932,STU00102,SEC00347,2026WI,SCH10,PRG1003,1003-150,01,2025-12-10,Registered,3.0,Audit,First Time,Out of State,SCH10,PRG1003,Online,34
REG000933,STU00103,SEC00277,2025FA,SCH11,PRG1101,1101-150,01,2025-08-01,Registered,3.0,Audit,Transfer,International,SCH11,PRG1101,Online,29
REG000934,STU00103,SEC00278,2025FA,SCH11,PRG1101,1101-200,02,2025-08-02,Registered,3.0,Pass Fail,Transfer,International,SCH11,PRG1101,Hybrid,24
REG000935,STU00103,SEC00205,2025SU,SCH11,PRG1101,1101-150,01,2025-04-15,Registered,3.0,Letter,Transfer,International,SCH11,PRG1101,Hybrid,27
REG000936,STU00103,SEC00206,2025SU,SCH11,PRG1101,1101-200,02,2025-04-20,Registered,3.0,Letter,Transfer,International,SCH11,PRG1101,In Person,37
REG000937,STU00103,SEC00134,2025WI,SCH11,PRG1101,1101-200,02,2025-01-04,Registered,3.0,Pass Fail,Transfer,International,SCH11,PRG1101,Hybrid,41
REG000938,STU00103,SEC00133,2025WI,SCH11,PRG1101,1101-150,01,2024-12-11,Registered,3.0,Pass Fail,Transfer,International,SCH11,PRG1101,Online,31
REG000939,STU00103,SEC00422,2026SU,SCH11,PRG1101,1101-200,02,2026-04-24,Registered,3.0,Audit,Transfer,International,SCH11,PRG1101,In Person,33
REG000940,STU00103,SEC00421,2026SU,SCH11,PRG1101,1101-150,01,2026-04-20,Registered,3.0,Pass Fail,Transfer,International,SCH11,PRG1101,In Person,27
REG000941,STU00103,SEC00349,2026WI,SCH11,PRG1101,1101-150,01,2025-12-14,Registered,3.0,Letter,Transfer,International,SCH11,PRG1101,Online,34
REG000942,STU00103,SEC00350,2026WI,SCH11,PRG1101,1101-200,02,2025-12-29,Registered,3.0,Letter,Transfer,International,SCH11,PRG1101,Online,25
REG000943,STU00104,SEC00064,2024FA,SCH11,PRG1102,1102-200,02,2024-08-14,Registered,3.0,Letter,Continuing,International,SCH11,PRG1102,Hybrid,38
REG000944,STU00104,SEC00063,2024FA,SCH11,PRG1102,1102-150,01,2024-07-31,Registered,3.0,Audit,Continuing,International,SCH11,PRG1102,Hybrid,42
REG000945,STU00104,SEC00279,2025FA,SCH11,PRG1102,1102-150,01,2025-08-02,Registered,3.0,Pass Fail,Continuing,International,SCH11,PRG1102,Hybrid,29
REG000946,STU00104,SEC00280,2025FA,SCH11,PRG1102,1102-200,02,2025-08-16,Withdrawn,3.0,Audit,Continuing,International,SCH11,PRG1102,Hybrid,39
REG000947,STU00104,SEC00208,2025SU,SCH11,PRG1102,1102-200,02,2025-05-03,Registered,3.0,Letter,Continuing,International,SCH11,PRG1102,Hybrid,37
REG000948,STU00104,SEC00207,2025SU,SCH11,PRG1102,1102-150,01,2025-04-26,Registered,3.0,Pass Fail,Continuing,International,SCH11,PRG1102,Hybrid,27
REG000949,STU00104,SEC00423,2026SU,SCH11,PRG1102,1102-150,01,2026-04-17,Registered,3.0,Letter,Continuing,International,SCH11,PRG1102,Online,38
REG000950,STU00104,SEC00424,2026SU,SCH11,PRG1102,1102-200,02,2026-04-30,Registered,3.0,Pass Fail,Continuing,International,SCH11,PRG1102,In Person,26
REG000951,STU00104,SEC00352,2026WI,SCH11,PRG1102,1102-200,02,2025-12-30,Withdrawn,3.0,Pass Fail,Continuing,International,SCH11,PRG1102,Online,41
REG000952,STU00104,SEC00351,2026WI,SCH11,PRG1102,1102-150,01,2025-12-17,Registered,3.0,Pass Fail,Continuing,International,SCH11,PRG1102,Online,32
REG000953,STU00105,SEC00066,2024FA,SCH11,PRG1103,1103-200,02,2024-07-28,Registered,3.0,Letter,Graduate,International,SCH11,PRG1103,Online,27
REG000954,STU00105,SEC00065,2024FA,SCH11,PRG1103,1103-150,01,2024-07-24,Registered,3.0,Letter,Graduate,International,SCH11,PRG1103,Hybrid,24
REG000955,STU00105,SEC00282,2025FA,SCH11,PRG1103,1103-200,02,2025-08-03,Registered,3.0,Pass Fail,Graduate,International,SCH11,PRG1103,Online,39
REG000956,STU00105,SEC00281,2025FA,SCH11,PRG1103,1103-150,01,2025-07-30,Registered,3.0,Audit,Graduate,International,SCH11,PRG1103,In Person,42
REG000957,STU00105,SEC00210,2025SU,SCH11,PRG1103,1103-200,02,2025-04-21,Registered,3.0,Letter,Graduate,International,SCH11,PRG1103,Hybrid,29
REG000958,STU00105,SEC00209,2025SU,SCH11,PRG1103,1103-150,01,2025-04-09,Registered,3.0,Letter,Graduate,International,SCH11,PRG1103,Online,36
REG000959,STU00105,SEC00137,2025WI,SCH11,PRG1103,1103-150,01,2024-12-16,Registered,3.0,Pass Fail,Graduate,International,SCH11,PRG1103,In Person,37
REG000960,STU00105,SEC00138,2025WI,SCH11,PRG1103,1103-200,02,2024-12-16,Registered,3.0,Pass Fail,Graduate,International,SCH11,PRG1103,Online,24
REG000961,STU00105,SEC00426,2026SU,SCH11,PRG1103,1103-200,02,2026-04-22,Registered,3.0,Audit,Graduate,International,SCH11,PRG1103,Online,36
REG000962,STU00105,SEC00425,2026SU,SCH11,PRG1103,1103-150,01,2026-04-14,Registered,3.0,Letter,Graduate,International,SCH11,PRG1103,Online,26
REG000963,STU00106,SEC00068,2024FA,SCH12,PRG1201,1201-200,02,2024-08-11,Dropped,0.0,Pass Fail,Continuing,International,SCH12,PRG1201,Hybrid,24
REG000964,STU00106,SEC00067,2024FA,SCH12,PRG1201,1201-150,01,2024-07-27,Registered,3.0,Pass Fail,Continuing,International,SCH12,PRG1201,In Person,32
REG000965,STU00106,SEC00284,2025FA,SCH12,PRG1201,1201-200,02,2025-08-05,Dropped,0.0,Letter,Continuing,International,SCH12,PRG1201,Online,29
REG000966,STU00106,SEC00283,2025FA,SCH12,PRG1201,1201-150,01,2025-07-26,Registered,3.0,Pass Fail,Continuing,International,SCH12,PRG1201,Online,40
REG000967,STU00106,SEC00212,2025SU,SCH12,PRG1201,1201-200,02,2025-04-19,Dropped,0.0,Audit,Continuing,International,SCH12,PRG1201,In Person,30
REG000968,STU00106,SEC00211,2025SU,SCH12,PRG1201,1201-150,01,2025-04-30,Registered,3.0,Audit,Continuing,International,SCH12,PRG1201,Hybrid,36
REG000969,STU00106,SEC00139,2025WI,SCH12,PRG1201,1201-150,01,2024-12-22,Registered,3.0,Audit,Continuing,International,SCH12,PRG1201,Hybrid,42
REG000970,STU00106,SEC00140,2025WI,SCH12,PRG1201,1201-200,02,2024-12-19,Registered,3.0,Letter,Continuing,International,SCH12,PRG1201,Online,37
REG000971,STU00106,SEC00356,2026WI,SCH12,PRG1201,1201-200,02,2025-12-22,Withdrawn,3.0,Pass Fail,Continuing,International,SCH12,PRG1201,Hybrid,30
REG000972,STU00106,SEC00355,2026WI,SCH12,PRG1201,1201-150,01,2025-12-21,Registered,3.0,Audit,Continuing,International,SCH12,PRG1201,Online,25
REG000973,STU00107,SEC00070,2024FA,SCH12,PRG1202,1202-200,02,2024-07-26,Registered,3.0,Pass Fail,Continuing,In State,SCH12,PRG1202,Online,24
REG000974,STU00107,SEC00069,2024FA,SCH12,PRG1202,1202-150,01,2024-07-28,Registered,3.0,Pass Fail,Continuing,In State,SCH12,PRG1202,In Person,30
REG000975,STU00107,SEC00285,2025FA,SCH12,PRG1202,1202-150,01,2025-07-29,Registered,3.0,Pass Fail,Continuing,In State,SCH12,PRG1202,In Person,32
REG000976,STU00107,SEC00286,2025FA,SCH12,PRG1202,1202-200,02,2025-08-17,Registered,3.0,Letter,Continuing,In State,SCH12,PRG1202,Online,28
REG000977,STU00107,SEC00213,2025SU,SCH12,PRG1202,1202-150,01,2025-05-01,Registered,3.0,Pass Fail,Continuing,In State,SCH12,PRG1202,Hybrid,34
REG000978,STU00107,SEC00214,2025SU,SCH12,PRG1202,1202-200,02,2025-04-12,Registered,3.0,Letter,Continuing,In State,SCH12,PRG1202,In Person,32
REG000979,STU00107,SEC00141,2025WI,SCH12,PRG1202,1202-150,01,2024-12-16,Registered,3.0,Pass Fail,Continuing,In State,SCH12,PRG1202,In Person,25
REG000980,STU00107,SEC00142,2025WI,SCH12,PRG1202,1202-200,02,2025-01-04,Registered,3.0,Audit,Continuing,In State,SCH12,PRG1202,Online,41
REG000981,STU00108,SEC00071,2024FA,SCH12,PRG1203,1203-150,01,2024-08-11,Registered,3.0,Audit,Transfer,In State,SCH12,PRG1203,In Person,26
REG000982,STU00108,SEC00072,2024FA,SCH12,PRG1203,1203-200,02,2024-07-30,Registered,3.0,Letter,Transfer,In State,SCH12,PRG1203,Hybrid,42
REG000983,STU00108,SEC00288,2025FA,SCH12,PRG1203,1203-200,02,2025-08-12,Registered,3.0,Pass Fail,Transfer,In State,SCH12,PRG1203,In Person,24
REG000984,STU00108,SEC00287,2025FA,SCH12,PRG1203,1203-150,01,2025-08-14,Registered,3.0,Audit,Transfer,In State,SCH12,PRG1203,In Person,30
REG000985,STU00108,SEC00216,2025SU,SCH12,PRG1203,1203-200,02,2025-05-04,Registered,3.0,Audit,Transfer,In State,SCH12,PRG1203,Hybrid,26
REG000986,STU00108,SEC00215,2025SU,SCH12,PRG1203,1203-150,01,2025-04-26,Dropped,0.0,Letter,Transfer,In State,SCH12,PRG1203,Online,28
REG000987,STU00108,SEC00143,2025WI,SCH12,PRG1203,1203-150,01,2025-01-04,Registered,3.0,Audit,Transfer,In State,SCH12,PRG1203,In Person,36
REG000988,STU00108,SEC00144,2025WI,SCH12,PRG1203,1203-200,02,2024-12-17,Registered,3.0,Pass Fail,Transfer,In State,SCH12,PRG1203,Online,28
REG000989,STU00108,SEC00431,2026SU,SCH12,PRG1203,1203-150,01,2026-04-15,Withdrawn,3.0,Pass Fail,Transfer,In State,SCH12,PRG1203,Online,37
REG000990,STU00108,SEC00432,2026SU,SCH12,PRG1203,1203-200,02,2026-04-15,Withdrawn,3.0,Letter,Transfer,In State,SCH12,PRG1203,Online,33
REG000991,STU00108,SEC00360,2026WI,SCH12,PRG1203,1203-200,02,2025-12-17,Withdrawn,3.0,Pass Fail,Transfer,In State,SCH12,PRG1203,Hybrid,28
REG000992,STU00108,SEC00359,2026WI,SCH12,PRG1203,1203-150,01,2025-12-30,Registered,3.0,Pass Fail,Transfer,In State,SCH12,PRG1203,Hybrid,41
REG000993,STU00109,SEC00001,2024FA,SCH01,PRG0101,0101-150,01,2024-08-05,Registered,3.0,Letter,First Time,Out of State,SCH01,PRG0101,Online,29
REG000994,STU00109,SEC00002,2024FA,SCH01,PRG0101,0101-200,02,2024-08-14,Registered,3.0,Audit,First Time,Out of State,SCH01,PRG0101,Online,28
REG000995,STU00109,SEC00218,2025FA,SCH01,PRG0101,0101-200,02,2025-08-11,Registered,3.0,Letter,First Time,Out of State,SCH01,PRG0101,Online,36
REG000996,STU00109,SEC00217,2025FA,SCH01,PRG0101,0101-150,01,2025-08-10,Dropped,0.0,Letter,First Time,Out of State,SCH01,PRG0101,In Person,41
REG000997,STU00109,SEC00146,2025SU,SCH01,PRG0101,0101-200,02,2025-04-09,Registered,3.0,Audit,First Time,Out of State,SCH01,PRG0101,Online,39
REG000998,STU00109,SEC00145,2025SU,SCH01,PRG0101,0101-150,01,2025-04-10,Registered,3.0,Letter,First Time,Out of State,SCH01,PRG0101,Hybrid,42
REG000999,STU00109,SEC00073,2025WI,SCH01,PRG0101,0101-150,01,2024-12-12,Registered,3.0,Audit,First Time,Out of State,SCH01,PRG0101,Online,30
REG001000,STU00109,SEC00074,2025WI,SCH01,PRG0101,0101-200,02,2024-12-09,Registered,3.0,Pass Fail,First Time,Out of State,SCH01,PRG0101,In Person,32
REG001001,STU00109,SEC00361,2026SU,SCH01,PRG0101,0101-150,01,2026-04-09,Registered,3.0,Pass Fail,First Time,Out of State,SCH01,PRG0101,In Person,29
REG001002,STU00109,SEC00362,2026SU,SCH01,PRG0101,0101-200,02,2026-05-03,Registered,3.0,Pass Fail,First Time,Out of State,SCH01,PRG0101,Online,26
REG001003,STU00109,SEC00290,2026WI,SCH01,PRG0101,0101-200,02,2025-12-17,Withdrawn,3.0,Audit,First Time,Out of State,SCH01,PRG0101,In Person,31
REG001004,STU00109,SEC00289,2026WI,SCH01,PRG0101,0101-150,01,2026-01-04,Registered,3.0,Letter,First Time,Out of State,SCH01,PRG0101,Online,33
REG001005,STU00110,SEC00003,2024FA,SCH01,PRG0102,0102-150,01,2024-08-10,Registered,3.0,Letter,Graduate,Out of State,SCH01,PRG0102,Hybrid,42
REG001006,STU00110,SEC00004,2024FA,SCH01,PRG0102,0102-200,02,2024-08-16,Registered,3.0,Audit,Graduate,Out of State,SCH01,PRG0102,Hybrid,38
REG001007,STU00110,SEC00219,2025FA,SCH01,PRG0102,0102-150,01,2025-07-28,Registered,3.0,Audit,Graduate,Out of State,SCH01,PRG0102,Online,38
REG001008,STU00110,SEC00220,2025FA,SCH01,PRG0102,0102-200,02,2025-08-06,Registered,3.0,Audit,Graduate,Out of State,SCH01,PRG0102,Online,25
REG001009,STU00110,SEC00147,2025SU,SCH01,PRG0102,0102-150,01,2025-04-12,Registered,3.0,Letter,Graduate,Out of State,SCH01,PRG0102,In Person,36
REG001010,STU00110,SEC00148,2025SU,SCH01,PRG0102,0102-200,02,2025-04-29,Registered,3.0,Audit,Graduate,Out of State,SCH01,PRG0102,Hybrid,26
REG001011,STU00110,SEC00075,2025WI,SCH01,PRG0102,0102-150,01,2025-01-03,Registered,3.0,Pass Fail,Graduate,Out of State,SCH01,PRG0102,Hybrid,25
REG001012,STU00110,SEC00076,2025WI,SCH01,PRG0102,0102-200,02,2024-12-24,Registered,3.0,Pass Fail,Graduate,Out of State,SCH01,PRG0102,Online,25
REG001013,STU00110,SEC00364,2026SU,SCH01,PRG0102,0102-200,02,2026-04-16,Registered,3.0,Pass Fail,Graduate,Out of State,SCH01,PRG0102,In Person,32
REG001014,STU00110,SEC00363,2026SU,SCH01,PRG0102,0102-150,01,2026-04-29,Registered,3.0,Audit,Graduate,Out of State,SCH01,PRG0102,Hybrid,25
REG001015,STU00110,SEC00292,2026WI,SCH01,PRG0102,0102-200,02,2026-01-03,Registered,3.0,Audit,Graduate,Out of State,SCH01,PRG0102,In Person,34
REG001016,STU00110,SEC00291,2026WI,SCH01,PRG0102,0102-150,01,2025-12-27,Withdrawn,3.0,Pass Fail,Graduate,Out of State,SCH01,PRG0102,In Person,31
REG001017,STU00111,SEC00006,2024FA,SCH01,PRG0103,0103-200,02,2024-07-27,Registered,3.0,Audit,First Time,International,SCH01,PRG0103,Online,35
REG001018,STU00111,SEC00005,2024FA,SCH01,PRG0103,0103-150,01,2024-07-26,Withdrawn,3.0,Pass Fail,First Time,International,SCH01,PRG0103,In Person,39
REG001019,STU00111,SEC00222,2025FA,SCH01,PRG0103,0103-200,02,2025-08-09,Registered,3.0,Pass Fail,First Time,International,SCH01,PRG0103,Online,38
REG001020,STU00111,SEC00221,2025FA,SCH01,PRG0103,0103-150,01,2025-07-30,Registered,3.0,Pass Fail,First Time,International,SCH01,PRG0103,Online,27
REG001021,STU00111,SEC00149,2025SU,SCH01,PRG0103,0103-150,01,2025-04-27,Registered,3.0,Letter,First Time,International,SCH01,PRG0103,Online,25
REG001022,STU00111,SEC00150,2025SU,SCH01,PRG0103,0103-200,02,2025-05-04,Registered,3.0,Letter,First Time,International,SCH01,PRG0103,Online,40
REG001023,STU00111,SEC00077,2025WI,SCH01,PRG0103,0103-150,01,2024-12-19,Registered,3.0,Letter,First Time,International,SCH01,PRG0103,In Person,40
REG001024,STU00111,SEC00078,2025WI,SCH01,PRG0103,0103-200,02,2024-12-14,Registered,3.0,Letter,First Time,International,SCH01,PRG0103,Online,35
REG001025,STU00112,SEC00007,2024FA,SCH02,PRG0201,0201-150,01,2024-07-22,Withdrawn,3.0,Pass Fail,Graduate,International,SCH02,PRG0201,Online,26
REG001026,STU00112,SEC00008,2024FA,SCH02,PRG0201,0201-200,02,2024-07-31,Registered,3.0,Pass Fail,Graduate,International,SCH02,PRG0201,In Person,25
REG001027,STU00112,SEC00152,2025SU,SCH02,PRG0201,0201-200,02,2025-04-13,Registered,3.0,Audit,Graduate,International,SCH02,PRG0201,Hybrid,27
REG001028,STU00112,SEC00151,2025SU,SCH02,PRG0201,0201-150,01,2025-04-13,Registered,3.0,Audit,Graduate,International,SCH02,PRG0201,Hybrid,30
REG001029,STU00112,SEC00079,2025WI,SCH02,PRG0201,0201-150,01,2024-12-25,Withdrawn,3.0,Audit,Graduate,International,SCH02,PRG0201,Online,26
REG001030,STU00112,SEC00080,2025WI,SCH02,PRG0201,0201-200,02,2024-12-29,Registered,3.0,Pass Fail,Graduate,International,SCH02,PRG0201,Hybrid,32
REG001031,STU00112,SEC00367,2026SU,SCH02,PRG0201,0201-150,01,2026-04-19,Registered,3.0,Pass Fail,Graduate,International,SCH02,PRG0201,Online,26
REG001032,STU00112,SEC00368,2026SU,SCH02,PRG0201,0201-200,02,2026-04-20,Registered,3.0,Audit,Graduate,International,SCH02,PRG0201,Online,33
REG001033,STU00113,SEC00010,2024FA,SCH02,PRG0202,0202-200,02,2024-07-31,Registered,3.0,Audit,Graduate,In State,SCH02,PRG0202,Hybrid,37
REG001034,STU00113,SEC00009,2024FA,SCH02,PRG0202,0202-150,01,2024-08-06,Registered,3.0,Pass Fail,Graduate,In State,SCH02,PRG0202,In Person,29
REG001035,STU00113,SEC00225,2025FA,SCH02,PRG0202,0202-150,01,2025-07-22,Registered,3.0,Letter,Graduate,In State,SCH02,PRG0202,Hybrid,39
REG001036,STU00113,SEC00226,2025FA,SCH02,PRG0202,0202-200,02,2025-08-14,Dropped,0.0,Letter,Graduate,In State,SCH02,PRG0202,In Person,31
REG001037,STU00113,SEC00154,2025SU,SCH02,PRG0202,0202-200,02,2025-05-03,Registered,3.0,Letter,Graduate,In State,SCH02,PRG0202,Online,35
REG001038,STU00113,SEC00153,2025SU,SCH02,PRG0202,0202-150,01,2025-05-03,Registered,3.0,Pass Fail,Graduate,In State,SCH02,PRG0202,Hybrid,29
REG001039,STU00113,SEC00082,2025WI,SCH02,PRG0202,0202-200,02,2024-12-22,Registered,3.0,Audit,Graduate,In State,SCH02,PRG0202,In Person,42
REG001040,STU00113,SEC00081,2025WI,SCH02,PRG0202,0202-150,01,2024-12-18,Registered,3.0,Audit,Graduate,In State,SCH02,PRG0202,Hybrid,31
REG001041,STU00113,SEC00370,2026SU,SCH02,PRG0202,0202-200,02,2026-04-30,Registered,3.0,Audit,Graduate,In State,SCH02,PRG0202,Hybrid,40
REG001042,STU00113,SEC00369,2026SU,SCH02,PRG0202,0202-150,01,2026-04-29,Registered,3.0,Letter,Graduate,In State,SCH02,PRG0202,Online,41
REG001043,STU00113,SEC00298,2026WI,SCH02,PRG0202,0202-200,02,2025-12-12,Registered,3.0,Audit,Graduate,In State,SCH02,PRG0202,In Person,39
REG001044,STU00113,SEC00297,2026WI,SCH02,PRG0202,0202-150,01,2025-12-18,Registered,3.0,Letter,Graduate,In State,SCH02,PRG0202,In Person,24
REG001045,STU00114,SEC00011,2024FA,SCH02,PRG0203,0203-150,01,2024-07-28,Registered,3.0,Audit,Graduate,In State,SCH02,PRG0203,Online,38
REG001046,STU00114,SEC00012,2024FA,SCH02,PRG0203,0203-200,02,2024-07-31,Registered,3.0,Audit,Graduate,In State,SCH02,PRG0203,Hybrid,26
REG001047,STU00114,SEC00228,2025FA,SCH02,PRG0203,0203-200,02,2025-08-16,Registered,3.0,Letter,Graduate,In State,SCH02,PRG0203,Online,35
REG001048,STU00114,SEC00227,2025FA,SCH02,PRG0203,0203-150,01,2025-08-17,Registered,3.0,Letter,Graduate,In State,SCH02,PRG0203,Online,25
REG001049,STU00114,SEC00084,2025WI,SCH02,PRG0203,0203-200,02,2024-12-28,Registered,3.0,Pass Fail,Graduate,In State,SCH02,PRG0203,Online,28
REG001050,STU00114,SEC00083,2025WI,SCH02,PRG0203,0203-150,01,2024-12-23,Registered,3.0,Pass Fail,Graduate,In State,SCH02,PRG0203,Online,41
REG001051,STU00114,SEC00371,2026SU,SCH02,PRG0203,0203-150,01,2026-04-06,Registered,3.0,Letter,Graduate,In State,SCH02,PRG0203,Hybrid,34
REG001052,STU00114,SEC00372,2026SU,SCH02,PRG0203,0203-200,02,2026-04-29,Registered,3.0,Audit,Graduate,In State,SCH02,PRG0203,Hybrid,37
REG001053,STU00114,SEC00299,2026WI,SCH02,PRG0203,0203-150,01,2025-12-08,Registered,3.0,Audit,Graduate,In State,SCH02,PRG0203,Hybrid,26
REG001054,STU00114,SEC00300,2026WI,SCH02,PRG0203,0203-200,02,2025-12-16,Registered,3.0,Audit,Graduate,In State,SCH02,PRG0203,Hybrid,35
REG001055,STU00115,SEC00014,2024FA,SCH03,PRG0301,0301-200,02,2024-08-06,Registered,3.0,Pass Fail,Graduate,In State,SCH03,PRG0301,Online,35
REG001056,STU00115,SEC00013,2024FA,SCH03,PRG0301,0301-150,01,2024-07-29,Registered,3.0,Audit,Graduate,In State,SCH03,PRG0301,Online,36
REG001057,STU00115,SEC00230,2025FA,SCH03,PRG0301,0301-200,02,2025-08-16,Withdrawn,3.0,Audit,Graduate,In State,SCH03,PRG0301,Hybrid,30
REG001058,STU00115,SEC00229,2025FA,SCH03,PRG0301,0301-150,01,2025-08-13,Registered,3.0,Letter,Graduate,In State,SCH03,PRG0301,Hybrid,42
REG001059,STU00115,SEC00085,2025WI,SCH03,PRG0301,0301-150,01,2024-12-14,Registered,3.0,Pass Fail,Graduate,In State,SCH03,PRG0301,Hybrid,41
REG001060,STU00115,SEC00086,2025WI,SCH03,PRG0301,0301-200,02,2024-12-25,Registered,3.0,Letter,Graduate,In State,SCH03,PRG0301,Hybrid,31
REG001061,STU00115,SEC00302,2026WI,SCH03,PRG0301,0301-200,02,2025-12-16,Registered,3.0,Letter,Graduate,In State,SCH03,PRG0301,In Person,33
REG001062,STU00115,SEC00301,2026WI,SCH03,PRG0301,0301-150,01,2025-12-19,Withdrawn,3.0,Letter,Graduate,In State,SCH03,PRG0301,In Person,36
REG001063,STU00116,SEC00015,2024FA,SCH03,PRG0302,0302-150,01,2024-08-15,Registered,3.0,Audit,Graduate,International,SCH03,PRG0302,Hybrid,26
REG001064,STU00116,SEC00016,2024FA,SCH03,PRG0302,0302-200,02,2024-08-06,Registered,3.0,Pass Fail,Graduate,International,SCH03,PRG0302,Hybrid,33
REG001065,STU00116,SEC00231,2025FA,SCH03,PRG0302,0302-150,01,2025-07-29,Registered,3.0,Pass Fail,Graduate,International,SCH03,PRG0302,Hybrid,29
REG001066,STU00116,SEC00232,2025FA,SCH03,PRG0302,0302-200,02,2025-07-28,Registered,3.0,Audit,Graduate,International,SCH03,PRG0302,Online,37
REG001067,STU00116,SEC00159,2025SU,SCH03,PRG0302,0302-150,01,2025-05-04,Registered,3.0,Audit,Graduate,International,SCH03,PRG0302,Online,32
REG001068,STU00116,SEC00160,2025SU,SCH03,PRG0302,0302-200,02,2025-04-13,Registered,3.0,Letter,Graduate,International,SCH03,PRG0302,In Person,31
REG001069,STU00116,SEC00304,2026WI,SCH03,PRG0302,0302-200,02,2025-12-16,Registered,3.0,Audit,Graduate,International,SCH03,PRG0302,In Person,34
REG001070,STU00116,SEC00303,2026WI,SCH03,PRG0302,0302-150,01,2025-12-13,Registered,3.0,Letter,Graduate,International,SCH03,PRG0302,In Person,33
REG001071,STU00117,SEC00018,2024FA,SCH03,PRG0303,0303-200,02,2024-07-22,Registered,3.0,Letter,First Time,International,SCH03,PRG0303,Hybrid,28
REG001072,STU00117,SEC00017,2024FA,SCH03,PRG0303,0303-150,01,2024-08-04,Registered,3.0,Audit,First Time,International,SCH03,PRG0303,Online,30
REG001073,STU00117,SEC00234,2025FA,SCH03,PRG0303,0303-200,02,2025-08-13,Registered,3.0,Audit,First Time,International,SCH03,PRG0303,Online,28
REG001074,STU00117,SEC00233,2025FA,SCH03,PRG0303,0303-150,01,2025-08-15,Registered,3.0,Audit,First Time,International,SCH03,PRG0303,In Person,26
REG001075,STU00117,SEC00161,2025SU,SCH03,PRG0303,0303-150,01,2025-04-10,Registered,3.0,Audit,First Time,International,SCH03,PRG0303,Hybrid,25
REG001076,STU00117,SEC00162,2025SU,SCH03,PRG0303,0303-200,02,2025-04-14,Withdrawn,3.0,Pass Fail,First Time,International,SCH03,PRG0303,In Person,32
REG001077,STU00117,SEC00090,2025WI,SCH03,PRG0303,0303-200,02,2024-12-28,Registered,3.0,Letter,First Time,International,SCH03,PRG0303,Online,24
REG001078,STU00117,SEC00089,2025WI,SCH03,PRG0303,0303-150,01,2024-12-17,Registered,3.0,Letter,First Time,International,SCH03,PRG0303,Hybrid,29
REG001079,STU00117,SEC00377,2026SU,SCH03,PRG0303,0303-150,01,2026-04-09,Registered,3.0,Pass Fail,First Time,International,SCH03,PRG0303,Hybrid,33
REG001080,STU00117,SEC00378,2026SU,SCH03,PRG0303,0303-200,02,2026-04-11,Registered,3.0,Letter,First Time,International,SCH03,PRG0303,Online,27
REG001081,STU00117,SEC00305,2026WI,SCH03,PRG0303,0303-150,01,2025-12-14,Registered,3.0,Pass Fail,First Time,International,SCH03,PRG0303,In Person,24
REG001082,STU00117,SEC00306,2026WI,SCH03,PRG0303,0303-200,02,2025-12-09,Registered,3.0,Pass Fail,First Time,International,SCH03,PRG0303,Online,24
REG001083,STU00118,SEC00020,2024FA,SCH04,PRG0401,0401-200,02,2024-07-31,Registered,3.0,Audit,Transfer,Out of State,SCH04,PRG0401,Hybrid,35
REG001084,STU00118,SEC00019,2024FA,SCH04,PRG0401,0401-150,01,2024-07-27,Registered,3.0,Pass Fail,Transfer,Out of State,SCH04,PRG0401,Hybrid,39
REG001085,STU00118,SEC00235,2025FA,SCH04,PRG0401,0401-150,01,2025-07-26,Registered,3.0,Pass Fail,Transfer,Out of State,SCH04,PRG0401,In Person,34
REG001086,STU00118,SEC00236,2025FA,SCH04,PRG0401,0401-200,02,2025-08-01,Registered,3.0,Pass Fail,Transfer,Out of State,SCH04,PRG0401,In Person,34
REG001087,STU00118,SEC00091,2025WI,SCH04,PRG0401,0401-150,01,2024-12-15,Withdrawn,3.0,Audit,Transfer,Out of State,SCH04,PRG0401,Online,25
REG001088,STU00118,SEC00092,2025WI,SCH04,PRG0401,0401-200,02,2024-12-29,Registered,3.0,Audit,Transfer,Out of State,SCH04,PRG0401,Hybrid,27
REG001089,STU00119,SEC00022,2024FA,SCH04,PRG0402,0402-200,02,2024-07-27,Registered,3.0,Audit,Transfer,International,SCH04,PRG0402,Online,40
REG001090,STU00119,SEC00021,2024FA,SCH04,PRG0402,0402-150,01,2024-08-13,Registered,3.0,Audit,Transfer,International,SCH04,PRG0402,Online,37
REG001091,STU00119,SEC00238,2025FA,SCH04,PRG0402,0402-200,02,2025-08-16,Registered,3.0,Letter,Transfer,International,SCH04,PRG0402,Hybrid,30
REG001092,STU00119,SEC00237,2025FA,SCH04,PRG0402,0402-150,01,2025-08-03,Registered,3.0,Letter,Transfer,International,SCH04,PRG0402,In Person,26
REG001093,STU00119,SEC00165,2025SU,SCH04,PRG0402,0402-150,01,2025-05-04,Registered,3.0,Pass Fail,Transfer,International,SCH04,PRG0402,In Person,25
REG001094,STU00119,SEC00166,2025SU,SCH04,PRG0402,0402-200,02,2025-04-30,Registered,3.0,Letter,Transfer,International,SCH04,PRG0402,In Person,34
REG001095,STU00119,SEC00094,2025WI,SCH04,PRG0402,0402-200,02,2024-12-27,Registered,3.0,Pass Fail,Transfer,International,SCH04,PRG0402,In Person,34
REG001096,STU00119,SEC00093,2025WI,SCH04,PRG0402,0402-150,01,2025-01-04,Registered,3.0,Audit,Transfer,International,SCH04,PRG0402,Hybrid,38
REG001097,STU00120,SEC00240,2025FA,SCH04,PRG0403,0403-200,02,2025-08-03,Registered,3.0,Audit,Transfer,Out of State,SCH04,PRG0403,Online,37
REG001098,STU00120,SEC00239,2025FA,SCH04,PRG0403,0403-150,01,2025-08-16,Registered,3.0,Letter,Transfer,Out of State,SCH04,PRG0403,Hybrid,41
REG001099,STU00120,SEC00384,2026SU,SCH04,PRG0403,0403-200,02,2026-04-16,Registered,3.0,Audit,Transfer,Out of State,SCH04,PRG0403,Online,41
REG001100,STU00120,SEC00383,2026SU,SCH04,PRG0403,0403-150,01,2026-04-11,Registered,3.0,Pass Fail,Transfer,Out of State,SCH04,PRG0403,Hybrid,34
REG001101,STU00120,SEC00311,2026WI,SCH04,PRG0403,0403-150,01,2025-12-11,Registered,3.0,Audit,Transfer,Out of State,SCH04,PRG0403,Hybrid,27
REG001102,STU00120,SEC00312,2026WI,SCH04,PRG0403,0403-200,02,2025-12-10,Registered,3.0,Audit,Transfer,Out of State,SCH04,PRG0403,Online,31
REG001103,STU00121,SEC00025,2024FA,SCH05,PRG0501,0501-150,01,2024-08-10,Dropped,0.0,Audit,Continuing,In State,SCH05,PRG0501,In Person,30
REG001104,STU00121,SEC00026,2024FA,SCH05,PRG0501,0501-200,02,2024-08-01,Registered,3.0,Pass Fail,Continuing,In State,SCH05,PRG0501,Online,41
REG001105,STU00121,SEC00170,2025SU,SCH05,PRG0501,0501-200,02,2025-04-26,Registered,3.0,Letter,Continuing,In State,SCH05,PRG0501,Online,34
REG001106,STU00121,SEC00169,2025SU,SCH05,PRG0501,0501-150,01,2025-04-17,Registered,3.0,Audit,Continuing,In State,SCH05,PRG0501,Online,28
REG001107,STU00121,SEC00386,2026SU,SCH05,PRG0501,0501-200,02,2026-04-10,Registered,3.0,Audit,Continuing,In State,SCH05,PRG0501,In Person,36
REG001108,STU00121,SEC00385,2026SU,SCH05,PRG0501,0501-150,01,2026-04-23,Registered,3.0,Audit,Continuing,In State,SCH05,PRG0501,Online,42
REG001109,STU00122,SEC00028,2024FA,SCH05,PRG0502,0502-200,02,2024-08-10,Registered,3.0,Pass Fail,Graduate,In State,SCH05,PRG0502,Online,25
REG001110,STU00122,SEC00027,2024FA,SCH05,PRG0502,0502-150,01,2024-08-05,Registered,3.0,Letter,Graduate,In State,SCH05,PRG0502,In Person,32
REG001111,STU00122,SEC00172,2025SU,SCH05,PRG0502,0502-200,02,2025-04-17,Registered,3.0,Letter,Graduate,In State,SCH05,PRG0502,Online,28
REG001112,STU00122,SEC00171,2025SU,SCH05,PRG0502,0502-150,01,2025-04-25,Registered,3.0,Pass Fail,Graduate,In State,SCH05,PRG0502,Hybrid,38
REG001113,STU00122,SEC00387,2026SU,SCH05,PRG0502,0502-150,01,2026-04-15,Registered,3.0,Letter,Graduate,In State,SCH05,PRG0502,In Person,35
REG001114,STU00122,SEC00388,2026SU,SCH05,PRG0502,0502-200,02,2026-05-01,Registered,3.0,Pass Fail,Graduate,In State,SCH05,PRG0502,Online,42
REG001115,STU00123,SEC00029,2024FA,SCH05,PRG0503,0503-150,01,2024-07-25,Registered,3.0,Audit,Transfer,In State,SCH05,PRG0503,In Person,27
REG001116,STU00123,SEC00030,2024FA,SCH05,PRG0503,0503-200,02,2024-07-24,Registered,3.0,Pass Fail,Transfer,In State,SCH05,PRG0503,In Person,33
REG001117,STU00123,SEC00173,2025SU,SCH05,PRG0503,0503-150,01,2025-04-19,Registered,3.0,Audit,Transfer,In State,SCH05,PRG0503,Online,26
REG001118,STU00123,SEC00174,2025SU,SCH05,PRG0503,0503-200,02,2025-04-07,Registered,3.0,Audit,Transfer,In State,SCH05,PRG0503,Online,41
REG001119,STU00123,SEC00102,2025WI,SCH05,PRG0503,0503-200,02,2024-12-20,Registered,3.0,Audit,Transfer,In State,SCH05,PRG0503,Hybrid,35
REG001120,STU00123,SEC00101,2025WI,SCH05,PRG0503,0503-150,01,2024-12-16,Withdrawn,3.0,Letter,Transfer,In State,SCH05,PRG0503,In Person,24
REG001121,STU00123,SEC00389,2026SU,SCH05,PRG0503,0503-150,01,2026-04-12,Registered,3.0,Letter,Transfer,In State,SCH05,PRG0503,In Person,38
REG001122,STU00123,SEC00390,2026SU,SCH05,PRG0503,0503-200,02,2026-04-30,Registered,3.0,Pass Fail,Transfer,In State,SCH05,PRG0503,Online,25
REG001123,STU00123,SEC00317,2026WI,SCH05,PRG0503,0503-150,01,2025-12-12,Dropped,0.0,Audit,Transfer,In State,SCH05,PRG0503,Online,27
REG001124,STU00123,SEC00318,2026WI,SCH05,PRG0503,0503-200,02,2025-12-30,Registered,3.0,Letter,Transfer,In State,SCH05,PRG0503,Hybrid,27
REG001125,STU00124,SEC00032,2024FA,SCH06,PRG0601,0601-200,02,2024-07-25,Dropped,0.0,Audit,Continuing,In State,SCH06,PRG0601,Hybrid,31
REG001126,STU00124,SEC00031,2024FA,SCH06,PRG0601,0601-150,01,2024-08-15,Registered,3.0,Letter,Continuing,In State,SCH06,PRG0601,Online,36
REG001127,STU00124,SEC00175,2025SU,SCH06,PRG0601,0601-150,01,2025-04-28,Registered,3.0,Pass Fail,Continuing,In State,SCH06,PRG0601,Hybrid,24
REG001128,STU00124,SEC00176,2025SU,SCH06,PRG0601,0601-200,02,2025-04-15,Registered,3.0,Audit,Continuing,In State,SCH06,PRG0601,Hybrid,36
REG001129,STU00124,SEC00103,2025WI,SCH06,PRG0601,0601-150,01,2024-12-29,Dropped,0.0,Pass Fail,Continuing,In State,SCH06,PRG0601,Hybrid,36
REG001130,STU00124,SEC00104,2025WI,SCH06,PRG0601,0601-200,02,2024-12-25,Registered,3.0,Letter,Continuing,In State,SCH06,PRG0601,Hybrid,40
REG001131,STU00124,SEC00392,2026SU,SCH06,PRG0601,0601-200,02,2026-04-18,Registered,3.0,Audit,Continuing,In State,SCH06,PRG0601,Hybrid,26
REG001132,STU00124,SEC00391,2026SU,SCH06,PRG0601,0601-150,01,2026-04-20,Registered,3.0,Pass Fail,Continuing,In State,SCH06,PRG0601,Hybrid,26
REG001133,STU00124,SEC00319,2026WI,SCH06,PRG0601,0601-150,01,2025-12-28,Registered,3.0,Audit,Continuing,In State,SCH06,PRG0601,Hybrid,34
REG001134,STU00124,SEC00320,2026WI,SCH06,PRG0601,0601-200,02,2025-12-11,Registered,3.0,Pass Fail,Continuing,In State,SCH06,PRG0601,In Person,40
REG001135,STU00125,SEC00033,2024FA,SCH06,PRG0602,0602-150,01,2024-08-04,Registered,3.0,Letter,First Time,Out of State,SCH06,PRG0602,Hybrid,41
REG001136,STU00125,SEC00034,2024FA,SCH06,PRG0602,0602-200,02,2024-08-06,Registered,3.0,Letter,First Time,Out of State,SCH06,PRG0602,In Person,35
REG001137,STU00125,SEC00106,2025WI,SCH06,PRG0602,0602-200,02,2024-12-20,Registered,3.0,Letter,First Time,Out of State,SCH06,PRG0602,Hybrid,36
REG001138,STU00125,SEC00105,2025WI,SCH06,PRG0602,0602-150,01,2024-12-31,Registered,3.0,Audit,First Time,Out of State,SCH06,PRG0602,Hybrid,25
REG001139,STU00125,SEC00393,2026SU,SCH06,PRG0602,0602-150,01,2026-05-01,Registered,3.0,Letter,First Time,Out of State,SCH06,PRG0602,Online,40
REG001140,STU00125,SEC00394,2026SU,SCH06,PRG0602,0602-200,02,2026-04-18,Registered,3.0,Letter,First Time,Out of State,SCH06,PRG0602,In Person,24
REG001141,STU00126,SEC00036,2024FA,SCH06,PRG0603,0603-200,02,2024-08-17,Registered,3.0,Letter,First Time,International,SCH06,PRG0603,In Person,24
REG001142,STU00126,SEC00035,2024FA,SCH06,PRG0603,0603-150,01,2024-07-24,Registered,3.0,Letter,First Time,International,SCH06,PRG0603,Hybrid,39
REG001143,STU00126,SEC00252,2025FA,SCH06,PRG0603,0603-200,02,2025-07-25,Registered,3.0,Pass Fail,First Time,International,SCH06,PRG0603,Online,35
REG001144,STU00126,SEC00251,2025FA,SCH06,PRG0603,0603-150,01,2025-07-29,Registered,3.0,Pass Fail,First Time,International,SCH06,PRG0603,Hybrid,33
REG001145,STU00126,SEC00179,2025SU,SCH06,PRG0603,0603-150,01,2025-04-22,Registered,3.0,Letter,First Time,International,SCH06,PRG0603,Hybrid,38
REG001146,STU00126,SEC00180,2025SU,SCH06,PRG0603,0603-200,02,2025-04-07,Registered,3.0,Audit,First Time,International,SCH06,PRG0603,Online,34
REG001147,STU00126,SEC00107,2025WI,SCH06,PRG0603,0603-150,01,2024-12-17,Registered,3.0,Audit,First Time,International,SCH06,PRG0603,In Person,31
REG001148,STU00126,SEC00108,2025WI,SCH06,PRG0603,0603-200,02,2024-12-21,Registered,3.0,Letter,First Time,International,SCH06,PRG0603,In Person,32
REG001149,STU00126,SEC00323,2026WI,SCH06,PRG0603,0603-150,01,2025-12-27,Registered,3.0,Pass Fail,First Time,International,SCH06,PRG0603,Online,37
REG001150,STU00126,SEC00324,2026WI,SCH06,PRG0603,0603-200,02,2025-12-09,Registered,3.0,Letter,First Time,International,SCH06,PRG0603,Hybrid,28
REG001151,STU00127,SEC00037,2024FA,SCH07,PRG0701,0701-150,01,2024-08-05,Registered,3.0,Pass Fail,Continuing,Out of State,SCH07,PRG0701,Hybrid,41
REG001152,STU00127,SEC00038,2024FA,SCH07,PRG0701,0701-200,02,2024-08-15,Registered,3.0,Pass Fail,Continuing,Out of State,SCH07,PRG0701,In Person,42
REG001153,STU00127,SEC00254,2025FA,SCH07,PRG0701,0701-200,02,2025-07-31,Registered,3.0,Letter,Continuing,Out of State,SCH07,PRG0701,In Person,25
REG001154,STU00127,SEC00253,2025FA,SCH07,PRG0701,0701-150,01,2025-08-12,Registered,3.0,Audit,Continuing,Out of State,SCH07,PRG0701,In Person,26
REG001155,STU00127,SEC00181,2025SU,SCH07,PRG0701,0701-150,01,2025-04-10,Registered,3.0,Pass Fail,Continuing,Out of State,SCH07,PRG0701,Hybrid,40
REG001156,STU00127,SEC00182,2025SU,SCH07,PRG0701,0701-200,02,2025-04-20,Registered,3.0,Letter,Continuing,Out of State,SCH07,PRG0701,Hybrid,41
REG001157,STU00127,SEC00397,2026SU,SCH07,PRG0701,0701-150,01,2026-04-30,Registered,3.0,Letter,Continuing,Out of State,SCH07,PRG0701,In Person,24
REG001158,STU00127,SEC00398,2026SU,SCH07,PRG0701,0701-200,02,2026-04-27,Registered,3.0,Letter,Continuing,Out of State,SCH07,PRG0701,In Person,34
REG001159,STU00127,SEC00326,2026WI,SCH07,PRG0701,0701-200,02,2025-12-25,Registered,3.0,Pass Fail,Continuing,Out of State,SCH07,PRG0701,In Person,25
REG001160,STU00127,SEC00325,2026WI,SCH07,PRG0701,0701-150,01,2025-12-17,Registered,3.0,Audit,Continuing,Out of State,SCH07,PRG0701,In Person,36
REG001161,STU00128,SEC00040,2024FA,SCH07,PRG0702,0702-200,02,2024-08-14,Registered,3.0,Letter,Continuing,International,SCH07,PRG0702,In Person,26
REG001162,STU00128,SEC00039,2024FA,SCH07,PRG0702,0702-150,01,2024-08-16,Registered,3.0,Pass Fail,Continuing,International,SCH07,PRG0702,Online,26
REG001163,STU00128,SEC00183,2025SU,SCH07,PRG0702,0702-150,01,2025-04-26,Registered,3.0,Pass Fail,Continuing,International,SCH07,PRG0702,Hybrid,36
REG001164,STU00128,SEC00184,2025SU,SCH07,PRG0702,0702-200,02,2025-05-02,Registered,3.0,Letter,Continuing,International,SCH07,PRG0702,Hybrid,41
REG001165,STU00128,SEC00399,2026SU,SCH07,PRG0702,0702-150,01,2026-04-26,Registered,3.0,Pass Fail,Continuing,International,SCH07,PRG0702,Hybrid,37
REG001166,STU00128,SEC00400,2026SU,SCH07,PRG0702,0702-200,02,2026-04-28,Registered,3.0,Letter,Continuing,International,SCH07,PRG0702,Online,29
REG001167,STU00129,SEC00041,2024FA,SCH07,PRG0703,0703-150,01,2024-08-02,Registered,3.0,Letter,Transfer,International,SCH07,PRG0703,In Person,39
REG001168,STU00129,SEC00042,2024FA,SCH07,PRG0703,0703-200,02,2024-08-10,Registered,3.0,Audit,Transfer,International,SCH07,PRG0703,Online,38
REG001169,STU00129,SEC00257,2025FA,SCH07,PRG0703,0703-150,01,2025-08-05,Registered,3.0,Letter,Transfer,International,SCH07,PRG0703,Hybrid,31
REG001170,STU00129,SEC00258,2025FA,SCH07,PRG0703,0703-200,02,2025-07-27,Registered,3.0,Pass Fail,Transfer,International,SCH07,PRG0703,In Person,28
REG001171,STU00129,SEC00186,2025SU,SCH07,PRG0703,0703-200,02,2025-04-24,Registered,3.0,Audit,Transfer,International,SCH07,PRG0703,In Person,42
REG001172,STU00129,SEC00185,2025SU,SCH07,PRG0703,0703-150,01,2025-04-12,Registered,3.0,Audit,Transfer,International,SCH07,PRG0703,In Person,36
REG001173,STU00129,SEC00113,2025WI,SCH07,PRG0703,0703-150,01,2024-12-09,Registered,3.0,Audit,Transfer,International,SCH07,PRG0703,Hybrid,26
REG001174,STU00129,SEC00114,2025WI,SCH07,PRG0703,0703-200,02,2024-12-12,Registered,3.0,Audit,Transfer,International,SCH07,PRG0703,Hybrid,26
REG001175,STU00129,SEC00402,2026SU,SCH07,PRG0703,0703-200,02,2026-04-21,Registered,3.0,Pass Fail,Transfer,International,SCH07,PRG0703,In Person,42
REG001176,STU00129,SEC00401,2026SU,SCH07,PRG0703,0703-150,01,2026-04-10,Dropped,0.0,Letter,Transfer,International,SCH07,PRG0703,In Person,36
REG001177,STU00129,SEC00329,2026WI,SCH07,PRG0703,0703-150,01,2025-12-18,Registered,3.0,Letter,Transfer,International,SCH07,PRG0703,In Person,40
REG001178,STU00129,SEC00330,2026WI,SCH07,PRG0703,0703-200,02,2026-01-04,Withdrawn,3.0,Pass Fail,Transfer,International,SCH07,PRG0703,Online,38
REG001179,STU00130,SEC00043,2024FA,SCH08,PRG0801,0801-150,01,2024-08-17,Withdrawn,3.0,Audit,Transfer,International,SCH08,PRG0801,In Person,29
REG001180,STU00130,SEC00044,2024FA,SCH08,PRG0801,0801-200,02,2024-08-15,Registered,3.0,Pass Fail,Transfer,International,SCH08,PRG0801,Online,28
REG001181,STU00130,SEC00259,2025FA,SCH08,PRG0801,0801-150,01,2025-08-01,Registered,3.0,Audit,Transfer,International,SCH08,PRG0801,In Person,36
REG001182,STU00130,SEC00260,2025FA,SCH08,PRG0801,0801-200,02,2025-08-06,Registered,3.0,Pass Fail,Transfer,International,SCH08,PRG0801,Online,28
REG001183,STU00130,SEC00187,2025SU,SCH08,PRG0801,0801-150,01,2025-05-03,Registered,3.0,Audit,Transfer,International,SCH08,PRG0801,Hybrid,34
REG001184,STU00130,SEC00188,2025SU,SCH08,PRG0801,0801-200,02,2025-04-21,Registered,3.0,Pass Fail,Transfer,International,SCH08,PRG0801,Online,41
REG001185,STU00130,SEC00404,2026SU,SCH08,PRG0801,0801-200,02,2026-04-22,Registered,3.0,Audit,Transfer,International,SCH08,PRG0801,Online,29
REG001186,STU00130,SEC00403,2026SU,SCH08,PRG0801,0801-150,01,2026-04-26,Withdrawn,3.0,Letter,Transfer,International,SCH08,PRG0801,Hybrid,35
REG001187,STU00131,SEC00045,2024FA,SCH08,PRG0802,0802-150,01,2024-08-03,Registered,3.0,Pass Fail,Continuing,Out of State,SCH08,PRG0802,Hybrid,40
REG001188,STU00131,SEC00046,2024FA,SCH08,PRG0802,0802-200,02,2024-07-27,Registered,3.0,Audit,Continuing,Out of State,SCH08,PRG0802,Hybrid,36
REG001189,STU00131,SEC00262,2025FA,SCH08,PRG0802,0802-200,02,2025-07-25,Registered,3.0,Pass Fail,Continuing,Out of State,SCH08,PRG0802,Hybrid,24
REG001190,STU00131,SEC00261,2025FA,SCH08,PRG0802,0802-150,01,2025-08-09,Withdrawn,3.0,Pass Fail,Continuing,Out of State,SCH08,PRG0802,Online,38
REG001191,STU00131,SEC00190,2025SU,SCH08,PRG0802,0802-200,02,2025-04-30,Registered,3.0,Pass Fail,Continuing,Out of State,SCH08,PRG0802,Hybrid,29
REG001192,STU00131,SEC00189,2025SU,SCH08,PRG0802,0802-150,01,2025-04-09,Registered,3.0,Letter,Continuing,Out of State,SCH08,PRG0802,Hybrid,40
REG001193,STU00131,SEC00117,2025WI,SCH08,PRG0802,0802-150,01,2024-12-22,Registered,3.0,Pass Fail,Continuing,Out of State,SCH08,PRG0802,Hybrid,37
REG001194,STU00131,SEC00118,2025WI,SCH08,PRG0802,0802-200,02,2025-01-02,Registered,3.0,Letter,Continuing,Out of State,SCH08,PRG0802,Online,38
REG001195,STU00131,SEC00406,2026SU,SCH08,PRG0802,0802-200,02,2026-04-22,Withdrawn,3.0,Letter,Continuing,Out of State,SCH08,PRG0802,Online,30
REG001196,STU00131,SEC00405,2026SU,SCH08,PRG0802,0802-150,01,2026-04-23,Registered,3.0,Pass Fail,Continuing,Out of State,SCH08,PRG0802,Hybrid,25
REG001197,STU00131,SEC00334,2026WI,SCH08,PRG0802,0802-200,02,2025-12-26,Registered,3.0,Pass Fail,Continuing,Out of State,SCH08,PRG0802,Online,42
REG001198,STU00131,SEC00333,2026WI,SCH08,PRG0802,0802-150,01,2025-12-18,Registered,3.0,Pass Fail,Continuing,Out of State,SCH08,PRG0802,Online,29
REG001199,STU00132,SEC00048,2024FA,SCH08,PRG0803,0803-200,02,2024-08-18,Registered,3.0,Letter,Transfer,Out of State,SCH08,PRG0803,In Person,38
REG001200,STU00132,SEC00047,2024FA,SCH08,PRG0803,0803-150,01,2024-08-05,Withdrawn,3.0,Audit,Transfer,Out of State,SCH08,PRG0803,Online,42
REG001201,STU00132,SEC00264,2025FA,SCH08,PRG0803,0803-200,02,2025-08-08,Registered,3.0,Letter,Transfer,Out of State,SCH08,PRG0803,In Person,32
REG001202,STU00132,SEC00263,2025FA,SCH08,PRG0803,0803-150,01,2025-08-10,Registered,3.0,Letter,Transfer,Out of State,SCH08,PRG0803,Online,37
REG001203,STU00132,SEC00192,2025SU,SCH08,PRG0803,0803-200,02,2025-04-16,Registered,3.0,Letter,Transfer,Out of State,SCH08,PRG0803,Online,30
REG001204,STU00132,SEC00191,2025SU,SCH08,PRG0803,0803-150,01,2025-04-26,Withdrawn,3.0,Pass Fail,Transfer,Out of State,SCH08,PRG0803,Online,36
REG001205,STU00132,SEC00120,2025WI,SCH08,PRG0803,0803-200,02,2025-01-02,Registered,3.0,Letter,Transfer,Out of State,SCH08,PRG0803,Hybrid,36
REG001206,STU00132,SEC00119,2025WI,SCH08,PRG0803,0803-150,01,2024-12-22,Registered,3.0,Audit,Transfer,Out of State,SCH08,PRG0803,Hybrid,28
REG001207,STU00132,SEC00407,2026SU,SCH08,PRG0803,0803-150,01,2026-04-27,Registered,3.0,Audit,Transfer,Out of State,SCH08,PRG0803,In Person,31
REG001208,STU00132,SEC00408,2026SU,SCH08,PRG0803,0803-200,02,2026-05-03,Registered,3.0,Pass Fail,Transfer,Out of State,SCH08,PRG0803,Hybrid,24
REG001209,STU00132,SEC00335,2026WI,SCH08,PRG0803,0803-150,01,2025-12-08,Withdrawn,3.0,Pass Fail,Transfer,Out of State,SCH08,PRG0803,Hybrid,24
REG001210,STU00132,SEC00336,2026WI,SCH08,PRG0803,0803-200,02,2025-12-19,Registered,3.0,Pass Fail,Transfer,Out of State,SCH08,PRG0803,Online,38
REG001211,STU00133,SEC00050,2024FA,SCH09,PRG0901,0901-200,02,2024-08-14,Registered,3.0,Audit,Graduate,International,SCH09,PRG0901,Online,26
REG001212,STU00133,SEC00049,2024FA,SCH09,PRG0901,0901-150,01,2024-07-31,Registered,3.0,Letter,Graduate,International,SCH09,PRG0901,In Person,31
REG001213,STU00133,SEC00266,2025FA,SCH09,PRG0901,0901-200,02,2025-08-04,Registered,3.0,Letter,Graduate,International,SCH09,PRG0901,In Person,42
REG001214,STU00133,SEC00265,2025FA,SCH09,PRG0901,0901-150,01,2025-07-25,Registered,3.0,Letter,Graduate,International,SCH09,PRG0901,In Person,40
REG001215,STU00133,SEC00194,2025SU,SCH09,PRG0901,0901-200,02,2025-04-22,Registered,3.0,Letter,Graduate,International,SCH09,PRG0901,Hybrid,25
REG001216,STU00133,SEC00193,2025SU,SCH09,PRG0901,0901-150,01,2025-04-18,Registered,3.0,Pass Fail,Graduate,International,SCH09,PRG0901,Online,30
REG001217,STU00133,SEC00409,2026SU,SCH09,PRG0901,0901-150,01,2026-04-13,Registered,3.0,Letter,Graduate,International,SCH09,PRG0901,Hybrid,28
REG001218,STU00133,SEC00410,2026SU,SCH09,PRG0901,0901-200,02,2026-04-18,Registered,3.0,Audit,Graduate,International,SCH09,PRG0901,Hybrid,32
REG001219,STU00133,SEC00337,2026WI,SCH09,PRG0901,0901-150,01,2025-12-09,Registered,3.0,Pass Fail,Graduate,International,SCH09,PRG0901,Online,41
REG001220,STU00133,SEC00338,2026WI,SCH09,PRG0901,0901-200,02,2025-12-27,Registered,3.0,Letter,Graduate,International,SCH09,PRG0901,In Person,32
REG001221,STU00134,SEC00268,2025FA,SCH09,PRG0902,0902-200,02,2025-08-03,Registered,3.0,Letter,Transfer,Out of State,SCH09,PRG0902,Hybrid,25
REG001222,STU00134,SEC00267,2025FA,SCH09,PRG0902,0902-150,01,2025-08-13,Registered,3.0,Letter,Transfer,Out of State,SCH09,PRG0902,In Person,37
REG001223,STU00134,SEC00196,2025SU,SCH09,PRG0902,0902-200,02,2025-05-03,Registered,3.0,Pass Fail,Transfer,Out of State,SCH09,PRG0902,In Person,34
REG001224,STU00134,SEC00195,2025SU,SCH09,PRG0902,0902-150,01,2025-04-26,Dropped,0.0,Audit,Transfer,Out of State,SCH09,PRG0902,Hybrid,24
REG001225,STU00134,SEC00124,2025WI,SCH09,PRG0902,0902-200,02,2024-12-23,Registered,3.0,Audit,Transfer,Out of State,SCH09,PRG0902,Online,42
REG001226,STU00134,SEC00123,2025WI,SCH09,PRG0902,0902-150,01,2024-12-18,Registered,3.0,Audit,Transfer,Out of State,SCH09,PRG0902,Hybrid,34
REG001227,STU00135,SEC00053,2024FA,SCH09,PRG0903,0903-150,01,2024-08-13,Registered,3.0,Audit,Graduate,Out of State,SCH09,PRG0903,In Person,37
REG001228,STU00135,SEC00054,2024FA,SCH09,PRG0903,0903-200,02,2024-07-25,Registered,3.0,Audit,Graduate,Out of State,SCH09,PRG0903,Hybrid,35
REG001229,STU00135,SEC00270,2025FA,SCH09,PRG0903,0903-200,02,2025-08-08,Withdrawn,3.0,Pass Fail,Graduate,Out of State,SCH09,PRG0903,Hybrid,42
REG001230,STU00135,SEC00269,2025FA,SCH09,PRG0903,0903-150,01,2025-08-06,Registered,3.0,Audit,Graduate,Out of State,SCH09,PRG0903,Hybrid,42
REG001231,STU00135,SEC00126,2025WI,SCH09,PRG0903,0903-200,02,2025-01-04,Registered,3.0,Pass Fail,Graduate,Out of State,SCH09,PRG0903,Hybrid,33
REG001232,STU00135,SEC00125,2025WI,SCH09,PRG0903,0903-150,01,2024-12-20,Registered,3.0,Audit,Graduate,Out of State,SCH09,PRG0903,In Person,41
REG001233,STU00135,SEC00342,2026WI,SCH09,PRG0903,0903-200,02,2025-12-16,Registered,3.0,Pass Fail,Graduate,Out of State,SCH09,PRG0903,In Person,34
REG001234,STU00135,SEC00341,2026WI,SCH09,PRG0903,0903-150,01,2025-12-20,Registered,3.0,Letter,Graduate,Out of State,SCH09,PRG0903,Hybrid,42
REG001235,STU00136,SEC00272,2025FA,SCH10,PRG1001,1001-200,02,2025-07-27,Registered,3.0,Pass Fail,Continuing,In State,SCH10,PRG1001,In Person,30
REG001236,STU00136,SEC00271,2025FA,SCH10,PRG1001,1001-150,01,2025-08-12,Registered,3.0,Audit,Continuing,In State,SCH10,PRG1001,Hybrid,41
REG001237,STU00136,SEC00200,2025SU,SCH10,PRG1001,1001-200,02,2025-04-14,Dropped,0.0,Letter,Continuing,In State,SCH10,PRG1001,Hybrid,40
REG001238,STU00136,SEC00199,2025SU,SCH10,PRG1001,1001-150,01,2025-04-12,Registered,3.0,Pass Fail,Continuing,In State,SCH10,PRG1001,Hybrid,37
REG001239,STU00136,SEC00416,2026SU,SCH10,PRG1001,1001-200,02,2026-04-11,Registered,3.0,Letter,Continuing,In State,SCH10,PRG1001,Online,32
REG001240,STU00136,SEC00415,2026SU,SCH10,PRG1001,1001-150,01,2026-04-27,Registered,3.0,Pass Fail,Continuing,In State,SCH10,PRG1001,In Person,26
REG001241,STU00136,SEC00344,2026WI,SCH10,PRG1001,1001-200,02,2026-01-01,Registered,3.0,Pass Fail,Continuing,In State,SCH10,PRG1001,Hybrid,32
REG001242,STU00136,SEC00343,2026WI,SCH10,PRG1001,1001-150,01,2025-12-19,Registered,3.0,Letter,Continuing,In State,SCH10,PRG1001,Online,26
REG001243,STU00137,SEC00202,2025SU,SCH10,PRG1002,1002-200,02,2025-04-18,Dropped,0.0,Letter,Graduate,International,SCH10,PRG1002,Hybrid,33
REG001244,STU00137,SEC00201,2025SU,SCH10,PRG1002,1002-150,01,2025-04-25,Registered,3.0,Audit,Graduate,International,SCH10,PRG1002,Online,37
REG001245,STU00137,SEC00129,2025WI,SCH10,PRG1002,1002-150,01,2024-12-18,Registered,3.0,Audit,Graduate,International,SCH10,PRG1002,In Person,25
REG001246,STU00137,SEC00130,2025WI,SCH10,PRG1002,1002-200,02,2024-12-25,Registered,3.0,Audit,Graduate,International,SCH10,PRG1002,Hybrid,26
REG001247,STU00137,SEC00345,2026WI,SCH10,PRG1002,1002-150,01,2026-01-03,Withdrawn,3.0,Pass Fail,Graduate,International,SCH10,PRG1002,Online,35
REG001248,STU00137,SEC00346,2026WI,SCH10,PRG1002,1002-200,02,2025-12-31,Registered,3.0,Pass Fail,Graduate,International,SCH10,PRG1002,Hybrid,29
REG001249,STU00138,SEC00275,2025FA,SCH10,PRG1003,1003-150,01,2025-08-07,Withdrawn,3.0,Pass Fail,Transfer,Out of State,SCH10,PRG1003,Hybrid,34
REG001250,STU00138,SEC00276,2025FA,SCH10,PRG1003,1003-200,02,2025-07-25,Registered,3.0,Letter,Transfer,Out of State,SCH10,PRG1003,In Person,25
REG001251,STU00138,SEC00131,2025WI,SCH10,PRG1003,1003-150,01,2025-01-03,Registered,3.0,Audit,Transfer,Out of State,SCH10,PRG1003,In Person,36
REG001252,STU00138,SEC00132,2025WI,SCH10,PRG1003,1003-200,02,2024-12-22,Registered,3.0,Pass Fail,Transfer,Out of State,SCH10,PRG1003,Hybrid,37
REG001253,STU00138,SEC00347,2026WI,SCH10,PRG1003,1003-150,01,2025-12-13,Registered,3.0,Audit,Transfer,Out of State,SCH10,PRG1003,Online,34
REG001254,STU00138,SEC00348,2026WI,SCH10,PRG1003,1003-200,02,2025-12-28,Registered,3.0,Pass Fail,Transfer,Out of State,SCH10,PRG1003,Online,34
REG001255,STU00139,SEC00061,2024FA,SCH11,PRG1101,1101-150,01,2024-08-05,Registered,3.0,Audit,Continuing,In State,SCH11,PRG1101,In Person,27
REG001256,STU00139,SEC00062,2024FA,SCH11,PRG1101,1101-200,02,2024-08-18,Registered,3.0,Pass Fail,Continuing,In State,SCH11,PRG1101,In Person,29
REG001257,STU00139,SEC00278,2025FA,SCH11,PRG1101,1101-200,02,2025-08-16,Withdrawn,3.0,Letter,Continuing,In State,SCH11,PRG1101,Hybrid,24
REG001258,STU00139,SEC00277,2025FA,SCH11,PRG1101,1101-150,01,2025-07-31,Registered,3.0,Pass Fail,Continuing,In State,SCH11,PRG1101,Online,29
REG001259,STU00139,SEC00206,2025SU,SCH11,PRG1101,1101-200,02,2025-04-17,Registered,3.0,Pass Fail,Continuing,In State,SCH11,PRG1101,In Person,37
REG001260,STU00139,SEC00205,2025SU,SCH11,PRG1101,1101-150,01,2025-04-26,Registered,3.0,Audit,Continuing,In State,SCH11,PRG1101,Hybrid,27
REG001261,STU00139,SEC00134,2025WI,SCH11,PRG1101,1101-200,02,2025-01-04,Registered,3.0,Letter,Continuing,In State,SCH11,PRG1101,Hybrid,41
REG001262,STU00139,SEC00133,2025WI,SCH11,PRG1101,1101-150,01,2024-12-16,Registered,3.0,Letter,Continuing,In State,SCH11,PRG1101,Online,31
REG001263,STU00139,SEC00422,2026SU,SCH11,PRG1101,1101-200,02,2026-05-02,Registered,3.0,Audit,Continuing,In State,SCH11,PRG1101,In Person,33
REG001264,STU00139,SEC00421,2026SU,SCH11,PRG1101,1101-150,01,2026-04-20,Registered,3.0,Pass Fail,Continuing,In State,SCH11,PRG1101,In Person,27
REG001265,STU00140,SEC00063,2024FA,SCH11,PRG1102,1102-150,01,2024-07-25,Registered,3.0,Audit,Graduate,International,SCH11,PRG1102,Hybrid,42
REG001266,STU00140,SEC00064,2024FA,SCH11,PRG1102,1102-200,02,2024-08-10,Registered,3.0,Letter,Graduate,International,SCH11,PRG1102,Hybrid,38
REG001267,STU00140,SEC00280,2025FA,SCH11,PRG1102,1102-200,02,2025-08-06,Registered,3.0,Letter,Graduate,International,SCH11,PRG1102,Hybrid,39
REG001268,STU00140,SEC00279,2025FA,SCH11,PRG1102,1102-150,01,2025-08-08,Registered,3.0,Audit,Graduate,International,SCH11,PRG1102,Hybrid,29
REG001269,STU00140,SEC00423,2026SU,SCH11,PRG1102,1102-150,01,2026-05-02,Registered,3.0,Letter,Graduate,International,SCH11,PRG1102,Online,38
REG001270,STU00140,SEC00424,2026SU,SCH11,PRG1102,1102-200,02,2026-05-03,Registered,3.0,Pass Fail,Graduate,International,SCH11,PRG1102,In Person,26
REG001271,STU00140,SEC00351,2026WI,SCH11,PRG1102,1102-150,01,2025-12-29,Registered,3.0,Letter,Graduate,International,SCH11,PRG1102,Online,32
REG001272,STU00140,SEC00352,2026WI,SCH11,PRG1102,1102-200,02,2026-01-02,Registered,3.0,Audit,Graduate,International,SCH11,PRG1102,Online,41
REG001273,STU00141,SEC00065,2024FA,SCH11,PRG1103,1103-150,01,2024-08-01,Dropped,0.0,Audit,Transfer,International,SCH11,PRG1103,Hybrid,24
REG001274,STU00141,SEC00066,2024FA,SCH11,PRG1103,1103-200,02,2024-08-06,Registered,3.0,Letter,Transfer,International,SCH11,PRG1103,Online,27
REG001275,STU00141,SEC00282,2025FA,SCH11,PRG1103,1103-200,02,2025-07-31,Registered,3.0,Audit,Transfer,International,SCH11,PRG1103,Online,39
REG001276,STU00141,SEC00281,2025FA,SCH11,PRG1103,1103-150,01,2025-08-01,Registered,3.0,Audit,Transfer,International,SCH11,PRG1103,In Person,42
REG001277,STU00141,SEC00138,2025WI,SCH11,PRG1103,1103-200,02,2025-01-03,Registered,3.0,Pass Fail,Transfer,International,SCH11,PRG1103,Online,24
REG001278,STU00141,SEC00137,2025WI,SCH11,PRG1103,1103-150,01,2024-12-10,Registered,3.0,Audit,Transfer,International,SCH11,PRG1103,In Person,37
REG001279,STU00141,SEC00425,2026SU,SCH11,PRG1103,1103-150,01,2026-04-11,Registered,3.0,Letter,Transfer,International,SCH11,PRG1103,Online,26
REG001280,STU00141,SEC00426,2026SU,SCH11,PRG1103,1103-200,02,2026-04-11,Registered,3.0,Audit,Transfer,International,SCH11,PRG1103,Online,36
REG001281,STU00141,SEC00354,2026WI,SCH11,PRG1103,1103-200,02,2025-12-30,Registered,3.0,Pass Fail,Transfer,International,SCH11,PRG1103,In Person,38
REG001282,STU00141,SEC00353,2026WI,SCH11,PRG1103,1103-150,01,2025-12-14,Registered,3.0,Audit,Transfer,International,SCH11,PRG1103,Hybrid,33
REG001283,STU00142,SEC00068,2024FA,SCH12,PRG1201,1201-200,02,2024-08-18,Registered,3.0,Audit,Transfer,International,SCH12,PRG1201,Hybrid,24
REG001284,STU00142,SEC00067,2024FA,SCH12,PRG1201,1201-150,01,2024-08-18,Registered,3.0,Letter,Transfer,International,SCH12,PRG1201,In Person,32
REG001285,STU00142,SEC00283,2025FA,SCH12,PRG1201,1201-150,01,2025-08-17,Registered,3.0,Pass Fail,Transfer,International,SCH12,PRG1201,Online,40
REG001286,STU00142,SEC00284,2025FA,SCH12,PRG1201,1201-200,02,2025-08-03,Registered,3.0,Audit,Transfer,International,SCH12,PRG1201,Online,29
REG001287,STU00142,SEC00211,2025SU,SCH12,PRG1201,1201-150,01,2025-04-17,Registered,3.0,Audit,Transfer,International,SCH12,PRG1201,Hybrid,36
REG001288,STU00142,SEC00212,2025SU,SCH12,PRG1201,1201-200,02,2025-04-08,Registered,3.0,Pass Fail,Transfer,International,SCH12,PRG1201,In Person,30
REG001289,STU00142,SEC00140,2025WI,SCH12,PRG1201,1201-200,02,2024-12-29,Registered,3.0,Letter,Transfer,International,SCH12,PRG1201,Online,37
REG001290,STU00142,SEC00139,2025WI,SCH12,PRG1201,1201-150,01,2024-12-26,Registered,3.0,Letter,Transfer,International,SCH12,PRG1201,Hybrid,42
REG001291,STU00142,SEC00356,2026WI,SCH12,PRG1201,1201-200,02,2025-12-15,Registered,3.0,Audit,Transfer,International,SCH12,PRG1201,Hybrid,30
REG001292,STU00142,SEC00355,2026WI,SCH12,PRG1201,1201-150,01,2025-12-22,Dropped,0.0,Letter,Transfer,International,SCH12,PRG1201,Online,25
REG001293,STU00143,SEC00070,2024FA,SCH12,PRG1202,1202-200,02,2024-07-28,Registered,3.0,Audit,Continuing,International,SCH12,PRG1202,Online,24
REG001294,STU00143,SEC00069,2024FA,SCH12,PRG1202,1202-150,01,2024-08-14,Registered,3.0,Letter,Continuing,International,SCH12,PRG1202,In Person,30
REG001295,STU00143,SEC00286,2025FA,SCH12,PRG1202,1202-200,02,2025-08-03,Registered,3.0,Pass Fail,Continuing,International,SCH12,PRG1202,Online,28
REG001296,STU00143,SEC00285,2025FA,SCH12,PRG1202,1202-150,01,2025-07-30,Registered,3.0,Audit,Continuing,International,SCH12,PRG1202,In Person,32
REG001297,STU00143,SEC00213,2025SU,SCH12,PRG1202,1202-150,01,2025-04-29,Registered,3.0,Pass Fail,Continuing,International,SCH12,PRG1202,Hybrid,34
REG001298,STU00143,SEC00214,2025SU,SCH12,PRG1202,1202-200,02,2025-04-13,Dropped,0.0,Pass Fail,Continuing,International,SCH12,PRG1202,In Person,32
REG001299,STU00143,SEC00430,2026SU,SCH12,PRG1202,1202-200,02,2026-04-16,Registered,3.0,Audit,Continuing,International,SCH12,PRG1202,In Person,34
REG001300,STU00143,SEC00429,2026SU,SCH12,PRG1202,1202-150,01,2026-05-01,Registered,3.0,Pass Fail,Continuing,International,SCH12,PRG1202,In Person,28
REG001301,STU00143,SEC00358,2026WI,SCH12,PRG1202,1202-200,02,2025-12-24,Registered,3.0,Letter,Continuing,International,SCH12,PRG1202,Hybrid,33
REG001302,STU00143,SEC00357,2026WI,SCH12,PRG1202,1202-150,01,2026-01-04,Registered,3.0,Audit,Continuing,International,SCH12,PRG1202,In Person,38
REG001303,STU00144,SEC00072,2024FA,SCH12,PRG1203,1203-200,02,2024-08-08,Withdrawn,3.0,Pass Fail,First Time,In State,SCH12,PRG1203,Hybrid,42
REG001304,STU00144,SEC00071,2024FA,SCH12,PRG1203,1203-150,01,2024-07-31,Registered,3.0,Audit,First Time,In State,SCH12,PRG1203,In Person,26
REG001305,STU00144,SEC00288,2025FA,SCH12,PRG1203,1203-200,02,2025-07-31,Registered,3.0,Audit,First Time,In State,SCH12,PRG1203,In Person,24
REG001306,STU00144,SEC00287,2025FA,SCH12,PRG1203,1203-150,01,2025-08-15,Registered,3.0,Audit,First Time,In State,SCH12,PRG1203,In Person,30
REG001307,STU00144,SEC00143,2025WI,SCH12,PRG1203,1203-150,01,2024-12-25,Registered,3.0,Audit,First Time,In State,SCH12,PRG1203,In Person,36
REG001308,STU00144,SEC00144,2025WI,SCH12,PRG1203,1203-200,02,2024-12-14,Registered,3.0,Letter,First Time,In State,SCH12,PRG1203,Online,28
REG001309,STU00144,SEC00359,2026WI,SCH12,PRG1203,1203-150,01,2026-01-01,Registered,3.0,Pass Fail,First Time,In State,SCH12,PRG1203,Hybrid,41
REG001310,STU00144,SEC00360,2026WI,SCH12,PRG1203,1203-200,02,2025-12-18,Registered,3.0,Pass Fail,First Time,In State,SCH12,PRG1203,Hybrid,28
REG001311,STU00145,SEC00002,2024FA,SCH01,PRG0101,0101-200,02,2024-08-09,Withdrawn,3.0,Letter,Graduate,International,SCH01,PRG0101,Online,28
REG001312,STU00145,SEC00001,2024FA,SCH01,PRG0101,0101-150,01,2024-07-24,Registered,3.0,Audit,Graduate,International,SCH01,PRG0101,Online,29
REG001313,STU00145,SEC00218,2025FA,SCH01,PRG0101,0101-200,02,2025-08-04,Registered,3.0,Letter,Graduate,International,SCH01,PRG0101,Online,36
REG001314,STU00145,SEC00217,2025FA,SCH01,PRG0101,0101-150,01,2025-07-25,Registered,3.0,Pass Fail,Graduate,International,SCH01,PRG0101,In Person,41
REG001315,STU00145,SEC00361,2026SU,SCH01,PRG0101,0101-150,01,2026-04-23,Registered,3.0,Audit,Graduate,International,SCH01,PRG0101,In Person,29
REG001316,STU00145,SEC00362,2026SU,SCH01,PRG0101,0101-200,02,2026-04-26,Registered,3.0,Pass Fail,Graduate,International,SCH01,PRG0101,Online,26
REG001317,STU00146,SEC00003,2024FA,SCH01,PRG0102,0102-150,01,2024-08-15,Registered,3.0,Audit,Graduate,In State,SCH01,PRG0102,Hybrid,42
REG001318,STU00146,SEC00004,2024FA,SCH01,PRG0102,0102-200,02,2024-07-27,Registered,3.0,Audit,Graduate,In State,SCH01,PRG0102,Hybrid,38
REG001319,STU00146,SEC00220,2025FA,SCH01,PRG0102,0102-200,02,2025-08-05,Registered,3.0,Letter,Graduate,In State,SCH01,PRG0102,Online,25
REG001320,STU00146,SEC00219,2025FA,SCH01,PRG0102,0102-150,01,2025-08-12,Registered,3.0,Audit,Graduate,In State,SCH01,PRG0102,Online,38
REG001321,STU00146,SEC00147,2025SU,SCH01,PRG0102,0102-150,01,2025-04-27,Registered,3.0,Audit,Graduate,In State,SCH01,PRG0102,In Person,36
REG001322,STU00146,SEC00148,2025SU,SCH01,PRG0102,0102-200,02,2025-04-25,Registered,3.0,Letter,Graduate,In State,SCH01,PRG0102,Hybrid,26
REG001323,STU00146,SEC00076,2025WI,SCH01,PRG0102,0102-200,02,2024-12-21,Registered,3.0,Pass Fail,Graduate,In State,SCH01,PRG0102,Online,25
REG001324,STU00146,SEC00075,2025WI,SCH01,PRG0102,0102-150,01,2024-12-18,Registered,3.0,Pass Fail,Graduate,In State,SCH01,PRG0102,Hybrid,25
REG001325,STU00146,SEC00364,2026SU,SCH01,PRG0102,0102-200,02,2026-04-18,Registered,3.0,Pass Fail,Graduate,In State,SCH01,PRG0102,In Person,32
REG001326,STU00146,SEC00363,2026SU,SCH01,PRG0102,0102-150,01,2026-04-17,Registered,3.0,Letter,Graduate,In State,SCH01,PRG0102,Hybrid,25
REG001327,STU00146,SEC00292,2026WI,SCH01,PRG0102,0102-200,02,2026-01-02,Registered,3.0,Pass Fail,Graduate,In State,SCH01,PRG0102,In Person,34
REG001328,STU00146,SEC00291,2026WI,SCH01,PRG0102,0102-150,01,2025-12-20,Registered,3.0,Pass Fail,Graduate,In State,SCH01,PRG0102,In Person,31
REG001329,STU00147,SEC00005,2024FA,SCH01,PRG0103,0103-150,01,2024-08-06,Registered,3.0,Pass Fail,Transfer,International,SCH01,PRG0103,In Person,39
REG001330,STU00147,SEC00006,2024FA,SCH01,PRG0103,0103-200,02,2024-08-15,Registered,3.0,Pass Fail,Transfer,International,SCH01,PRG0103,Online,35
REG001331,STU00147,SEC00078,2025WI,SCH01,PRG0103,0103-200,02,2024-12-28,Registered,3.0,Pass Fail,Transfer,International,SCH01,PRG0103,Online,35
REG001332,STU00147,SEC00077,2025WI,SCH01,PRG0103,0103-150,01,2024-12-17,Registered,3.0,Pass Fail,Transfer,International,SCH01,PRG0103,In Person,40
REG001333,STU00147,SEC00365,2026SU,SCH01,PRG0103,0103-150,01,2026-04-18,Registered,3.0,Audit,Transfer,International,SCH01,PRG0103,In Person,39
REG001334,STU00147,SEC00366,2026SU,SCH01,PRG0103,0103-200,02,2026-04-17,Registered,3.0,Audit,Transfer,International,SCH01,PRG0103,Hybrid,29
REG001335,STU00148,SEC00007,2024FA,SCH02,PRG0201,0201-150,01,2024-08-15,Registered,3.0,Pass Fail,Continuing,International,SCH02,PRG0201,Online,26
REG001336,STU00148,SEC00008,2024FA,SCH02,PRG0201,0201-200,02,2024-08-04,Registered,3.0,Letter,Continuing,International,SCH02,PRG0201,In Person,25
REG001337,STU00148,SEC00224,2025FA,SCH02,PRG0201,0201-200,02,2025-08-17,Registered,3.0,Pass Fail,Continuing,International,SCH02,PRG0201,Hybrid,41
REG001338,STU00148,SEC00223,2025FA,SCH02,PRG0201,0201-150,01,2025-08-12,Registered,3.0,Audit,Continuing,International,SCH02,PRG0201,Hybrid,30
REG001339,STU00148,SEC00152,2025SU,SCH02,PRG0201,0201-200,02,2025-04-19,Registered,3.0,Audit,Continuing,International,SCH02,PRG0201,Hybrid,27
REG001340,STU00148,SEC00151,2025SU,SCH02,PRG0201,0201-150,01,2025-04-24,Registered,3.0,Audit,Continuing,International,SCH02,PRG0201,Hybrid,30
REG001341,STU00148,SEC00368,2026SU,SCH02,PRG0201,0201-200,02,2026-04-06,Registered,3.0,Pass Fail,Continuing,International,SCH02,PRG0201,Online,33
REG001342,STU00148,SEC00367,2026SU,SCH02,PRG0201,0201-150,01,2026-04-26,Registered,3.0,Letter,Continuing,International,SCH02,PRG0201,Online,26
REG001343,STU00148,SEC00295,2026WI,SCH02,PRG0201,0201-150,01,2025-12-12,Dropped,0.0,Letter,Continuing,International,SCH02,PRG0201,Online,38
REG001344,STU00148,SEC00296,2026WI,SCH02,PRG0201,0201-200,02,2025-12-15,Registered,3.0,Letter,Continuing,International,SCH02,PRG0201,Hybrid,34
REG001345,STU00149,SEC00010,2024FA,SCH02,PRG0202,0202-200,02,2024-08-04,Registered,3.0,Letter,Transfer,In State,SCH02,PRG0202,Hybrid,37
REG001346,STU00149,SEC00009,2024FA,SCH02,PRG0202,0202-150,01,2024-08-05,Registered,3.0,Letter,Transfer,In State,SCH02,PRG0202,In Person,29
REG001347,STU00149,SEC00154,2025SU,SCH02,PRG0202,0202-200,02,2025-04-23,Registered,3.0,Letter,Transfer,In State,SCH02,PRG0202,Online,35
REG001348,STU00149,SEC00153,2025SU,SCH02,PRG0202,0202-150,01,2025-04-27,Registered,3.0,Pass Fail,Transfer,In State,SCH02,PRG0202,Hybrid,29
REG001349,STU00149,SEC00081,2025WI,SCH02,PRG0202,0202-150,01,2024-12-16,Registered,3.0,Letter,Transfer,In State,SCH02,PRG0202,Hybrid,31
REG001350,STU00149,SEC00082,2025WI,SCH02,PRG0202,0202-200,02,2024-12-17,Registered,3.0,Audit,Transfer,In State,SCH02,PRG0202,In Person,42
REG001351,STU00149,SEC00369,2026SU,SCH02,PRG0202,0202-150,01,2026-04-10,Registered,3.0,Pass Fail,Transfer,In State,SCH02,PRG0202,Online,41
REG001352,STU00149,SEC00370,2026SU,SCH02,PRG0202,0202-200,02,2026-05-03,Registered,3.0,Letter,Transfer,In State,SCH02,PRG0202,Hybrid,40
REG001353,STU00150,SEC00012,2024FA,SCH02,PRG0203,0203-200,02,2024-08-14,Registered,3.0,Pass Fail,First Time,International,SCH02,PRG0203,Hybrid,26
REG001354,STU00150,SEC00011,2024FA,SCH02,PRG0203,0203-150,01,2024-08-03,Registered,3.0,Audit,First Time,International,SCH02,PRG0203,Online,38
REG001355,STU00150,SEC00228,2025FA,SCH02,PRG0203,0203-200,02,2025-08-10,Registered,3.0,Pass Fail,First Time,International,SCH02,PRG0203,Online,35
REG001356,STU00150,SEC00227,2025FA,SCH02,PRG0203,0203-150,01,2025-07-21,Registered,3.0,Audit,First Time,International,SCH02,PRG0203,Online,25
REG001357,STU00150,SEC00156,2025SU,SCH02,PRG0203,0203-200,02,2025-05-02,Registered,3.0,Letter,First Time,International,SCH02,PRG0203,Online,24
REG001358,STU00150,SEC00155,2025SU,SCH02,PRG0203,0203-150,01,2025-04-16,Registered,3.0,Pass Fail,First Time,International,SCH02,PRG0203,Hybrid,27
REG001359,STU00150,SEC00372,2026SU,SCH02,PRG0203,0203-200,02,2026-04-11,Registered,3.0,Audit,First Time,International,SCH02,PRG0203,Hybrid,37
REG001360,STU00150,SEC00371,2026SU,SCH02,PRG0203,0203-150,01,2026-04-10,Registered,3.0,Audit,First Time,International,SCH02,PRG0203,Hybrid,34
REG001361,STU00151,SEC00229,2025FA,SCH03,PRG0301,0301-150,01,2025-07-21,Registered,3.0,Pass Fail,Transfer,Out of State,SCH03,PRG0301,Hybrid,42
REG001362,STU00151,SEC00230,2025FA,SCH03,PRG0301,0301-200,02,2025-07-30,Registered,3.0,Audit,Transfer,Out of State,SCH03,PRG0301,Hybrid,30
REG001363,STU00151,SEC00374,2026SU,SCH03,PRG0301,0301-200,02,2026-04-26,Dropped,0.0,Pass Fail,Transfer,Out of State,SCH03,PRG0301,Hybrid,36
REG001364,STU00151,SEC00373,2026SU,SCH03,PRG0301,0301-150,01,2026-04-13,Registered,3.0,Letter,Transfer,Out of State,SCH03,PRG0301,In Person,42
REG001365,STU00151,SEC00301,2026WI,SCH03,PRG0301,0301-150,01,2025-12-12,Registered,3.0,Letter,Transfer,Out of State,SCH03,PRG0301,In Person,36
REG001366,STU00151,SEC00302,2026WI,SCH03,PRG0301,0301-200,02,2025-12-11,Registered,3.0,Letter,Transfer,Out of State,SCH03,PRG0301,In Person,33
REG001367,STU00152,SEC00015,2024FA,SCH03,PRG0302,0302-150,01,2024-08-11,Withdrawn,3.0,Audit,Graduate,International,SCH03,PRG0302,Hybrid,26
REG001368,STU00152,SEC00016,2024FA,SCH03,PRG0302,0302-200,02,2024-08-13,Registered,3.0,Audit,Graduate,International,SCH03,PRG0302,Hybrid,33
REG001369,STU00152,SEC00232,2025FA,SCH03,PRG0302,0302-200,02,2025-08-02,Registered,3.0,Audit,Graduate,International,SCH03,PRG0302,Online,37
REG001370,STU00152,SEC00231,2025FA,SCH03,PRG0302,0302-150,01,2025-07-24,Registered,3.0,Pass Fail,Graduate,International,SCH03,PRG0302,Hybrid,29
REG001371,STU00152,SEC00159,2025SU,SCH03,PRG0302,0302-150,01,2025-04-24,Registered,3.0,Pass Fail,Graduate,International,SCH03,PRG0302,Online,32
REG001372,STU00152,SEC00160,2025SU,SCH03,PRG0302,0302-200,02,2025-04-08,Registered,3.0,Pass Fail,Graduate,International,SCH03,PRG0302,In Person,31
REG001373,STU00152,SEC00376,2026SU,SCH03,PRG0302,0302-200,02,2026-04-20,Registered,3.0,Pass Fail,Graduate,International,SCH03,PRG0302,Online,25
REG001374,STU00152,SEC00375,2026SU,SCH03,PRG0302,0302-150,01,2026-04-19,Registered,3.0,Letter,Graduate,International,SCH03,PRG0302,In Person,28
REG001375,STU00152,SEC00303,2026WI,SCH03,PRG0302,0302-150,01,2026-01-04,Registered,3.0,Letter,Graduate,International,SCH03,PRG0302,In Person,33
REG001376,STU00152,SEC00304,2026WI,SCH03,PRG0302,0302-200,02,2026-01-02,Registered,3.0,Audit,Graduate,International,SCH03,PRG0302,In Person,34
REG001377,STU00153,SEC00017,2024FA,SCH03,PRG0303,0303-150,01,2024-08-01,Registered,3.0,Letter,Graduate,In State,SCH03,PRG0303,Online,30
REG001378,STU00153,SEC00018,2024FA,SCH03,PRG0303,0303-200,02,2024-08-03,Registered,3.0,Audit,Graduate,In State,SCH03,PRG0303,Hybrid,28
REG001379,STU00153,SEC00234,2025FA,SCH03,PRG0303,0303-200,02,2025-08-01,Registered,3.0,Audit,Graduate,In State,SCH03,PRG0303,Online,28
REG001380,STU00153,SEC00233,2025FA,SCH03,PRG0303,0303-150,01,2025-07-27,Withdrawn,3.0,Letter,Graduate,In State,SCH03,PRG0303,In Person,26
REG001381,STU00153,SEC00161,2025SU,SCH03,PRG0303,0303-150,01,2025-04-20,Registered,3.0,Letter,Graduate,In State,SCH03,PRG0303,Hybrid,25
REG001382,STU00153,SEC00162,2025SU,SCH03,PRG0303,0303-200,02,2025-04-18,Registered,3.0,Letter,Graduate,In State,SCH03,PRG0303,In Person,32
REG001383,STU00153,SEC00089,2025WI,SCH03,PRG0303,0303-150,01,2024-12-10,Registered,3.0,Pass Fail,Graduate,In State,SCH03,PRG0303,Hybrid,29
REG001384,STU00153,SEC00090,2025WI,SCH03,PRG0303,0303-200,02,2024-12-22,Registered,3.0,Letter,Graduate,In State,SCH03,PRG0303,Online,24
REG001385,STU00153,SEC00378,2026SU,SCH03,PRG0303,0303-200,02,2026-05-02,Registered,3.0,Audit,Graduate,In State,SCH03,PRG0303,Online,27
REG001386,STU00153,SEC00377,2026SU,SCH03,PRG0303,0303-150,01,2026-04-19,Registered,3.0,Audit,Graduate,In State,SCH03,PRG0303,Hybrid,33
REG001387,STU00153,SEC00306,2026WI,SCH03,PRG0303,0303-200,02,2025-12-28,Registered,3.0,Letter,Graduate,In State,SCH03,PRG0303,Online,24
REG001388,STU00153,SEC00305,2026WI,SCH03,PRG0303,0303-150,01,2025-12-27,Registered,3.0,Audit,Graduate,In State,SCH03,PRG0303,In Person,24
REG001389,STU00154,SEC00163,2025SU,SCH04,PRG0401,0401-150,01,2025-04-14,Registered,3.0,Audit,Continuing,In State,SCH04,PRG0401,In Person,40
REG001390,STU00154,SEC00164,2025SU,SCH04,PRG0401,0401-200,02,2025-04-20,Registered,3.0,Letter,Continuing,In State,SCH04,PRG0401,Online,41
REG001391,STU00154,SEC00092,2025WI,SCH04,PRG0401,0401-200,02,2024-12-13,Registered,3.0,Pass Fail,Continuing,In State,SCH04,PRG0401,Hybrid,27
REG001392,STU00154,SEC00091,2025WI,SCH04,PRG0401,0401-150,01,2025-01-05,Dropped,0.0,Audit,Continuing,In State,SCH04,PRG0401,Online,25
REG001393,STU00154,SEC00380,2026SU,SCH04,PRG0401,0401-200,02,2026-04-12,Registered,3.0,Audit,Continuing,In State,SCH04,PRG0401,Hybrid,32
REG001394,STU00154,SEC00379,2026SU,SCH04,PRG0401,0401-150,01,2026-04-14,Registered,3.0,Pass Fail,Continuing,In State,SCH04,PRG0401,In Person,24
REG001395,STU00154,SEC00308,2026WI,SCH04,PRG0401,0401-200,02,2025-12-12,Registered,3.0,Audit,Continuing,In State,SCH04,PRG0401,In Person,37
REG001396,STU00154,SEC00307,2026WI,SCH04,PRG0401,0401-150,01,2025-12-08,Registered,3.0,Letter,Continuing,In State,SCH04,PRG0401,In Person,37
REG001397,STU00155,SEC00021,2024FA,SCH04,PRG0402,0402-150,01,2024-07-30,Registered,3.0,Letter,First Time,Out of State,SCH04,PRG0402,Online,37
REG001398,STU00155,SEC00022,2024FA,SCH04,PRG0402,0402-200,02,2024-08-11,Registered,3.0,Letter,First Time,Out of State,SCH04,PRG0402,Online,40
REG001399,STU00155,SEC00237,2025FA,SCH04,PRG0402,0402-150,01,2025-08-15,Registered,3.0,Audit,First Time,Out of State,SCH04,PRG0402,In Person,26
REG001400,STU00155,SEC00238,2025FA,SCH04,PRG0402,0402-200,02,2025-08-03,Registered,3.0,Audit,First Time,Out of State,SCH04,PRG0402,Hybrid,30
REG001401,STU00155,SEC00166,2025SU,SCH04,PRG0402,0402-200,02,2025-04-15,Withdrawn,3.0,Letter,First Time,Out of State,SCH04,PRG0402,In Person,34
REG001402,STU00155,SEC00165,2025SU,SCH04,PRG0402,0402-150,01,2025-04-25,Registered,3.0,Audit,First Time,Out of State,SCH04,PRG0402,In Person,25
REG001403,STU00156,SEC00023,2024FA,SCH04,PRG0403,0403-150,01,2024-08-11,Registered,3.0,Letter,Graduate,In State,SCH04,PRG0403,In Person,36
REG001404,STU00156,SEC00024,2024FA,SCH04,PRG0403,0403-200,02,2024-08-18,Registered,3.0,Audit,Graduate,In State,SCH04,PRG0403,In Person,24
REG001405,STU00156,SEC00240,2025FA,SCH04,PRG0403,0403-200,02,2025-07-23,Registered,3.0,Letter,Graduate,In State,SCH04,PRG0403,Online,37
REG001406,STU00156,SEC00239,2025FA,SCH04,PRG0403,0403-150,01,2025-08-08,Registered,3.0,Audit,Graduate,In State,SCH04,PRG0403,Hybrid,41
REG001407,STU00156,SEC00168,2025SU,SCH04,PRG0403,0403-200,02,2025-05-03,Registered,3.0,Audit,Graduate,In State,SCH04,PRG0403,Online,38
REG001408,STU00156,SEC00167,2025SU,SCH04,PRG0403,0403-150,01,2025-04-28,Registered,3.0,Audit,Graduate,In State,SCH04,PRG0403,Hybrid,39
REG001409,STU00156,SEC00096,2025WI,SCH04,PRG0403,0403-200,02,2024-12-31,Registered,3.0,Pass Fail,Graduate,In State,SCH04,PRG0403,In Person,41
REG001410,STU00156,SEC00095,2025WI,SCH04,PRG0403,0403-150,01,2024-12-15,Dropped,0.0,Letter,Graduate,In State,SCH04,PRG0403,In Person,35
REG001411,STU00157,SEC00025,2024FA,SCH05,PRG0501,0501-150,01,2024-08-02,Registered,3.0,Pass Fail,Graduate,In State,SCH05,PRG0501,In Person,30
REG001412,STU00157,SEC00026,2024FA,SCH05,PRG0501,0501-200,02,2024-07-25,Registered,3.0,Letter,Graduate,In State,SCH05,PRG0501,Online,41
REG001413,STU00157,SEC00097,2025WI,SCH05,PRG0501,0501-150,01,2024-12-29,Registered,3.0,Pass Fail,Graduate,In State,SCH05,PRG0501,Online,27
REG001414,STU00157,SEC00098,2025WI,SCH05,PRG0501,0501-200,02,2024-12-20,Registered,3.0,Letter,Graduate,In State,SCH05,PRG0501,Hybrid,39
REG001415,STU00157,SEC00313,2026WI,SCH05,PRG0501,0501-150,01,2025-12-22,Withdrawn,3.0,Pass Fail,Graduate,In State,SCH05,PRG0501,Hybrid,37
REG001416,STU00157,SEC00314,2026WI,SCH05,PRG0501,0501-200,02,2025-12-30,Registered,3.0,Audit,Graduate,In State,SCH05,PRG0501,Hybrid,34
REG001417,STU00158,SEC00027,2024FA,SCH05,PRG0502,0502-150,01,2024-08-14,Registered,3.0,Letter,Graduate,Out of State,SCH05,PRG0502,In Person,32
REG001418,STU00158,SEC00028,2024FA,SCH05,PRG0502,0502-200,02,2024-07-30,Withdrawn,3.0,Audit,Graduate,Out of State,SCH05,PRG0502,Online,25
REG001419,STU00158,SEC00243,2025FA,SCH05,PRG0502,0502-150,01,2025-08-15,Registered,3.0,Pass Fail,Graduate,Out of State,SCH05,PRG0502,In Person,29
REG001420,STU00158,SEC00244,2025FA,SCH05,PRG0502,0502-200,02,2025-08-16,Registered,3.0,Pass Fail,Graduate,Out of State,SCH05,PRG0502,Hybrid,38
REG001421,STU00158,SEC00171,2025SU,SCH05,PRG0502,0502-150,01,2025-04-13,Registered,3.0,Letter,Graduate,Out of State,SCH05,PRG0502,Hybrid,38
REG001422,STU00158,SEC00172,2025SU,SCH05,PRG0502,0502-200,02,2025-04-09,Registered,3.0,Letter,Graduate,Out of State,SCH05,PRG0502,Online,28
REG001423,STU00158,SEC00100,2025WI,SCH05,PRG0502,0502-200,02,2024-12-27,Registered,3.0,Audit,Graduate,Out of State,SCH05,PRG0502,Hybrid,33
REG001424,STU00158,SEC00099,2025WI,SCH05,PRG0502,0502-150,01,2024-12-25,Registered,3.0,Pass Fail,Graduate,Out of State,SCH05,PRG0502,Online,41
REG001425,STU00158,SEC00315,2026WI,SCH05,PRG0502,0502-150,01,2025-12-16,Registered,3.0,Pass Fail,Graduate,Out of State,SCH05,PRG0502,Online,27
REG001426,STU00158,SEC00316,2026WI,SCH05,PRG0502,0502-200,02,2025-12-22,Registered,3.0,Audit,Graduate,Out of State,SCH05,PRG0502,Online,33
REG001427,STU00159,SEC00174,2025SU,SCH05,PRG0503,0503-200,02,2025-04-18,Registered,3.0,Letter,Graduate,In State,SCH05,PRG0503,Online,41
REG001428,STU00159,SEC00173,2025SU,SCH05,PRG0503,0503-150,01,2025-05-03,Registered,3.0,Letter,Graduate,In State,SCH05,PRG0503,Online,26
REG001429,STU00159,SEC00102,2025WI,SCH05,PRG0503,0503-200,02,2025-01-03,Registered,3.0,Pass Fail,Graduate,In State,SCH05,PRG0503,Hybrid,35
REG001430,STU00159,SEC00101,2025WI,SCH05,PRG0503,0503-150,01,2025-01-04,Registered,3.0,Audit,Graduate,In State,SCH05,PRG0503,In Person,24
REG001431,STU00159,SEC00390,2026SU,SCH05,PRG0503,0503-200,02,2026-05-03,Registered,3.0,Letter,Graduate,In State,SCH05,PRG0503,Online,25
REG001432,STU00159,SEC00389,2026SU,SCH05,PRG0503,0503-150,01,2026-04-13,Registered,3.0,Letter,Graduate,In State,SCH05,PRG0503,In Person,38
REG001433,STU00159,SEC00318,2026WI,SCH05,PRG0503,0503-200,02,2026-01-02,Registered,3.0,Letter,Graduate,In State,SCH05,PRG0503,Hybrid,27
REG001434,STU00159,SEC00317,2026WI,SCH05,PRG0503,0503-150,01,2025-12-27,Registered,3.0,Audit,Graduate,In State,SCH05,PRG0503,Online,27
REG001435,STU00160,SEC00248,2025FA,SCH06,PRG0601,0601-200,02,2025-08-16,Registered,3.0,Audit,First Time,Out of State,SCH06,PRG0601,Online,34
REG001436,STU00160,SEC00247,2025FA,SCH06,PRG0601,0601-150,01,2025-07-21,Registered,3.0,Audit,First Time,Out of State,SCH06,PRG0601,Hybrid,41
REG001437,STU00160,SEC00176,2025SU,SCH06,PRG0601,0601-200,02,2025-04-07,Registered,3.0,Audit,First Time,Out of State,SCH06,PRG0601,Hybrid,36
REG001438,STU00160,SEC00175,2025SU,SCH06,PRG0601,0601-150,01,2025-04-13,Registered,3.0,Pass Fail,First Time,Out of State,SCH06,PRG0601,Hybrid,24
REG001439,STU00160,SEC00104,2025WI,SCH06,PRG0601,0601-200,02,2025-01-03,Registered,3.0,Pass Fail,First Time,Out of State,SCH06,PRG0601,Hybrid,40
REG001440,STU00160,SEC00103,2025WI,SCH06,PRG0601,0601-150,01,2024-12-09,Registered,3.0,Audit,First Time,Out of State,SCH06,PRG0601,Hybrid,36
REG001441,STU00160,SEC00392,2026SU,SCH06,PRG0601,0601-200,02,2026-04-07,Registered,3.0,Pass Fail,First Time,Out of State,SCH06,PRG0601,Hybrid,26
REG001442,STU00160,SEC00391,2026SU,SCH06,PRG0601,0601-150,01,2026-04-18,Dropped,0.0,Audit,First Time,Out of State,SCH06,PRG0601,Hybrid,26
REG001443,STU00160,SEC00319,2026WI,SCH06,PRG0601,0601-150,01,2025-12-16,Registered,3.0,Pass Fail,First Time,Out of State,SCH06,PRG0601,Hybrid,34
REG001444,STU00160,SEC00320,2026WI,SCH06,PRG0601,0601-200,02,2025-12-11,Registered,3.0,Letter,First Time,Out of State,SCH06,PRG0601,In Person,40
REG001445,STU00161,SEC00033,2024FA,SCH06,PRG0602,0602-150,01,2024-08-17,Registered,3.0,Pass Fail,Transfer,Out of State,SCH06,PRG0602,Hybrid,41
REG001446,STU00161,SEC00034,2024FA,SCH06,PRG0602,0602-200,02,2024-07-30,Registered,3.0,Audit,Transfer,Out of State,SCH06,PRG0602,In Person,35
REG001447,STU00161,SEC00249,2025FA,SCH06,PRG0602,0602-150,01,2025-08-10,Registered,3.0,Audit,Transfer,Out of State,SCH06,PRG0602,Hybrid,30
REG001448,STU00161,SEC00250,2025FA,SCH06,PRG0602,0602-200,02,2025-08-16,Registered,3.0,Pass Fail,Transfer,Out of State,SCH06,PRG0602,Online,33
REG001449,STU00161,SEC00394,2026SU,SCH06,PRG0602,0602-200,02,2026-04-16,Registered,3.0,Letter,Transfer,Out of State,SCH06,PRG0602,In Person,24
REG001450,STU00161,SEC00393,2026SU,SCH06,PRG0602,0602-150,01,2026-04-14,Registered,3.0,Letter,Transfer,Out of State,SCH06,PRG0602,Online,40
REG001451,STU00162,SEC00036,2024FA,SCH06,PRG0603,0603-200,02,2024-08-03,Registered,3.0,Letter,Transfer,International,SCH06,PRG0603,In Person,24
REG001452,STU00162,SEC00035,2024FA,SCH06,PRG0603,0603-150,01,2024-08-02,Withdrawn,3.0,Audit,Transfer,International,SCH06,PRG0603,Hybrid,39
REG001453,STU00162,SEC00252,2025FA,SCH06,PRG0603,0603-200,02,2025-08-05,Registered,3.0,Letter,Transfer,International,SCH06,PRG0603,Online,35
REG001454,STU00162,SEC00251,2025FA,SCH06,PRG0603,0603-150,01,2025-08-08,Registered,3.0,Audit,Transfer,International,SCH06,PRG0603,Hybrid,33
REG001455,STU00162,SEC00180,2025SU,SCH06,PRG0603,0603-200,02,2025-04-24,Registered,3.0,Pass Fail,Transfer,International,SCH06,PRG0603,Online,34
REG001456,STU00162,SEC00179,2025SU,SCH06,PRG0603,0603-150,01,2025-04-14,Registered,3.0,Letter,Transfer,International,SCH06,PRG0603,Hybrid,38
REG001457,STU00162,SEC00108,2025WI,SCH06,PRG0603,0603-200,02,2024-12-09,Registered,3.0,Audit,Transfer,International,SCH06,PRG0603,In Person,32
REG001458,STU00162,SEC00107,2025WI,SCH06,PRG0603,0603-150,01,2024-12-21,Registered,3.0,Audit,Transfer,International,SCH06,PRG0603,In Person,31
REG001459,STU00162,SEC00396,2026SU,SCH06,PRG0603,0603-200,02,2026-04-13,Registered,3.0,Audit,Transfer,International,SCH06,PRG0603,Hybrid,30
REG001460,STU00162,SEC00395,2026SU,SCH06,PRG0603,0603-150,01,2026-04-08,Dropped,0.0,Letter,Transfer,International,SCH06,PRG0603,Hybrid,42
REG001461,STU00162,SEC00324,2026WI,SCH06,PRG0603,0603-200,02,2025-12-27,Withdrawn,3.0,Letter,Transfer,International,SCH06,PRG0603,Hybrid,28
REG001462,STU00162,SEC00323,2026WI,SCH06,PRG0603,0603-150,01,2025-12-27,Registered,3.0,Pass Fail,Transfer,International,SCH06,PRG0603,Online,37
REG001463,STU00163,SEC00038,2024FA,SCH07,PRG0701,0701-200,02,2024-07-26,Registered,3.0,Letter,First Time,International,SCH07,PRG0701,In Person,42
REG001464,STU00163,SEC00037,2024FA,SCH07,PRG0701,0701-150,01,2024-08-10,Registered,3.0,Letter,First Time,International,SCH07,PRG0701,Hybrid,41
REG001465,STU00163,SEC00253,2025FA,SCH07,PRG0701,0701-150,01,2025-08-17,Registered,3.0,Pass Fail,First Time,International,SCH07,PRG0701,In Person,26
REG001466,STU00163,SEC00254,2025FA,SCH07,PRG0701,0701-200,02,2025-08-04,Registered,3.0,Audit,First Time,International,SCH07,PRG0701,In Person,25
REG001467,STU00163,SEC00181,2025SU,SCH07,PRG0701,0701-150,01,2025-05-01,Registered,3.0,Audit,First Time,International,SCH07,PRG0701,Hybrid,40
REG001468,STU00163,SEC00182,2025SU,SCH07,PRG0701,0701-200,02,2025-04-08,Registered,3.0,Pass Fail,First Time,International,SCH07,PRG0701,Hybrid,41
REG001469,STU00163,SEC00110,2025WI,SCH07,PRG0701,0701-200,02,2024-12-09,Registered,3.0,Audit,First Time,International,SCH07,PRG0701,Hybrid,28
REG001470,STU00163,SEC00109,2025WI,SCH07,PRG0701,0701-150,01,2024-12-14,Registered,3.0,Letter,First Time,International,SCH07,PRG0701,Online,28
REG001471,STU00163,SEC00397,2026SU,SCH07,PRG0701,0701-150,01,2026-05-03,Registered,3.0,Audit,First Time,International,SCH07,PRG0701,In Person,24
REG001472,STU00163,SEC00398,2026SU,SCH07,PRG0701,0701-200,02,2026-04-16,Registered,3.0,Pass Fail,First Time,International,SCH07,PRG0701,In Person,34
REG001473,STU00163,SEC00325,2026WI,SCH07,PRG0701,0701-150,01,2025-12-22,Registered,3.0,Letter,First Time,International,SCH07,PRG0701,In Person,36
REG001474,STU00163,SEC00326,2026WI,SCH07,PRG0701,0701-200,02,2025-12-22,Registered,3.0,Letter,First Time,International,SCH07,PRG0701,In Person,25
REG001475,STU00164,SEC00040,2024FA,SCH07,PRG0702,0702-200,02,2024-08-07,Registered,3.0,Pass Fail,Transfer,In State,SCH07,PRG0702,In Person,26
REG001476,STU00164,SEC00039,2024FA,SCH07,PRG0702,0702-150,01,2024-08-14,Registered,3.0,Letter,Transfer,In State,SCH07,PRG0702,Online,26
REG001477,STU00164,SEC00255,2025FA,SCH07,PRG0702,0702-150,01,2025-08-17,Registered,3.0,Letter,Transfer,In State,SCH07,PRG0702,In Person,25
REG001478,STU00164,SEC00256,2025FA,SCH07,PRG0702,0702-200,02,2025-08-12,Registered,3.0,Letter,Transfer,In State,SCH07,PRG0702,In Person,36
REG001479,STU00164,SEC00183,2025SU,SCH07,PRG0702,0702-150,01,2025-04-08,Withdrawn,3.0,Audit,Transfer,In State,SCH07,PRG0702,Hybrid,36
REG001480,STU00164,SEC00184,2025SU,SCH07,PRG0702,0702-200,02,2025-04-18,Registered,3.0,Pass Fail,Transfer,In State,SCH07,PRG0702,Hybrid,41
REG001481,STU00164,SEC00112,2025WI,SCH07,PRG0702,0702-200,02,2024-12-21,Registered,3.0,Pass Fail,Transfer,In State,SCH07,PRG0702,Online,40
REG001482,STU00164,SEC00111,2025WI,SCH07,PRG0702,0702-150,01,2024-12-31,Registered,3.0,Pass Fail,Transfer,In State,SCH07,PRG0702,In Person,26
REG001483,STU00164,SEC00400,2026SU,SCH07,PRG0702,0702-200,02,2026-04-18,Registered,3.0,Letter,Transfer,In State,SCH07,PRG0702,Online,29
REG001484,STU00164,SEC00399,2026SU,SCH07,PRG0702,0702-150,01,2026-04-14,Registered,3.0,Pass Fail,Transfer,In State,SCH07,PRG0702,Hybrid,37
REG001485,STU00164,SEC00328,2026WI,SCH07,PRG0702,0702-200,02,2025-12-14,Registered,3.0,Audit,Transfer,In State,SCH07,PRG0702,In Person,32
REG001486,STU00164,SEC00327,2026WI,SCH07,PRG0702,0702-150,01,2025-12-30,Registered,3.0,Audit,Transfer,In State,SCH07,PRG0702,In Person,30
REG001487,STU00165,SEC00042,2024FA,SCH07,PRG0703,0703-200,02,2024-07-30,Registered,3.0,Letter,Continuing,International,SCH07,PRG0703,Online,38
REG001488,STU00165,SEC00041,2024FA,SCH07,PRG0703,0703-150,01,2024-07-24,Registered,3.0,Audit,Continuing,International,SCH07,PRG0703,In Person,39
REG001489,STU00165,SEC00258,2025FA,SCH07,PRG0703,0703-200,02,2025-07-24,Registered,3.0,Letter,Continuing,International,SCH07,PRG0703,In Person,28
REG001490,STU00165,SEC00257,2025FA,SCH07,PRG0703,0703-150,01,2025-08-13,Registered,3.0,Audit,Continuing,International,SCH07,PRG0703,Hybrid,31
REG001491,STU00165,SEC00185,2025SU,SCH07,PRG0703,0703-150,01,2025-04-26,Registered,3.0,Letter,Continuing,International,SCH07,PRG0703,In Person,36
REG001492,STU00165,SEC00186,2025SU,SCH07,PRG0703,0703-200,02,2025-04-25,Registered,3.0,Audit,Continuing,International,SCH07,PRG0703,In Person,42
REG001493,STU00165,SEC00402,2026SU,SCH07,PRG0703,0703-200,02,2026-04-19,Withdrawn,3.0,Audit,Continuing,International,SCH07,PRG0703,In Person,42
REG001494,STU00165,SEC00401,2026SU,SCH07,PRG0703,0703-150,01,2026-04-09,Registered,3.0,Audit,Continuing,International,SCH07,PRG0703,In Person,36
REG001495,STU00166,SEC00260,2025FA,SCH08,PRG0801,0801-200,02,2025-07-25,Registered,3.0,Audit,First Time,International,SCH08,PRG0801,Online,28
REG001496,STU00166,SEC00259,2025FA,SCH08,PRG0801,0801-150,01,2025-08-13,Registered,3.0,Audit,First Time,International,SCH08,PRG0801,In Person,36
REG001497,STU00166,SEC00188,2025SU,SCH08,PRG0801,0801-200,02,2025-04-15,Registered,3.0,Audit,First Time,International,SCH08,PRG0801,Online,41
REG001498,STU00166,SEC00187,2025SU,SCH08,PRG0801,0801-150,01,2025-04-17,Registered,3.0,Letter,First Time,International,SCH08,PRG0801,Hybrid,34
REG001499,STU00166,SEC00116,2025WI,SCH08,PRG0801,0801-200,02,2025-01-05,Registered,3.0,Letter,First Time,International,SCH08,PRG0801,Online,34
REG001500,STU00166,SEC00115,2025WI,SCH08,PRG0801,0801-150,01,2024-12-21,Registered,3.0,Pass Fail,First Time,International,SCH08,PRG0801,Online,28
REG001501,STU00167,SEC00190,2025SU,SCH08,PRG0802,0802-200,02,2025-04-29,Registered,3.0,Pass Fail,Graduate,International,SCH08,PRG0802,Hybrid,29
REG001502,STU00167,SEC00189,2025SU,SCH08,PRG0802,0802-150,01,2025-04-15,Registered,3.0,Letter,Graduate,International,SCH08,PRG0802,Hybrid,40
REG001503,STU00167,SEC00406,2026SU,SCH08,PRG0802,0802-200,02,2026-04-14,Registered,3.0,Audit,Graduate,International,SCH08,PRG0802,Online,30
REG001504,STU00167,SEC00405,2026SU,SCH08,PRG0802,0802-150,01,2026-04-20,Registered,3.0,Pass Fail,Graduate,International,SCH08,PRG0802,Hybrid,25
REG001505,STU00167,SEC00334,2026WI,SCH08,PRG0802,0802-200,02,2025-12-25,Registered,3.0,Audit,Graduate,International,SCH08,PRG0802,Online,42
REG001506,STU00167,SEC00333,2026WI,SCH08,PRG0802,0802-150,01,2025-12-24,Registered,3.0,Pass Fail,Graduate,International,SCH08,PRG0802,Online,29
REG001507,STU00168,SEC00047,2024FA,SCH08,PRG0803,0803-150,01,2024-07-27,Registered,3.0,Letter,First Time,In State,SCH08,PRG0803,Online,42
REG001508,STU00168,SEC00048,2024FA,SCH08,PRG0803,0803-200,02,2024-08-03,Registered,3.0,Audit,First Time,In State,SCH08,PRG0803,In Person,38
REG001509,STU00168,SEC00264,2025FA,SCH08,PRG0803,0803-200,02,2025-07-28,Registered,3.0,Letter,First Time,In State,SCH08,PRG0803,In Person,32
REG001510,STU00168,SEC00263,2025FA,SCH08,PRG0803,0803-150,01,2025-08-12,Registered,3.0,Pass Fail,First Time,In State,SCH08,PRG0803,Online,37
REG001511,STU00168,SEC00192,2025SU,SCH08,PRG0803,0803-200,02,2025-04-07,Registered,3.0,Pass Fail,First Time,In State,SCH08,PRG0803,Online,30
REG001512,STU00168,SEC00191,2025SU,SCH08,PRG0803,0803-150,01,2025-04-21,Registered,3.0,Letter,First Time,In State,SCH08,PRG0803,Online,36
REG001513,STU00168,SEC00120,2025WI,SCH08,PRG0803,0803-200,02,2025-01-04,Dropped,0.0,Letter,First Time,In State,SCH08,PRG0803,Hybrid,36
REG001514,STU00168,SEC00119,2025WI,SCH08,PRG0803,0803-150,01,2024-12-09,Registered,3.0,Audit,First Time,In State,SCH08,PRG0803,Hybrid,28
REG001515,STU00168,SEC00408,2026SU,SCH08,PRG0803,0803-200,02,2026-04-06,Registered,3.0,Pass Fail,First Time,In State,SCH08,PRG0803,Hybrid,24
REG001516,STU00168,SEC00407,2026SU,SCH08,PRG0803,0803-150,01,2026-04-28,Registered,3.0,Letter,First Time,In State,SCH08,PRG0803,In Person,31
REG001517,STU00168,SEC00336,2026WI,SCH08,PRG0803,0803-200,02,2025-12-15,Registered,3.0,Letter,First Time,In State,SCH08,PRG0803,Online,38
REG001518,STU00168,SEC00335,2026WI,SCH08,PRG0803,0803-150,01,2025-12-17,Registered,3.0,Letter,First Time,In State,SCH08,PRG0803,Hybrid,24
REG001519,STU00169,SEC00050,2024FA,SCH09,PRG0901,0901-200,02,2024-08-17,Registered,3.0,Letter,Transfer,In State,SCH09,PRG0901,Online,26
REG001520,STU00169,SEC00049,2024FA,SCH09,PRG0901,0901-150,01,2024-08-03,Registered,3.0,Audit,Transfer,In State,SCH09,PRG0901,In Person,31
REG001521,STU00169,SEC00265,2025FA,SCH09,PRG0901,0901-150,01,2025-08-11,Registered,3.0,Audit,Transfer,In State,SCH09,PRG0901,In Person,40
REG001522,STU00169,SEC00266,2025FA,SCH09,PRG0901,0901-200,02,2025-07-28,Registered,3.0,Pass Fail,Transfer,In State,SCH09,PRG0901,In Person,42
REG001523,STU00169,SEC00193,2025SU,SCH09,PRG0901,0901-150,01,2025-05-02,Dropped,0.0,Letter,Transfer,In State,SCH09,PRG0901,Online,30
REG001524,STU00169,SEC00194,2025SU,SCH09,PRG0901,0901-200,02,2025-04-19,Dropped,0.0,Letter,Transfer,In State,SCH09,PRG0901,Hybrid,25
REG001525,STU00169,SEC00122,2025WI,SCH09,PRG0901,0901-200,02,2024-12-13,Registered,3.0,Letter,Transfer,In State,SCH09,PRG0901,Online,40
REG001526,STU00169,SEC00121,2025WI,SCH09,PRG0901,0901-150,01,2024-12-23,Registered,3.0,Pass Fail,Transfer,In State,SCH09,PRG0901,In Person,29
REG001527,STU00169,SEC00410,2026SU,SCH09,PRG0901,0901-200,02,2026-04-10,Registered,3.0,Audit,Transfer,In State,SCH09,PRG0901,Hybrid,32
REG001528,STU00169,SEC00409,2026SU,SCH09,PRG0901,0901-150,01,2026-04-07,Registered,3.0,Letter,Transfer,In State,SCH09,PRG0901,Hybrid,28
REG001529,STU00170,SEC00051,2024FA,SCH09,PRG0902,0902-150,01,2024-07-25,Registered,3.0,Pass Fail,Graduate,Out of State,SCH09,PRG0902,Hybrid,31
REG001530,STU00170,SEC00052,2024FA,SCH09,PRG0902,0902-200,02,2024-08-08,Registered,3.0,Pass Fail,Graduate,Out of State,SCH09,PRG0902,Online,35
REG001531,STU00170,SEC00267,2025FA,SCH09,PRG0902,0902-150,01,2025-08-16,Registered,3.0,Audit,Graduate,Out of State,SCH09,PRG0902,In Person,37
REG001532,STU00170,SEC00268,2025FA,SCH09,PRG0902,0902-200,02,2025-07-31,Registered,3.0,Pass Fail,Graduate,Out of State,SCH09,PRG0902,Hybrid,25
REG001533,STU00170,SEC00196,2025SU,SCH09,PRG0902,0902-200,02,2025-04-25,Registered,3.0,Pass Fail,Graduate,Out of State,SCH09,PRG0902,In Person,34
REG001534,STU00170,SEC00195,2025SU,SCH09,PRG0902,0902-150,01,2025-04-26,Registered,3.0,Pass Fail,Graduate,Out of State,SCH09,PRG0902,Hybrid,24
REG001535,STU00170,SEC00340,2026WI,SCH09,PRG0902,0902-200,02,2025-12-27,Registered,3.0,Letter,Graduate,Out of State,SCH09,PRG0902,In Person,27
REG001536,STU00170,SEC00339,2026WI,SCH09,PRG0902,0902-150,01,2025-12-25,Withdrawn,3.0,Audit,Graduate,Out of State,SCH09,PRG0902,Hybrid,37
REG001537,STU00171,SEC00054,2024FA,SCH09,PRG0903,0903-200,02,2024-07-26,Withdrawn,3.0,Pass Fail,First Time,In State,SCH09,PRG0903,Hybrid,35
REG001538,STU00171,SEC00053,2024FA,SCH09,PRG0903,0903-150,01,2024-08-18,Registered,3.0,Audit,First Time,In State,SCH09,PRG0903,In Person,37
REG001539,STU00171,SEC00270,2025FA,SCH09,PRG0903,0903-200,02,2025-08-04,Registered,3.0,Audit,First Time,In State,SCH09,PRG0903,Hybrid,42
REG001540,STU00171,SEC00269,2025FA,SCH09,PRG0903,0903-150,01,2025-08-16,Registered,3.0,Audit,First Time,In State,SCH09,PRG0903,Hybrid,42
REG001541,STU00171,SEC00197,2025SU,SCH09,PRG0903,0903-150,01,2025-04-10,Registered,3.0,Pass Fail,First Time,In State,SCH09,PRG0903,In Person,31
REG001542,STU00171,SEC00198,2025SU,SCH09,PRG0903,0903-200,02,2025-04-19,Registered,3.0,Pass Fail,First Time,In State,SCH09,PRG0903,In Person,27
REG001543,STU00171,SEC00125,2025WI,SCH09,PRG0903,0903-150,01,2024-12-13,Registered,3.0,Letter,First Time,In State,SCH09,PRG0903,In Person,41
REG001544,STU00171,SEC00126,2025WI,SCH09,PRG0903,0903-200,02,2024-12-25,Dropped,0.0,Audit,First Time,In State,SCH09,PRG0903,Hybrid,33
REG001545,STU00171,SEC00413,2026SU,SCH09,PRG0903,0903-150,01,2026-04-07,Registered,3.0,Pass Fail,First Time,In State,SCH09,PRG0903,In Person,30
REG001546,STU00171,SEC00414,2026SU,SCH09,PRG0903,0903-200,02,2026-04-12,Registered,3.0,Audit,First Time,In State,SCH09,PRG0903,Online,38
REG001547,STU00171,SEC00341,2026WI,SCH09,PRG0903,0903-150,01,2025-12-23,Registered,3.0,Letter,First Time,In State,SCH09,PRG0903,Hybrid,42
REG001548,STU00171,SEC00342,2026WI,SCH09,PRG0903,0903-200,02,2025-12-24,Registered,3.0,Letter,First Time,In State,SCH09,PRG0903,In Person,34
REG001549,STU00172,SEC00055,2024FA,SCH10,PRG1001,1001-150,01,2024-08-11,Registered,3.0,Letter,First Time,International,SCH10,PRG1001,Hybrid,40
REG001550,STU00172,SEC00056,2024FA,SCH10,PRG1001,1001-200,02,2024-08-09,Registered,3.0,Letter,First Time,International,SCH10,PRG1001,Hybrid,40
REG001551,STU00172,SEC00272,2025FA,SCH10,PRG1001,1001-200,02,2025-08-09,Registered,3.0,Audit,First Time,International,SCH10,PRG1001,In Person,30
REG001552,STU00172,SEC00271,2025FA,SCH10,PRG1001,1001-150,01,2025-07-22,Dropped,0.0,Pass Fail,First Time,International,SCH10,PRG1001,Hybrid,41
REG001553,STU00172,SEC00200,2025SU,SCH10,PRG1001,1001-200,02,2025-04-15,Registered,3.0,Pass Fail,First Time,International,SCH10,PRG1001,Hybrid,40
REG001554,STU00172,SEC00199,2025SU,SCH10,PRG1001,1001-150,01,2025-04-12,Registered,3.0,Letter,First Time,International,SCH10,PRG1001,Hybrid,37
REG001555,STU00172,SEC00128,2025WI,SCH10,PRG1001,1001-200,02,2024-12-24,Registered,3.0,Letter,First Time,International,SCH10,PRG1001,In Person,38
REG001556,STU00172,SEC00127,2025WI,SCH10,PRG1001,1001-150,01,2024-12-20,Registered,3.0,Letter,First Time,International,SCH10,PRG1001,Hybrid,42
REG001557,STU00172,SEC00415,2026SU,SCH10,PRG1001,1001-150,01,2026-04-21,Registered,3.0,Pass Fail,First Time,International,SCH10,PRG1001,In Person,26
REG001558,STU00172,SEC00416,2026SU,SCH10,PRG1001,1001-200,02,2026-04-30,Registered,3.0,Audit,First Time,International,SCH10,PRG1001,Online,32
REG001559,STU00172,SEC00344,2026WI,SCH10,PRG1001,1001-200,02,2025-12-13,Registered,3.0,Pass Fail,First Time,International,SCH10,PRG1001,Hybrid,32
REG001560,STU00172,SEC00343,2026WI,SCH10,PRG1001,1001-150,01,2025-12-22,Registered,3.0,Pass Fail,First Time,International,SCH10,PRG1001,Online,26
REG001561,STU00173,SEC00057,2024FA,SCH10,PRG1002,1002-150,01,2024-08-13,Registered,3.0,Letter,First Time,In State,SCH10,PRG1002,Hybrid,35
REG001562,STU00173,SEC00058,2024FA,SCH10,PRG1002,1002-200,02,2024-07-23,Registered,3.0,Audit,First Time,In State,SCH10,PRG1002,Online,35
REG001563,STU00173,SEC00273,2025FA,SCH10,PRG1002,1002-150,01,2025-08-08,Registered,3.0,Letter,First Time,In State,SCH10,PRG1002,Hybrid,25
REG001564,STU00173,SEC00274,2025FA,SCH10,PRG1002,1002-200,02,2025-08-10,Dropped,0.0,Audit,First Time,In State,SCH10,PRG1002,In Person,34
REG001565,STU00173,SEC00345,2026WI,SCH10,PRG1002,1002-150,01,2025-12-17,Registered,3.0,Letter,First Time,In State,SCH10,PRG1002,Online,35
REG001566,STU00173,SEC00346,2026WI,SCH10,PRG1002,1002-200,02,2025-12-16,Registered,3.0,Pass Fail,First Time,In State,SCH10,PRG1002,Hybrid,29
REG001567,STU00174,SEC00059,2024FA,SCH10,PRG1003,1003-150,01,2024-08-17,Registered,3.0,Letter,Graduate,International,SCH10,PRG1003,In Person,28
REG001568,STU00174,SEC00060,2024FA,SCH10,PRG1003,1003-200,02,2024-07-27,Registered,3.0,Letter,Graduate,International,SCH10,PRG1003,In Person,24
REG001569,STU00174,SEC00275,2025FA,SCH10,PRG1003,1003-150,01,2025-07-22,Registered,3.0,Letter,Graduate,International,SCH10,PRG1003,Hybrid,34
REG001570,STU00174,SEC00276,2025FA,SCH10,PRG1003,1003-200,02,2025-08-15,Registered,3.0,Audit,Graduate,International,SCH10,PRG1003,In Person,25
REG001571,STU00174,SEC00204,2025SU,SCH10,PRG1003,1003-200,02,2025-04-22,Registered,3.0,Pass Fail,Graduate,International,SCH10,PRG1003,Online,31
REG001572,STU00174,SEC00203,2025SU,SCH10,PRG1003,1003-150,01,2025-04-28,Registered,3.0,Letter,Graduate,International,SCH10,PRG1003,Hybrid,40
REG001573,STU00174,SEC00131,2025WI,SCH10,PRG1003,1003-150,01,2025-01-03,Registered,3.0,Audit,Graduate,International,SCH10,PRG1003,In Person,36
REG001574,STU00174,SEC00132,2025WI,SCH10,PRG1003,1003-200,02,2024-12-26,Dropped,0.0,Pass Fail,Graduate,International,SCH10,PRG1003,Hybrid,37
REG001575,STU00174,SEC00420,2026SU,SCH10,PRG1003,1003-200,02,2026-04-16,Withdrawn,3.0,Audit,Graduate,International,SCH10,PRG1003,In Person,29
REG001576,STU00174,SEC00419,2026SU,SCH10,PRG1003,1003-150,01,2026-04-20,Registered,3.0,Letter,Graduate,International,SCH10,PRG1003,In Person,30
REG001577,STU00174,SEC00348,2026WI,SCH10,PRG1003,1003-200,02,2025-12-17,Registered,3.0,Pass Fail,Graduate,International,SCH10,PRG1003,Online,34
REG001578,STU00174,SEC00347,2026WI,SCH10,PRG1003,1003-150,01,2025-12-09,Registered,3.0,Pass Fail,Graduate,International,SCH10,PRG1003,Online,34
REG001579,STU00175,SEC00061,2024FA,SCH11,PRG1101,1101-150,01,2024-08-01,Registered,3.0,Pass Fail,First Time,In State,SCH11,PRG1101,In Person,27
REG001580,STU00175,SEC00062,2024FA,SCH11,PRG1101,1101-200,02,2024-08-03,Registered,3.0,Pass Fail,First Time,In State,SCH11,PRG1101,In Person,29
REG001581,STU00175,SEC00133,2025WI,SCH11,PRG1101,1101-150,01,2024-12-29,Registered,3.0,Audit,First Time,In State,SCH11,PRG1101,Online,31
REG001582,STU00175,SEC00134,2025WI,SCH11,PRG1101,1101-200,02,2024-12-25,Registered,3.0,Pass Fail,First Time,In State,SCH11,PRG1101,Hybrid,41
REG001583,STU00175,SEC00421,2026SU,SCH11,PRG1101,1101-150,01,2026-04-13,Registered,3.0,Letter,First Time,In State,SCH11,PRG1101,In Person,27
REG001584,STU00175,SEC00422,2026SU,SCH11,PRG1101,1101-200,02,2026-04-06,Registered,3.0,Letter,First Time,In State,SCH11,PRG1101,In Person,33
REG001585,STU00176,SEC00064,2024FA,SCH11,PRG1102,1102-200,02,2024-07-22,Registered,3.0,Letter,Transfer,In State,SCH11,PRG1102,Hybrid,38
REG001586,STU00176,SEC00063,2024FA,SCH11,PRG1102,1102-150,01,2024-08-01,Registered,3.0,Audit,Transfer,In State,SCH11,PRG1102,Hybrid,42
REG001587,STU00176,SEC00280,2025FA,SCH11,PRG1102,1102-200,02,2025-08-15,Registered,3.0,Pass Fail,Transfer,In State,SCH11,PRG1102,Hybrid,39
REG001588,STU00176,SEC00279,2025FA,SCH11,PRG1102,1102-150,01,2025-07-24,Registered,3.0,Audit,Transfer,In State,SCH11,PRG1102,Hybrid,29
REG001589,STU00176,SEC00207,2025SU,SCH11,PRG1102,1102-150,01,2025-04-25,Registered,3.0,Letter,Transfer,In State,SCH11,PRG1102,Hybrid,27
REG001590,STU00176,SEC00208,2025SU,SCH11,PRG1102,1102-200,02,2025-04-27,Registered,3.0,Pass Fail,Transfer,In State,SCH11,PRG1102,Hybrid,37
REG001591,STU00176,SEC00135,2025WI,SCH11,PRG1102,1102-150,01,2024-12-13,Dropped,0.0,Letter,Transfer,In State,SCH11,PRG1102,In Person,24
REG001592,STU00176,SEC00136,2025WI,SCH11,PRG1102,1102-200,02,2025-01-01,Registered,3.0,Audit,Transfer,In State,SCH11,PRG1102,Online,29
REG001593,STU00176,SEC00351,2026WI,SCH11,PRG1102,1102-150,01,2026-01-03,Registered,3.0,Audit,Transfer,In State,SCH11,PRG1102,Online,32
REG001594,STU00176,SEC00352,2026WI,SCH11,PRG1102,1102-200,02,2025-12-22,Registered,3.0,Audit,Transfer,In State,SCH11,PRG1102,Online,41
REG001595,STU00177,SEC00066,2024FA,SCH11,PRG1103,1103-200,02,2024-07-27,Registered,3.0,Pass Fail,Continuing,Out of State,SCH11,PRG1103,Online,27
REG001596,STU00177,SEC00065,2024FA,SCH11,PRG1103,1103-150,01,2024-08-09,Registered,3.0,Letter,Continuing,Out of State,SCH11,PRG1103,Hybrid,24
REG001597,STU00177,SEC00210,2025SU,SCH11,PRG1103,1103-200,02,2025-04-23,Registered,3.0,Audit,Continuing,Out of State,SCH11,PRG1103,Hybrid,29
REG001598,STU00177,SEC00209,2025SU,SCH11,PRG1103,1103-150,01,2025-05-01,Registered,3.0,Pass Fail,Continuing,Out of State,SCH11,PRG1103,Online,36
REG001599,STU00177,SEC00138,2025WI,SCH11,PRG1103,1103-200,02,2024-12-25,Withdrawn,3.0,Letter,Continuing,Out of State,SCH11,PRG1103,Online,24
REG001600,STU00177,SEC00137,2025WI,SCH11,PRG1103,1103-150,01,2024-12-10,Registered,3.0,Pass Fail,Continuing,Out of State,SCH11,PRG1103,In Person,37
REG001601,STU00177,SEC00426,2026SU,SCH11,PRG1103,1103-200,02,2026-05-02,Registered,3.0,Audit,Continuing,Out of State,SCH11,PRG1103,Online,36
REG001602,STU00177,SEC00425,2026SU,SCH11,PRG1103,1103-150,01,2026-04-22,Registered,3.0,Audit,Continuing,Out of State,SCH11,PRG1103,Online,26
REG001603,STU00177,SEC00354,2026WI,SCH11,PRG1103,1103-200,02,2025-12-17,Registered,3.0,Audit,Continuing,Out of State,SCH11,PRG1103,In Person,38
REG001604,STU00177,SEC00353,2026WI,SCH11,PRG1103,1103-150,01,2025-12-14,Registered,3.0,Pass Fail,Continuing,Out of State,SCH11,PRG1103,Hybrid,33
REG001605,STU00178,SEC00067,2024FA,SCH12,PRG1201,1201-150,01,2024-07-28,Registered,3.0,Letter,First Time,Out of State,SCH12,PRG1201,In Person,32
REG001606,STU00178,SEC00068,2024FA,SCH12,PRG1201,1201-200,02,2024-08-04,Registered,3.0,Pass Fail,First Time,Out of State,SCH12,PRG1201,Hybrid,24
REG001607,STU00178,SEC00284,2025FA,SCH12,PRG1201,1201-200,02,2025-08-11,Registered,3.0,Pass Fail,First Time,Out of State,SCH12,PRG1201,Online,29
REG001608,STU00178,SEC00283,2025FA,SCH12,PRG1201,1201-150,01,2025-08-03,Registered,3.0,Pass Fail,First Time,Out of State,SCH12,PRG1201,Online,40
REG001609,STU00178,SEC00211,2025SU,SCH12,PRG1201,1201-150,01,2025-05-03,Registered,3.0,Letter,First Time,Out of State,SCH12,PRG1201,Hybrid,36
REG001610,STU00178,SEC00212,2025SU,SCH12,PRG1201,1201-200,02,2025-04-09,Registered,3.0,Letter,First Time,Out of State,SCH12,PRG1201,In Person,30
REG001611,STU00178,SEC00139,2025WI,SCH12,PRG1201,1201-150,01,2024-12-13,Registered,3.0,Letter,First Time,Out of State,SCH12,PRG1201,Hybrid,42
REG001612,STU00178,SEC00140,2025WI,SCH12,PRG1201,1201-200,02,2024-12-13,Registered,3.0,Letter,First Time,Out of State,SCH12,PRG1201,Online,37
REG001613,STU00178,SEC00427,2026SU,SCH12,PRG1201,1201-150,01,2026-04-28,Registered,3.0,Pass Fail,First Time,Out of State,SCH12,PRG1201,Hybrid,24
REG001614,STU00178,SEC00428,2026SU,SCH12,PRG1201,1201-200,02,2026-04-19,Dropped,0.0,Audit,First Time,Out of State,SCH12,PRG1201,In Person,36
REG001615,STU00178,SEC00355,2026WI,SCH12,PRG1201,1201-150,01,2025-12-23,Registered,3.0,Audit,First Time,Out of State,SCH12,PRG1201,Online,25
REG001616,STU00178,SEC00356,2026WI,SCH12,PRG1201,1201-200,02,2025-12-22,Registered,3.0,Pass Fail,First Time,Out of State,SCH12,PRG1201,Hybrid,30
REG001617,STU00179,SEC00069,2024FA,SCH12,PRG1202,1202-150,01,2024-07-30,Registered,3.0,Letter,First Time,In State,SCH12,PRG1202,In Person,30
REG001618,STU00179,SEC00070,2024FA,SCH12,PRG1202,1202-200,02,2024-07-24,Registered,3.0,Audit,First Time,In State,SCH12,PRG1202,Online,24
REG001619,STU00179,SEC00285,2025FA,SCH12,PRG1202,1202-150,01,2025-08-07,Registered,3.0,Letter,First Time,In State,SCH12,PRG1202,In Person,32
REG001620,STU00179,SEC00286,2025FA,SCH12,PRG1202,1202-200,02,2025-08-09,Registered,3.0,Pass Fail,First Time,In State,SCH12,PRG1202,Online,28
REG001621,STU00179,SEC00214,2025SU,SCH12,PRG1202,1202-200,02,2025-04-19,Dropped,0.0,Audit,First Time,In State,SCH12,PRG1202,In Person,32
REG001622,STU00179,SEC00213,2025SU,SCH12,PRG1202,1202-150,01,2025-04-17,Registered,3.0,Pass Fail,First Time,In State,SCH12,PRG1202,Hybrid,34
REG001623,STU00179,SEC00142,2025WI,SCH12,PRG1202,1202-200,02,2024-12-25,Registered,3.0,Letter,First Time,In State,SCH12,PRG1202,Online,41
REG001624,STU00179,SEC00141,2025WI,SCH12,PRG1202,1202-150,01,2024-12-12,Registered,3.0,Letter,First Time,In State,SCH12,PRG1202,In Person,25
REG001625,STU00179,SEC00357,2026WI,SCH12,PRG1202,1202-150,01,2025-12-18,Withdrawn,3.0,Audit,First Time,In State,SCH12,PRG1202,In Person,38
REG001626,STU00179,SEC00358,2026WI,SCH12,PRG1202,1202-200,02,2025-12-12,Registered,3.0,Pass Fail,First Time,In State,SCH12,PRG1202,Hybrid,33
REG001627,STU00180,SEC00071,2024FA,SCH12,PRG1203,1203-150,01,2024-07-22,Registered,3.0,Pass Fail,First Time,Out of State,SCH12,PRG1203,In Person,26
REG001628,STU00180,SEC00072,2024FA,SCH12,PRG1203,1203-200,02,2024-08-15,Registered,3.0,Audit,First Time,Out of State,SCH12,PRG1203,Hybrid,42
REG001629,STU00180,SEC00287,2025FA,SCH12,PRG1203,1203-150,01,2025-07-31,Registered,3.0,Audit,First Time,Out of State,SCH12,PRG1203,In Person,30
REG001630,STU00180,SEC00288,2025FA,SCH12,PRG1203,1203-200,02,2025-07-28,Registered,3.0,Letter,First Time,Out of State,SCH12,PRG1203,In Person,24
REG001631,STU00180,SEC00143,2025WI,SCH12,PRG1203,1203-150,01,2024-12-22,Registered,3.0,Letter,First Time,Out of State,SCH12,PRG1203,In Person,36
REG001632,STU00180,SEC00144,2025WI,SCH12,PRG1203,1203-200,02,2024-12-24,Registered,3.0,Audit,First Time,Out of State,SCH12,PRG1203,Online,28
REG001633,STU00181,SEC00002,2024FA,SCH01,PRG0101,0101-200,02,2024-07-22,Registered,3.0,Letter,Graduate,International,SCH01,PRG0101,Online,28
REG001634,STU00181,SEC00001,2024FA,SCH01,PRG0101,0101-150,01,2024-08-11,Registered,3.0,Audit,Graduate,International,SCH01,PRG0101,Online,29
REG001635,STU00181,SEC00074,2025WI,SCH01,PRG0101,0101-200,02,2024-12-27,Registered,3.0,Pass Fail,Graduate,International,SCH01,PRG0101,In Person,32
REG001636,STU00181,SEC00073,2025WI,SCH01,PRG0101,0101-150,01,2024-12-09,Registered,3.0,Pass Fail,Graduate,International,SCH01,PRG0101,Online,30
REG001637,STU00181,SEC00362,2026SU,SCH01,PRG0101,0101-200,02,2026-04-18,Registered,3.0,Letter,Graduate,International,SCH01,PRG0101,Online,26
REG001638,STU00181,SEC00361,2026SU,SCH01,PRG0101,0101-150,01,2026-04-22,Registered,3.0,Letter,Graduate,International,SCH01,PRG0101,In Person,29
REG001639,STU00181,SEC00289,2026WI,SCH01,PRG0101,0101-150,01,2025-12-10,Registered,3.0,Letter,Graduate,International,SCH01,PRG0101,Online,33
REG001640,STU00181,SEC00290,2026WI,SCH01,PRG0101,0101-200,02,2026-01-04,Registered,3.0,Pass Fail,Graduate,International,SCH01,PRG0101,In Person,31
REG001641,STU00182,SEC00004,2024FA,SCH01,PRG0102,0102-200,02,2024-08-02,Registered,3.0,Audit,Transfer,Out of State,SCH01,PRG0102,Hybrid,38
REG001642,STU00182,SEC00003,2024FA,SCH01,PRG0102,0102-150,01,2024-08-07,Registered,3.0,Audit,Transfer,Out of State,SCH01,PRG0102,Hybrid,42
REG001643,STU00182,SEC00220,2025FA,SCH01,PRG0102,0102-200,02,2025-08-03,Registered,3.0,Pass Fail,Transfer,Out of State,SCH01,PRG0102,Online,25
REG001644,STU00182,SEC00219,2025FA,SCH01,PRG0102,0102-150,01,2025-08-13,Registered,3.0,Letter,Transfer,Out of State,SCH01,PRG0102,Online,38
REG001645,STU00182,SEC00148,2025SU,SCH01,PRG0102,0102-200,02,2025-05-04,Registered,3.0,Audit,Transfer,Out of State,SCH01,PRG0102,Hybrid,26
REG001646,STU00182,SEC00147,2025SU,SCH01,PRG0102,0102-150,01,2025-04-20,Registered,3.0,Pass Fail,Transfer,Out of State,SCH01,PRG0102,In Person,36
REG001647,STU00182,SEC00076,2025WI,SCH01,PRG0102,0102-200,02,2024-12-12,Registered,3.0,Audit,Transfer,Out of State,SCH01,PRG0102,Online,25
REG001648,STU00182,SEC00075,2025WI,SCH01,PRG0102,0102-150,01,2024-12-31,Registered,3.0,Letter,Transfer,Out of State,SCH01,PRG0102,Hybrid,25
REG001649,STU00182,SEC00364,2026SU,SCH01,PRG0102,0102-200,02,2026-04-26,Withdrawn,3.0,Audit,Transfer,Out of State,SCH01,PRG0102,In Person,32
REG001650,STU00182,SEC00363,2026SU,SCH01,PRG0102,0102-150,01,2026-05-01,Registered,3.0,Letter,Transfer,Out of State,SCH01,PRG0102,Hybrid,25
REG001651,STU00182,SEC00291,2026WI,SCH01,PRG0102,0102-150,01,2025-12-12,Registered,3.0,Pass Fail,Transfer,Out of State,SCH01,PRG0102,In Person,31
REG001652,STU00182,SEC00292,2026WI,SCH01,PRG0102,0102-200,02,2025-12-21,Registered,3.0,Letter,Transfer,Out of State,SCH01,PRG0102,In Person,34
REG001653,STU00183,SEC00005,2024FA,SCH01,PRG0103,0103-150,01,2024-08-18,Registered,3.0,Letter,Continuing,Out of State,SCH01,PRG0103,In Person,39
REG001654,STU00183,SEC00006,2024FA,SCH01,PRG0103,0103-200,02,2024-07-26,Registered,3.0,Audit,Continuing,Out of State,SCH01,PRG0103,Online,35
REG001655,STU00183,SEC00221,2025FA,SCH01,PRG0103,0103-150,01,2025-08-01,Registered,3.0,Pass Fail,Continuing,Out of State,SCH01,PRG0103,Online,27
REG001656,STU00183,SEC00222,2025FA,SCH01,PRG0103,0103-200,02,2025-08-14,Registered,3.0,Audit,Continuing,Out of State,SCH01,PRG0103,Online,38
REG001657,STU00183,SEC00150,2025SU,SCH01,PRG0103,0103-200,02,2025-05-04,Dropped,0.0,Letter,Continuing,Out of State,SCH01,PRG0103,Online,40
REG001658,STU00183,SEC00149,2025SU,SCH01,PRG0103,0103-150,01,2025-04-24,Registered,3.0,Letter,Continuing,Out of State,SCH01,PRG0103,Online,25
REG001659,STU00183,SEC00366,2026SU,SCH01,PRG0103,0103-200,02,2026-04-14,Dropped,0.0,Letter,Continuing,Out of State,SCH01,PRG0103,Hybrid,29
REG001660,STU00183,SEC00365,2026SU,SCH01,PRG0103,0103-150,01,2026-04-06,Registered,3.0,Audit,Continuing,Out of State,SCH01,PRG0103,In Person,39
REG001661,STU00184,SEC00008,2024FA,SCH02,PRG0201,0201-200,02,2024-08-11,Registered,3.0,Letter,First Time,International,SCH02,PRG0201,In Person,25
REG001662,STU00184,SEC00007,2024FA,SCH02,PRG0201,0201-150,01,2024-08-14,Registered,3.0,Audit,First Time,International,SCH02,PRG0201,Online,26
REG001663,STU00184,SEC00224,2025FA,SCH02,PRG0201,0201-200,02,2025-08-04,Registered,3.0,Pass Fail,First Time,International,SCH02,PRG0201,Hybrid,41
REG001664,STU00184,SEC00223,2025FA,SCH02,PRG0201,0201-150,01,2025-07-23,Registered,3.0,Pass Fail,First Time,International,SCH02,PRG0201,Hybrid,30
REG001665,STU00184,SEC00152,2025SU,SCH02,PRG0201,0201-200,02,2025-04-26,Registered,3.0,Pass Fail,First Time,International,SCH02,PRG0201,Hybrid,27
REG001666,STU00184,SEC00151,2025SU,SCH02,PRG0201,0201-150,01,2025-04-12,Registered,3.0,Audit,First Time,International,SCH02,PRG0201,Hybrid,30
REG001667,STU00184,SEC00368,2026SU,SCH02,PRG0201,0201-200,02,2026-04-17,Registered,3.0,Pass Fail,First Time,International,SCH02,PRG0201,Online,33
REG001668,STU00184,SEC00367,2026SU,SCH02,PRG0201,0201-150,01,2026-05-02,Registered,3.0,Audit,First Time,International,SCH02,PRG0201,Online,26
REG001669,STU00184,SEC00296,2026WI,SCH02,PRG0201,0201-200,02,2025-12-24,Registered,3.0,Letter,First Time,International,SCH02,PRG0201,Hybrid,34
REG001670,STU00184,SEC00295,2026WI,SCH02,PRG0201,0201-150,01,2025-12-19,Registered,3.0,Pass Fail,First Time,International,SCH02,PRG0201,Online,38
REG001671,STU00185,SEC00226,2025FA,SCH02,PRG0202,0202-200,02,2025-08-06,Registered,3.0,Pass Fail,First Time,International,SCH02,PRG0202,In Person,31
REG001672,STU00185,SEC00225,2025FA,SCH02,PRG0202,0202-150,01,2025-08-14,Registered,3.0,Letter,First Time,International,SCH02,PRG0202,Hybrid,39
REG001673,STU00185,SEC00153,2025SU,SCH02,PRG0202,0202-150,01,2025-05-01,Registered,3.0,Letter,First Time,International,SCH02,PRG0202,Hybrid,29
REG001674,STU00185,SEC00154,2025SU,SCH02,PRG0202,0202-200,02,2025-04-23,Registered,3.0,Letter,First Time,International,SCH02,PRG0202,Online,35
REG001675,STU00185,SEC00081,2025WI,SCH02,PRG0202,0202-150,01,2024-12-22,Withdrawn,3.0,Audit,First Time,International,SCH02,PRG0202,Hybrid,31
REG001676,STU00185,SEC00082,2025WI,SCH02,PRG0202,0202-200,02,2024-12-10,Registered,3.0,Pass Fail,First Time,International,SCH02,PRG0202,In Person,42
REG001677,STU00185,SEC00297,2026WI,SCH02,PRG0202,0202-150,01,2025-12-17,Registered,3.0,Audit,First Time,International,SCH02,PRG0202,In Person,24
REG001678,STU00185,SEC00298,2026WI,SCH02,PRG0202,0202-200,02,2026-01-04,Registered,3.0,Audit,First Time,International,SCH02,PRG0202,In Person,39
REG001679,STU00186,SEC00012,2024FA,SCH02,PRG0203,0203-200,02,2024-07-25,Registered,3.0,Pass Fail,Graduate,Out of State,SCH02,PRG0203,Hybrid,26
REG001680,STU00186,SEC00011,2024FA,SCH02,PRG0203,0203-150,01,2024-07-30,Registered,3.0,Letter,Graduate,Out of State,SCH02,PRG0203,Online,38
REG001681,STU00186,SEC00228,2025FA,SCH02,PRG0203,0203-200,02,2025-08-15,Registered,3.0,Audit,Graduate,Out of State,SCH02,PRG0203,Online,35
REG001682,STU00186,SEC00227,2025FA,SCH02,PRG0203,0203-150,01,2025-07-21,Registered,3.0,Audit,Graduate,Out of State,SCH02,PRG0203,Online,25
REG001683,STU00186,SEC00155,2025SU,SCH02,PRG0203,0203-150,01,2025-04-12,Registered,3.0,Audit,Graduate,Out of State,SCH02,PRG0203,Hybrid,27
REG001684,STU00186,SEC00156,2025SU,SCH02,PRG0203,0203-200,02,2025-04-16,Registered,3.0,Letter,Graduate,Out of State,SCH02,PRG0203,Online,24
REG001685,STU00186,SEC00083,2025WI,SCH02,PRG0203,0203-150,01,2024-12-13,Registered,3.0,Pass Fail,Graduate,Out of State,SCH02,PRG0203,Online,41
REG001686,STU00186,SEC00084,2025WI,SCH02,PRG0203,0203-200,02,2024-12-22,Registered,3.0,Letter,Graduate,Out of State,SCH02,PRG0203,Online,28
REG001687,STU00186,SEC00371,2026SU,SCH02,PRG0203,0203-150,01,2026-04-24,Registered,3.0,Letter,Graduate,Out of State,SCH02,PRG0203,Hybrid,34
REG001688,STU00186,SEC00372,2026SU,SCH02,PRG0203,0203-200,02,2026-04-13,Registered,3.0,Audit,Graduate,Out of State,SCH02,PRG0203,Hybrid,37
REG001689,STU00186,SEC00300,2026WI,SCH02,PRG0203,0203-200,02,2025-12-19,Registered,3.0,Audit,Graduate,Out of State,SCH02,PRG0203,Hybrid,35
REG001690,STU00186,SEC00299,2026WI,SCH02,PRG0203,0203-150,01,2025-12-08,Registered,3.0,Audit,Graduate,Out of State,SCH02,PRG0203,Hybrid,26
REG001691,STU00187,SEC00013,2024FA,SCH03,PRG0301,0301-150,01,2024-08-17,Registered,3.0,Pass Fail,Graduate,International,SCH03,PRG0301,Online,36
REG001692,STU00187,SEC00014,2024FA,SCH03,PRG0301,0301-200,02,2024-08-17,Registered,3.0,Letter,Graduate,International,SCH03,PRG0301,Online,35
REG001693,STU00187,SEC00230,2025FA,SCH03,PRG0301,0301-200,02,2025-08-07,Withdrawn,3.0,Letter,Graduate,International,SCH03,PRG0301,Hybrid,30
REG001694,STU00187,SEC00229,2025FA,SCH03,PRG0301,0301-150,01,2025-08-12,Registered,3.0,Letter,Graduate,International,SCH03,PRG0301,Hybrid,42
REG001695,STU00187,SEC00085,2025WI,SCH03,PRG0301,0301-150,01,2024-12-21,Registered,3.0,Letter,Graduate,International,SCH03,PRG0301,Hybrid,41
REG001696,STU00187,SEC00086,2025WI,SCH03,PRG0301,0301-200,02,2024-12-15,Registered,3.0,Audit,Graduate,International,SCH03,PRG0301,Hybrid,31
REG001697,STU00187,SEC00373,2026SU,SCH03,PRG0301,0301-150,01,2026-04-25,Registered,3.0,Letter,Graduate,International,SCH03,PRG0301,In Person,42
REG001698,STU00187,SEC00374,2026SU,SCH03,PRG0301,0301-200,02,2026-05-01,Registered,3.0,Letter,Graduate,International,SCH03,PRG0301,Hybrid,36
REG001699,STU00188,SEC00016,2024FA,SCH03,PRG0302,0302-200,02,2024-07-25,Registered,3.0,Letter,Continuing,International,SCH03,PRG0302,Hybrid,33
REG001700,STU00188,SEC00015,2024FA,SCH03,PRG0302,0302-150,01,2024-08-18,Withdrawn,3.0,Pass Fail,Continuing,International,SCH03,PRG0302,Hybrid,26
REG001701,STU00188,SEC00232,2025FA,SCH03,PRG0302,0302-200,02,2025-08-16,Withdrawn,3.0,Letter,Continuing,International,SCH03,PRG0302,Online,37
REG001702,STU00188,SEC00231,2025FA,SCH03,PRG0302,0302-150,01,2025-07-26,Registered,3.0,Pass Fail,Continuing,International,SCH03,PRG0302,Hybrid,29
REG001703,STU00188,SEC00159,2025SU,SCH03,PRG0302,0302-150,01,2025-04-23,Dropped,0.0,Pass Fail,Continuing,International,SCH03,PRG0302,Online,32
REG001704,STU00188,SEC00160,2025SU,SCH03,PRG0302,0302-200,02,2025-04-16,Registered,3.0,Letter,Continuing,International,SCH03,PRG0302,In Person,31
REG001705,STU00188,SEC00087,2025WI,SCH03,PRG0302,0302-150,01,2024-12-21,Registered,3.0,Letter,Continuing,International,SCH03,PRG0302,In Person,41
REG001706,STU00188,SEC00088,2025WI,SCH03,PRG0302,0302-200,02,2024-12-14,Withdrawn,3.0,Audit,Continuing,International,SCH03,PRG0302,In Person,39
REG001707,STU00189,SEC00017,2024FA,SCH03,PRG0303,0303-150,01,2024-08-04,Registered,3.0,Audit,Transfer,International,SCH03,PRG0303,Online,30
REG001708,STU00189,SEC00018,2024FA,SCH03,PRG0303,0303-200,02,2024-08-04,Dropped,0.0,Audit,Transfer,International,SCH03,PRG0303,Hybrid,28
REG001709,STU00189,SEC00234,2025FA,SCH03,PRG0303,0303-200,02,2025-08-05,Registered,3.0,Audit,Transfer,International,SCH03,PRG0303,Online,28
REG001710,STU00189,SEC00233,2025FA,SCH03,PRG0303,0303-150,01,2025-08-15,Dropped,0.0,Audit,Transfer,International,SCH03,PRG0303,In Person,26
REG001711,STU00189,SEC00161,2025SU,SCH03,PRG0303,0303-150,01,2025-05-02,Registered,3.0,Audit,Transfer,International,SCH03,PRG0303,Hybrid,25
REG001712,STU00189,SEC00162,2025SU,SCH03,PRG0303,0303-200,02,2025-04-07,Registered,3.0,Audit,Transfer,International,SCH03,PRG0303,In Person,32
REG001713,STU00189,SEC00090,2025WI,SCH03,PRG0303,0303-200,02,2025-01-05,Registered,3.0,Pass Fail,Transfer,International,SCH03,PRG0303,Online,24
REG001714,STU00189,SEC00089,2025WI,SCH03,PRG0303,0303-150,01,2024-12-23,Registered,3.0,Audit,Transfer,International,SCH03,PRG0303,Hybrid,29
REG001715,STU00189,SEC00378,2026SU,SCH03,PRG0303,0303-200,02,2026-04-24,Registered,3.0,Letter,Transfer,International,SCH03,PRG0303,Online,27
REG001716,STU00189,SEC00377,2026SU,SCH03,PRG0303,0303-150,01,2026-04-09,Registered,3.0,Audit,Transfer,International,SCH03,PRG0303,Hybrid,33
REG001717,STU00189,SEC00305,2026WI,SCH03,PRG0303,0303-150,01,2025-12-14,Registered,3.0,Letter,Transfer,International,SCH03,PRG0303,In Person,24
REG001718,STU00189,SEC00306,2026WI,SCH03,PRG0303,0303-200,02,2025-12-12,Registered,3.0,Letter,Transfer,International,SCH03,PRG0303,Online,24
REG001719,STU00190,SEC00236,2025FA,SCH04,PRG0401,0401-200,02,2025-08-14,Registered,3.0,Pass Fail,Continuing,In State,SCH04,PRG0401,In Person,34
REG001720,STU00190,SEC00235,2025FA,SCH04,PRG0401,0401-150,01,2025-08-10,Registered,3.0,Audit,Continuing,In State,SCH04,PRG0401,In Person,34
REG001721,STU00190,SEC00164,2025SU,SCH04,PRG0401,0401-200,02,2025-04-30,Registered,3.0,Letter,Continuing,In State,SCH04,PRG0401,Online,41
REG001722,STU00190,SEC00163,2025SU,SCH04,PRG0401,0401-150,01,2025-04-11,Registered,3.0,Letter,Continuing,In State,SCH04,PRG0401,In Person,40
REG001723,STU00190,SEC00380,2026SU,SCH04,PRG0401,0401-200,02,2026-04-12,Withdrawn,3.0,Pass Fail,Continuing,In State,SCH04,PRG0401,Hybrid,32
REG001724,STU00190,SEC00379,2026SU,SCH04,PRG0401,0401-150,01,2026-04-15,Registered,3.0,Letter,Continuing,In State,SCH04,PRG0401,In Person,24
REG001725,STU00191,SEC00237,2025FA,SCH04,PRG0402,0402-150,01,2025-07-26,Registered,3.0,Letter,First Time,In State,SCH04,PRG0402,In Person,26
REG001726,STU00191,SEC00238,2025FA,SCH04,PRG0402,0402-200,02,2025-07-22,Registered,3.0,Letter,First Time,In State,SCH04,PRG0402,Hybrid,30
REG001727,STU00191,SEC00165,2025SU,SCH04,PRG0402,0402-150,01,2025-04-27,Withdrawn,3.0,Pass Fail,First Time,In State,SCH04,PRG0402,In Person,25
REG001728,STU00191,SEC00166,2025SU,SCH04,PRG0402,0402-200,02,2025-04-18,Dropped,0.0,Pass Fail,First Time,In State,SCH04,PRG0402,In Person,34
REG001729,STU00191,SEC00382,2026SU,SCH04,PRG0402,0402-200,02,2026-04-29,Registered,3.0,Letter,First Time,In State,SCH04,PRG0402,Hybrid,34
REG001730,STU00191,SEC00381,2026SU,SCH04,PRG0402,0402-150,01,2026-04-17,Registered,3.0,Audit,First Time,In State,SCH04,PRG0402,Hybrid,27
REG001731,STU00192,SEC00024,2024FA,SCH04,PRG0403,0403-200,02,2024-07-24,Registered,3.0,Letter,Graduate,Out of State,SCH04,PRG0403,In Person,24
REG001732,STU00192,SEC00023,2024FA,SCH04,PRG0403,0403-150,01,2024-08-02,Registered,3.0,Letter,Graduate,Out of State,SCH04,PRG0403,In Person,36
REG001733,STU00192,SEC00239,2025FA,SCH04,PRG0403,0403-150,01,2025-07-31,Dropped,0.0,Pass Fail,Graduate,Out of State,SCH04,PRG0403,Hybrid,41
REG001734,STU00192,SEC00240,2025FA,SCH04,PRG0403,0403-200,02,2025-07-29,Registered,3.0,Audit,Graduate,Out of State,SCH04,PRG0403,Online,37
REG001735,STU00192,SEC00167,2025SU,SCH04,PRG0403,0403-150,01,2025-04-30,Registered,3.0,Letter,Graduate,Out of State,SCH04,PRG0403,Hybrid,39
REG001736,STU00192,SEC00168,2025SU,SCH04,PRG0403,0403-200,02,2025-04-24,Registered,3.0,Pass Fail,Graduate,Out of State,SCH04,PRG0403,Online,38
REG001737,STU00192,SEC00095,2025WI,SCH04,PRG0403,0403-150,01,2024-12-14,Registered,3.0,Pass Fail,Graduate,Out of State,SCH04,PRG0403,In Person,35
REG001738,STU00192,SEC00096,2025WI,SCH04,PRG0403,0403-200,02,2024-12-20,Registered,3.0,Pass Fail,Graduate,Out of State,SCH04,PRG0403,In Person,41
REG001739,STU00192,SEC00384,2026SU,SCH04,PRG0403,0403-200,02,2026-04-08,Registered,3.0,Audit,Graduate,Out of State,SCH04,PRG0403,Online,41
REG001740,STU00192,SEC00383,2026SU,SCH04,PRG0403,0403-150,01,2026-04-28,Registered,3.0,Letter,Graduate,Out of State,SCH04,PRG0403,Hybrid,34
REG001741,STU00193,SEC00025,2024FA,SCH05,PRG0501,0501-150,01,2024-08-05,Dropped,0.0,Letter,First Time,International,SCH05,PRG0501,In Person,30
REG001742,STU00193,SEC00026,2024FA,SCH05,PRG0501,0501-200,02,2024-07-31,Registered,3.0,Letter,First Time,International,SCH05,PRG0501,Online,41
REG001743,STU00193,SEC00169,2025SU,SCH05,PRG0501,0501-150,01,2025-05-03,Registered,3.0,Pass Fail,First Time,International,SCH05,PRG0501,Online,28
REG001744,STU00193,SEC00170,2025SU,SCH05,PRG0501,0501-200,02,2025-04-24,Registered,3.0,Pass Fail,First Time,International,SCH05,PRG0501,Online,34
REG001745,STU00193,SEC00097,2025WI,SCH05,PRG0501,0501-150,01,2024-12-11,Registered,3.0,Letter,First Time,International,SCH05,PRG0501,Online,27
REG001746,STU00193,SEC00098,2025WI,SCH05,PRG0501,0501-200,02,2024-12-23,Registered,3.0,Pass Fail,First Time,International,SCH05,PRG0501,Hybrid,39
REG001747,STU00194,SEC00027,2024FA,SCH05,PRG0502,0502-150,01,2024-08-04,Dropped,0.0,Letter,First Time,International,SCH05,PRG0502,In Person,32
REG001748,STU00194,SEC00028,2024FA,SCH05,PRG0502,0502-200,02,2024-07-30,Registered,3.0,Pass Fail,First Time,International,SCH05,PRG0502,Online,25
REG001749,STU00194,SEC00244,2025FA,SCH05,PRG0502,0502-200,02,2025-08-07,Registered,3.0,Letter,First Time,International,SCH05,PRG0502,Hybrid,38
REG001750,STU00194,SEC00243,2025FA,SCH05,PRG0502,0502-150,01,2025-08-14,Registered,3.0,Pass Fail,First Time,International,SCH05,PRG0502,In Person,29
REG001751,STU00194,SEC00099,2025WI,SCH05,PRG0502,0502-150,01,2024-12-19,Registered,3.0,Letter,First Time,International,SCH05,PRG0502,Online,41
REG001752,STU00194,SEC00100,2025WI,SCH05,PRG0502,0502-200,02,2025-01-03,Registered,3.0,Audit,First Time,International,SCH05,PRG0502,Hybrid,33
REG001753,STU00195,SEC00030,2024FA,SCH05,PRG0503,0503-200,02,2024-08-09,Withdrawn,3.0,Letter,Continuing,Out of State,SCH05,PRG0503,In Person,33
REG001754,STU00195,SEC00029,2024FA,SCH05,PRG0503,0503-150,01,2024-08-14,Registered,3.0,Letter,Continuing,Out of State,SCH05,PRG0503,In Person,27
REG001755,STU00195,SEC00245,2025FA,SCH05,PRG0503,0503-150,01,2025-08-01,Registered,3.0,Pass Fail,Continuing,Out of State,SCH05,PRG0503,In Person,42
REG001756,STU00195,SEC00246,2025FA,SCH05,PRG0503,0503-200,02,2025-07-25,Registered,3.0,Letter,Continuing,Out of State,SCH05,PRG0503,In Person,24
REG001757,STU00195,SEC00173,2025SU,SCH05,PRG0503,0503-150,01,2025-04-09,Registered,3.0,Letter,Continuing,Out of State,SCH05,PRG0503,Online,26
REG001758,STU00195,SEC00174,2025SU,SCH05,PRG0503,0503-200,02,2025-04-30,Registered,3.0,Letter,Continuing,Out of State,SCH05,PRG0503,Online,41
REG001759,STU00195,SEC00101,2025WI,SCH05,PRG0503,0503-150,01,2024-12-25,Registered,3.0,Audit,Continuing,Out of State,SCH05,PRG0503,In Person,24
REG001760,STU00195,SEC00102,2025WI,SCH05,PRG0503,0503-200,02,2024-12-13,Registered,3.0,Pass Fail,Continuing,Out of State,SCH05,PRG0503,Hybrid,35
REG001761,STU00195,SEC00390,2026SU,SCH05,PRG0503,0503-200,02,2026-04-06,Withdrawn,3.0,Pass Fail,Continuing,Out of State,SCH05,PRG0503,Online,25
REG001762,STU00195,SEC00389,2026SU,SCH05,PRG0503,0503-150,01,2026-04-24,Registered,3.0,Pass Fail,Continuing,Out of State,SCH05,PRG0503,In Person,38
REG001763,STU00195,SEC00317,2026WI,SCH05,PRG0503,0503-150,01,2025-12-16,Registered,3.0,Pass Fail,Continuing,Out of State,SCH05,PRG0503,Online,27
REG001764,STU00195,SEC00318,2026WI,SCH05,PRG0503,0503-200,02,2025-12-28,Registered,3.0,Letter,Continuing,Out of State,SCH05,PRG0503,Hybrid,27
REG001765,STU00196,SEC00247,2025FA,SCH06,PRG0601,0601-150,01,2025-07-27,Registered,3.0,Audit,Transfer,In State,SCH06,PRG0601,Hybrid,41
REG001766,STU00196,SEC00248,2025FA,SCH06,PRG0601,0601-200,02,2025-08-13,Registered,3.0,Audit,Transfer,In State,SCH06,PRG0601,Online,34
REG001767,STU00196,SEC00392,2026SU,SCH06,PRG0601,0601-200,02,2026-04-15,Registered,3.0,Letter,Transfer,In State,SCH06,PRG0601,Hybrid,26
REG001768,STU00196,SEC00391,2026SU,SCH06,PRG0601,0601-150,01,2026-04-24,Registered,3.0,Letter,Transfer,In State,SCH06,PRG0601,Hybrid,26
REG001769,STU00196,SEC00320,2026WI,SCH06,PRG0601,0601-200,02,2025-12-26,Withdrawn,3.0,Audit,Transfer,In State,SCH06,PRG0601,In Person,40
REG001770,STU00196,SEC00319,2026WI,SCH06,PRG0601,0601-150,01,2025-12-22,Registered,3.0,Pass Fail,Transfer,In State,SCH06,PRG0601,Hybrid,34
REG001771,STU00197,SEC00178,2025SU,SCH06,PRG0602,0602-200,02,2025-05-03,Registered,3.0,Pass Fail,Transfer,Out of State,SCH06,PRG0602,In Person,33
REG001772,STU00197,SEC00177,2025SU,SCH06,PRG0602,0602-150,01,2025-04-26,Registered,3.0,Audit,Transfer,Out of State,SCH06,PRG0602,Online,24
REG001773,STU00197,SEC00105,2025WI,SCH06,PRG0602,0602-150,01,2024-12-22,Registered,3.0,Audit,Transfer,Out of State,SCH06,PRG0602,Hybrid,25
REG001774,STU00197,SEC00106,2025WI,SCH06,PRG0602,0602-200,02,2024-12-23,Registered,3.0,Audit,Transfer,Out of State,SCH06,PRG0602,Hybrid,36
REG001775,STU00197,SEC00394,2026SU,SCH06,PRG0602,0602-200,02,2026-05-01,Registered,3.0,Pass Fail,Transfer,Out of State,SCH06,PRG0602,In Person,24
REG001776,STU00197,SEC00393,2026SU,SCH06,PRG0602,0602-150,01,2026-04-29,Registered,3.0,Audit,Transfer,Out of State,SCH06,PRG0602,Online,40
REG001777,STU00198,SEC00252,2025FA,SCH06,PRG0603,0603-200,02,2025-07-29,Withdrawn,3.0,Pass Fail,Transfer,In State,SCH06,PRG0603,Online,35
REG001778,STU00198,SEC00251,2025FA,SCH06,PRG0603,0603-150,01,2025-08-03,Dropped,0.0,Letter,Transfer,In State,SCH06,PRG0603,Hybrid,33
REG001779,STU00198,SEC00108,2025WI,SCH06,PRG0603,0603-200,02,2024-12-27,Dropped,0.0,Letter,Transfer,In State,SCH06,PRG0603,In Person,32
REG001780,STU00198,SEC00107,2025WI,SCH06,PRG0603,0603-150,01,2024-12-27,Registered,3.0,Letter,Transfer,In State,SCH06,PRG0603,In Person,31
REG001781,STU00198,SEC00396,2026SU,SCH06,PRG0603,0603-200,02,2026-04-22,Registered,3.0,Pass Fail,Transfer,In State,SCH06,PRG0603,Hybrid,30
REG001782,STU00198,SEC00395,2026SU,SCH06,PRG0603,0603-150,01,2026-04-24,Registered,3.0,Letter,Transfer,In State,SCH06,PRG0603,Hybrid,42
REG001783,STU00199,SEC00037,2024FA,SCH07,PRG0701,0701-150,01,2024-08-01,Registered,3.0,Pass Fail,Transfer,Out of State,SCH07,PRG0701,Hybrid,41
REG001784,STU00199,SEC00038,2024FA,SCH07,PRG0701,0701-200,02,2024-07-28,Dropped,0.0,Letter,Transfer,Out of State,SCH07,PRG0701,In Person,42
REG001785,STU00199,SEC00253,2025FA,SCH07,PRG0701,0701-150,01,2025-08-12,Registered,3.0,Audit,Transfer,Out of State,SCH07,PRG0701,In Person,26
REG001786,STU00199,SEC00254,2025FA,SCH07,PRG0701,0701-200,02,2025-08-01,Registered,3.0,Letter,Transfer,Out of State,SCH07,PRG0701,In Person,25
REG001787,STU00199,SEC00181,2025SU,SCH07,PRG0701,0701-150,01,2025-04-17,Dropped,0.0,Pass Fail,Transfer,Out of State,SCH07,PRG0701,Hybrid,40
REG001788,STU00199,SEC00182,2025SU,SCH07,PRG0701,0701-200,02,2025-05-03,Withdrawn,3.0,Pass Fail,Transfer,Out of State,SCH07,PRG0701,Hybrid,41
REG001789,STU00199,SEC00110,2025WI,SCH07,PRG0701,0701-200,02,2024-12-18,Registered,3.0,Letter,Transfer,Out of State,SCH07,PRG0701,Hybrid,28
REG001790,STU00199,SEC00109,2025WI,SCH07,PRG0701,0701-150,01,2024-12-23,Registered,3.0,Audit,Transfer,Out of State,SCH07,PRG0701,Online,28
REG001791,STU00199,SEC00398,2026SU,SCH07,PRG0701,0701-200,02,2026-05-02,Registered,3.0,Pass Fail,Transfer,Out of State,SCH07,PRG0701,In Person,34
REG001792,STU00199,SEC00397,2026SU,SCH07,PRG0701,0701-150,01,2026-04-14,Registered,3.0,Audit,Transfer,Out of State,SCH07,PRG0701,In Person,24
REG001793,STU00199,SEC00325,2026WI,SCH07,PRG0701,0701-150,01,2025-12-21,Registered,3.0,Audit,Transfer,Out of State,SCH07,PRG0701,In Person,36
REG001794,STU00199,SEC00326,2026WI,SCH07,PRG0701,0701-200,02,2025-12-13,Registered,3.0,Letter,Transfer,Out of State,SCH07,PRG0701,In Person,25
REG001795,STU00200,SEC00256,2025FA,SCH07,PRG0702,0702-200,02,2025-07-30,Registered,3.0,Pass Fail,First Time,In State,SCH07,PRG0702,In Person,36
REG001796,STU00200,SEC00255,2025FA,SCH07,PRG0702,0702-150,01,2025-07-21,Registered,3.0,Audit,First Time,In State,SCH07,PRG0702,In Person,25
REG001797,STU00200,SEC00112,2025WI,SCH07,PRG0702,0702-200,02,2024-12-31,Registered,3.0,Letter,First Time,In State,SCH07,PRG0702,Online,40
REG001798,STU00200,SEC00111,2025WI,SCH07,PRG0702,0702-150,01,2024-12-21,Withdrawn,3.0,Pass Fail,First Time,In State,SCH07,PRG0702,In Person,26
REG001799,STU00200,SEC00400,2026SU,SCH07,PRG0702,0702-200,02,2026-04-10,Registered,3.0,Pass Fail,First Time,In State,SCH07,PRG0702,Online,29
REG001800,STU00200,SEC00399,2026SU,SCH07,PRG0702,0702-150,01,2026-04-27,Registered,3.0,Audit,First Time,In State,SCH07,PRG0702,Hybrid,37
REG001801,STU00201,SEC00041,2024FA,SCH07,PRG0703,0703-150,01,2024-08-04,Registered,3.0,Audit,Transfer,Out of State,SCH07,PRG0703,In Person,39
REG001802,STU00201,SEC00042,2024FA,SCH07,PRG0703,0703-200,02,2024-08-09,Registered,3.0,Audit,Transfer,Out of State,SCH07,PRG0703,Online,38
REG001803,STU00201,SEC00114,2025WI,SCH07,PRG0703,0703-200,02,2024-12-09,Registered,3.0,Letter,Transfer,Out of State,SCH07,PRG0703,Hybrid,26
REG001804,STU00201,SEC00113,2025WI,SCH07,PRG0703,0703-150,01,2024-12-19,Withdrawn,3.0,Audit,Transfer,Out of State,SCH07,PRG0703,Hybrid,26
REG001805,STU00201,SEC00402,2026SU,SCH07,PRG0703,0703-200,02,2026-04-07,Registered,3.0,Letter,Transfer,Out of State,SCH07,PRG0703,In Person,42
REG001806,STU00201,SEC00401,2026SU,SCH07,PRG0703,0703-150,01,2026-05-03,Registered,3.0,Pass Fail,Transfer,Out of State,SCH07,PRG0703,In Person,36
REG001807,STU00201,SEC00330,2026WI,SCH07,PRG0703,0703-200,02,2026-01-04,Registered,3.0,Pass Fail,Transfer,Out of State,SCH07,PRG0703,Online,38
REG001808,STU00201,SEC00329,2026WI,SCH07,PRG0703,0703-150,01,2025-12-15,Registered,3.0,Pass Fail,Transfer,Out of State,SCH07,PRG0703,In Person,40
REG001809,STU00202,SEC00043,2024FA,SCH08,PRG0801,0801-150,01,2024-08-17,Registered,3.0,Letter,Continuing,International,SCH08,PRG0801,In Person,29
REG001810,STU00202,SEC00044,2024FA,SCH08,PRG0801,0801-200,02,2024-08-09,Registered,3.0,Audit,Continuing,International,SCH08,PRG0801,Online,28
REG001811,STU00202,SEC00259,2025FA,SCH08,PRG0801,0801-150,01,2025-07-24,Registered,3.0,Letter,Continuing,International,SCH08,PRG0801,In Person,36
REG001812,STU00202,SEC00260,2025FA,SCH08,PRG0801,0801-200,02,2025-08-04,Registered,3.0,Pass Fail,Continuing,International,SCH08,PRG0801,Online,28
REG001813,STU00202,SEC00115,2025WI,SCH08,PRG0801,0801-150,01,2024-12-20,Registered,3.0,Letter,Continuing,International,SCH08,PRG0801,Online,28
REG001814,STU00202,SEC00116,2025WI,SCH08,PRG0801,0801-200,02,2025-01-03,Registered,3.0,Pass Fail,Continuing,International,SCH08,PRG0801,Online,34
REG001815,STU00202,SEC00332,2026WI,SCH08,PRG0801,0801-200,02,2025-12-31,Registered,3.0,Pass Fail,Continuing,International,SCH08,PRG0801,In Person,27
REG001816,STU00202,SEC00331,2026WI,SCH08,PRG0801,0801-150,01,2025-12-11,Registered,3.0,Pass Fail,Continuing,International,SCH08,PRG0801,Online,33
REG001817,STU00203,SEC00045,2024FA,SCH08,PRG0802,0802-150,01,2024-08-02,Registered,3.0,Audit,First Time,International,SCH08,PRG0802,Hybrid,40
REG001818,STU00203,SEC00046,2024FA,SCH08,PRG0802,0802-200,02,2024-07-23,Registered,3.0,Audit,First Time,International,SCH08,PRG0802,Hybrid,36
REG001819,STU00203,SEC00262,2025FA,SCH08,PRG0802,0802-200,02,2025-07-26,Registered,3.0,Audit,First Time,International,SCH08,PRG0802,Hybrid,24
REG001820,STU00203,SEC00261,2025FA,SCH08,PRG0802,0802-150,01,2025-08-01,Registered,3.0,Letter,First Time,International,SCH08,PRG0802,Online,38
REG001821,STU00203,SEC00190,2025SU,SCH08,PRG0802,0802-200,02,2025-04-12,Registered,3.0,Audit,First Time,International,SCH08,PRG0802,Hybrid,29
REG001822,STU00203,SEC00189,2025SU,SCH08,PRG0802,0802-150,01,2025-04-18,Registered,3.0,Pass Fail,First Time,International,SCH08,PRG0802,Hybrid,40
REG001823,STU00203,SEC00118,2025WI,SCH08,PRG0802,0802-200,02,2025-01-03,Registered,3.0,Audit,First Time,International,SCH08,PRG0802,Online,38
REG001824,STU00203,SEC00117,2025WI,SCH08,PRG0802,0802-150,01,2024-12-20,Registered,3.0,Letter,First Time,International,SCH08,PRG0802,Hybrid,37
REG001825,STU00203,SEC00406,2026SU,SCH08,PRG0802,0802-200,02,2026-04-14,Registered,3.0,Letter,First Time,International,SCH08,PRG0802,Online,30
REG001826,STU00203,SEC00405,2026SU,SCH08,PRG0802,0802-150,01,2026-04-15,Registered,3.0,Pass Fail,First Time,International,SCH08,PRG0802,Hybrid,25
REG001827,STU00204,SEC00047,2024FA,SCH08,PRG0803,0803-150,01,2024-08-10,Registered,3.0,Pass Fail,Transfer,International,SCH08,PRG0803,Online,42
REG001828,STU00204,SEC00048,2024FA,SCH08,PRG0803,0803-200,02,2024-07-29,Registered,3.0,Letter,Transfer,International,SCH08,PRG0803,In Person,38
REG001829,STU00204,SEC00120,2025WI,SCH08,PRG0803,0803-200,02,2024-12-28,Registered,3.0,Pass Fail,Transfer,International,SCH08,PRG0803,Hybrid,36
REG001830,STU00204,SEC00119,2025WI,SCH08,PRG0803,0803-150,01,2024-12-17,Registered,3.0,Pass Fail,Transfer,International,SCH08,PRG0803,Hybrid,28
REG001831,STU00204,SEC00408,2026SU,SCH08,PRG0803,0803-200,02,2026-05-01,Registered,3.0,Pass Fail,Transfer,International,SCH08,PRG0803,Hybrid,24
REG001832,STU00204,SEC00407,2026SU,SCH08,PRG0803,0803-150,01,2026-04-29,Dropped,0.0,Pass Fail,Transfer,International,SCH08,PRG0803,In Person,31
REG001833,STU00204,SEC00336,2026WI,SCH08,PRG0803,0803-200,02,2025-12-29,Registered,3.0,Pass Fail,Transfer,International,SCH08,PRG0803,Online,38
REG001834,STU00204,SEC00335,2026WI,SCH08,PRG0803,0803-150,01,2025-12-11,Registered,3.0,Pass Fail,Transfer,International,SCH08,PRG0803,Hybrid,24
REG001835,STU00205,SEC00050,2024FA,SCH09,PRG0901,0901-200,02,2024-08-09,Registered,3.0,Audit,Transfer,In State,SCH09,PRG0901,Online,26
REG001836,STU00205,SEC00049,2024FA,SCH09,PRG0901,0901-150,01,2024-08-08,Registered,3.0,Letter,Transfer,In State,SCH09,PRG0901,In Person,31
REG001837,STU00205,SEC00266,2025FA,SCH09,PRG0901,0901-200,02,2025-08-01,Registered,3.0,Pass Fail,Transfer,In State,SCH09,PRG0901,In Person,42
REG001838,STU00205,SEC00265,2025FA,SCH09,PRG0901,0901-150,01,2025-08-07,Registered,3.0,Pass Fail,Transfer,In State,SCH09,PRG0901,In Person,40
REG001839,STU00205,SEC00193,2025SU,SCH09,PRG0901,0901-150,01,2025-04-10,Registered,3.0,Pass Fail,Transfer,In State,SCH09,PRG0901,Online,30
REG001840,STU00205,SEC00194,2025SU,SCH09,PRG0901,0901-200,02,2025-04-20,Registered,3.0,Pass Fail,Transfer,In State,SCH09,PRG0901,Hybrid,25
REG001841,STU00205,SEC00121,2025WI,SCH09,PRG0901,0901-150,01,2024-12-20,Registered,3.0,Audit,Transfer,In State,SCH09,PRG0901,In Person,29
REG001842,STU00205,SEC00122,2025WI,SCH09,PRG0901,0901-200,02,2024-12-19,Registered,3.0,Audit,Transfer,In State,SCH09,PRG0901,Online,40
REG001843,STU00205,SEC00410,2026SU,SCH09,PRG0901,0901-200,02,2026-04-24,Withdrawn,3.0,Audit,Transfer,In State,SCH09,PRG0901,Hybrid,32
REG001844,STU00205,SEC00409,2026SU,SCH09,PRG0901,0901-150,01,2026-04-08,Registered,3.0,Pass Fail,Transfer,In State,SCH09,PRG0901,Hybrid,28
REG001845,STU00205,SEC00337,2026WI,SCH09,PRG0901,0901-150,01,2025-12-17,Registered,3.0,Audit,Transfer,In State,SCH09,PRG0901,Online,41
REG001846,STU00205,SEC00338,2026WI,SCH09,PRG0901,0901-200,02,2025-12-27,Dropped,0.0,Audit,Transfer,In State,SCH09,PRG0901,In Person,32
REG001847,STU00206,SEC00052,2024FA,SCH09,PRG0902,0902-200,02,2024-07-28,Registered,3.0,Pass Fail,Continuing,Out of State,SCH09,PRG0902,Online,35
REG001848,STU00206,SEC00051,2024FA,SCH09,PRG0902,0902-150,01,2024-08-07,Registered,3.0,Pass Fail,Continuing,Out of State,SCH09,PRG0902,Hybrid,31
REG001849,STU00206,SEC00196,2025SU,SCH09,PRG0902,0902-200,02,2025-04-14,Registered,3.0,Letter,Continuing,Out of State,SCH09,PRG0902,In Person,34
REG001850,STU00206,SEC00195,2025SU,SCH09,PRG0902,0902-150,01,2025-04-26,Registered,3.0,Letter,Continuing,Out of State,SCH09,PRG0902,Hybrid,24
REG001851,STU00206,SEC00339,2026WI,SCH09,PRG0902,0902-150,01,2025-12-25,Registered,3.0,Audit,Continuing,Out of State,SCH09,PRG0902,Hybrid,37
REG001852,STU00206,SEC00340,2026WI,SCH09,PRG0902,0902-200,02,2025-12-08,Registered,3.0,Audit,Continuing,Out of State,SCH09,PRG0902,In Person,27
REG001853,STU00207,SEC00197,2025SU,SCH09,PRG0903,0903-150,01,2025-04-12,Registered,3.0,Pass Fail,Transfer,Out of State,SCH09,PRG0903,In Person,31
REG001854,STU00207,SEC00198,2025SU,SCH09,PRG0903,0903-200,02,2025-04-28,Withdrawn,3.0,Audit,Transfer,Out of State,SCH09,PRG0903,In Person,27
REG001855,STU00207,SEC00413,2026SU,SCH09,PRG0903,0903-150,01,2026-05-03,Registered,3.0,Pass Fail,Transfer,Out of State,SCH09,PRG0903,In Person,30
REG001856,STU00207,SEC00414,2026SU,SCH09,PRG0903,0903-200,02,2026-04-15,Registered,3.0,Pass Fail,Transfer,Out of State,SCH09,PRG0903,Online,38
REG001857,STU00207,SEC00341,2026WI,SCH09,PRG0903,0903-150,01,2025-12-09,Registered,3.0,Pass Fail,Transfer,Out of State,SCH09,PRG0903,Hybrid,42
REG001858,STU00207,SEC00342,2026WI,SCH09,PRG0903,0903-200,02,2026-01-01,Registered,3.0,Letter,Transfer,Out of State,SCH09,PRG0903,In Person,34
REG001859,STU00208,SEC00199,2025SU,SCH10,PRG1001,1001-150,01,2025-04-28,Registered,3.0,Pass Fail,Continuing,Out of State,SCH10,PRG1001,Hybrid,37
REG001860,STU00208,SEC00200,2025SU,SCH10,PRG1001,1001-200,02,2025-04-23,Registered,3.0,Pass Fail,Continuing,Out of State,SCH10,PRG1001,Hybrid,40
REG001861,STU00208,SEC00128,2025WI,SCH10,PRG1001,1001-200,02,2024-12-16,Registered,3.0,Audit,Continuing,Out of State,SCH10,PRG1001,In Person,38
REG001862,STU00208,SEC00127,2025WI,SCH10,PRG1001,1001-150,01,2024-12-16,Withdrawn,3.0,Letter,Continuing,Out of State,SCH10,PRG1001,Hybrid,42
REG001863,STU00208,SEC00343,2026WI,SCH10,PRG1001,1001-150,01,2025-12-15,Registered,3.0,Letter,Continuing,Out of State,SCH10,PRG1001,Online,26
REG001864,STU00208,SEC00344,2026WI,SCH10,PRG1001,1001-200,02,2025-12-12,Registered,3.0,Audit,Continuing,Out of State,SCH10,PRG1001,Hybrid,32
REG001865,STU00209,SEC00057,2024FA,SCH10,PRG1002,1002-150,01,2024-08-04,Registered,3.0,Pass Fail,First Time,Out of State,SCH10,PRG1002,Hybrid,35
REG001866,STU00209,SEC00058,2024FA,SCH10,PRG1002,1002-200,02,2024-08-11,Registered,3.0,Audit,First Time,Out of State,SCH10,PRG1002,Online,35
REG001867,STU00209,SEC00273,2025FA,SCH10,PRG1002,1002-150,01,2025-08-03,Dropped,0.0,Letter,First Time,Out of State,SCH10,PRG1002,Hybrid,25
REG001868,STU00209,SEC00274,2025FA,SCH10,PRG1002,1002-200,02,2025-08-05,Registered,3.0,Pass Fail,First Time,Out of State,SCH10,PRG1002,In Person,34
REG001869,STU00209,SEC00202,2025SU,SCH10,PRG1002,1002-200,02,2025-04-12,Registered,3.0,Letter,First Time,Out of State,SCH10,PRG1002,Hybrid,33
REG001870,STU00209,SEC00201,2025SU,SCH10,PRG1002,1002-150,01,2025-05-04,Registered,3.0,Pass Fail,First Time,Out of State,SCH10,PRG1002,Online,37
REG001871,STU00209,SEC00129,2025WI,SCH10,PRG1002,1002-150,01,2024-12-22,Registered,3.0,Pass Fail,First Time,Out of State,SCH10,PRG1002,In Person,25
REG001872,STU00209,SEC00130,2025WI,SCH10,PRG1002,1002-200,02,2024-12-09,Withdrawn,3.0,Pass Fail,First Time,Out of State,SCH10,PRG1002,Hybrid,26
REG001873,STU00209,SEC00346,2026WI,SCH10,PRG1002,1002-200,02,2025-12-10,Registered,3.0,Letter,First Time,Out of State,SCH10,PRG1002,Hybrid,29
REG001874,STU00209,SEC00345,2026WI,SCH10,PRG1002,1002-150,01,2025-12-20,Registered,3.0,Letter,First Time,Out of State,SCH10,PRG1002,Online,35
REG001875,STU00210,SEC00060,2024FA,SCH10,PRG1003,1003-200,02,2024-08-04,Registered,3.0,Pass Fail,Transfer,Out of State,SCH10,PRG1003,In Person,24
REG001876,STU00210,SEC00059,2024FA,SCH10,PRG1003,1003-150,01,2024-08-04,Registered,3.0,Letter,Transfer,Out of State,SCH10,PRG1003,In Person,28
REG001877,STU00210,SEC00276,2025FA,SCH10,PRG1003,1003-200,02,2025-08-03,Registered,3.0,Pass Fail,Transfer,Out of State,SCH10,PRG1003,In Person,25
REG001878,STU00210,SEC00275,2025FA,SCH10,PRG1003,1003-150,01,2025-08-11,Registered,3.0,Letter,Transfer,Out of State,SCH10,PRG1003,Hybrid,34
REG001879,STU00210,SEC00131,2025WI,SCH10,PRG1003,1003-150,01,2024-12-14,Registered,3.0,Pass Fail,Transfer,Out of State,SCH10,PRG1003,In Person,36
REG001880,STU00210,SEC00132,2025WI,SCH10,PRG1003,1003-200,02,2024-12-19,Registered,3.0,Audit,Transfer,Out of State,SCH10,PRG1003,Hybrid,37
REG001881,STU00210,SEC00419,2026SU,SCH10,PRG1003,1003-150,01,2026-04-28,Registered,3.0,Letter,Transfer,Out of State,SCH10,PRG1003,In Person,30
REG001882,STU00210,SEC00420,2026SU,SCH10,PRG1003,1003-200,02,2026-04-17,Withdrawn,3.0,Pass Fail,Transfer,Out of State,SCH10,PRG1003,In Person,29
REG001883,STU00210,SEC00347,2026WI,SCH10,PRG1003,1003-150,01,2026-01-01,Registered,3.0,Audit,Transfer,Out of State,SCH10,PRG1003,Online,34
REG001884,STU00210,SEC00348,2026WI,SCH10,PRG1003,1003-200,02,2025-12-25,Registered,3.0,Pass Fail,Transfer,Out of State,SCH10,PRG1003,Online,34
REG001885,STU00211,SEC00062,2024FA,SCH11,PRG1101,1101-200,02,2024-08-04,Registered,3.0,Audit,First Time,International,SCH11,PRG1101,In Person,29
REG001886,STU00211,SEC00061,2024FA,SCH11,PRG1101,1101-150,01,2024-07-25,Registered,3.0,Audit,First Time,International,SCH11,PRG1101,In Person,27
REG001887,STU00211,SEC00278,2025FA,SCH11,PRG1101,1101-200,02,2025-07-27,Registered,3.0,Audit,First Time,International,SCH11,PRG1101,Hybrid,24
REG001888,STU00211,SEC00277,2025FA,SCH11,PRG1101,1101-150,01,2025-08-16,Registered,3.0,Letter,First Time,International,SCH11,PRG1101,Online,29
REG001889,STU00211,SEC00206,2025SU,SCH11,PRG1101,1101-200,02,2025-04-09,Registered,3.0,Audit,First Time,International,SCH11,PRG1101,In Person,37
REG001890,STU00211,SEC00205,2025SU,SCH11,PRG1101,1101-150,01,2025-04-15,Dropped,0.0,Audit,First Time,International,SCH11,PRG1101,Hybrid,27
REG001891,STU00211,SEC00134,2025WI,SCH11,PRG1101,1101-200,02,2024-12-26,Registered,3.0,Letter,First Time,International,SCH11,PRG1101,Hybrid,41
REG001892,STU00211,SEC00133,2025WI,SCH11,PRG1101,1101-150,01,2025-01-05,Registered,3.0,Audit,First Time,International,SCH11,PRG1101,Online,31
REG001893,STU00211,SEC00421,2026SU,SCH11,PRG1101,1101-150,01,2026-04-29,Registered,3.0,Audit,First Time,International,SCH11,PRG1101,In Person,27
REG001894,STU00211,SEC00422,2026SU,SCH11,PRG1101,1101-200,02,2026-04-30,Registered,3.0,Audit,First Time,International,SCH11,PRG1101,In Person,33
REG001895,STU00211,SEC00349,2026WI,SCH11,PRG1101,1101-150,01,2025-12-16,Registered,3.0,Pass Fail,First Time,International,SCH11,PRG1101,Online,34
REG001896,STU00211,SEC00350,2026WI,SCH11,PRG1101,1101-200,02,2025-12-21,Registered,3.0,Letter,First Time,International,SCH11,PRG1101,Online,25
REG001897,STU00212,SEC00279,2025FA,SCH11,PRG1102,1102-150,01,2025-07-31,Dropped,0.0,Audit,Transfer,In State,SCH11,PRG1102,Hybrid,29
REG001898,STU00212,SEC00280,2025FA,SCH11,PRG1102,1102-200,02,2025-08-11,Registered,3.0,Letter,Transfer,In State,SCH11,PRG1102,Hybrid,39
REG001899,STU00212,SEC00207,2025SU,SCH11,PRG1102,1102-150,01,2025-04-27,Registered,3.0,Letter,Transfer,In State,SCH11,PRG1102,Hybrid,27
REG001900,STU00212,SEC00208,2025SU,SCH11,PRG1102,1102-200,02,2025-05-02,Registered,3.0,Audit,Transfer,In State,SCH11,PRG1102,Hybrid,37
REG001901,STU00212,SEC00135,2025WI,SCH11,PRG1102,1102-150,01,2024-12-15,Registered,3.0,Pass Fail,Transfer,In State,SCH11,PRG1102,In Person,24
REG001902,STU00212,SEC00136,2025WI,SCH11,PRG1102,1102-200,02,2024-12-31,Registered,3.0,Letter,Transfer,In State,SCH11,PRG1102,Online,29
REG001903,STU00213,SEC00209,2025SU,SCH11,PRG1103,1103-150,01,2025-04-20,Registered,3.0,Audit,Transfer,International,SCH11,PRG1103,Online,36
REG001904,STU00213,SEC00210,2025SU,SCH11,PRG1103,1103-200,02,2025-04-20,Registered,3.0,Pass Fail,Transfer,International,SCH11,PRG1103,Hybrid,29
REG001905,STU00213,SEC00138,2025WI,SCH11,PRG1103,1103-200,02,2024-12-28,Dropped,0.0,Pass Fail,Transfer,International,SCH11,PRG1103,Online,24
REG001906,STU00213,SEC00137,2025WI,SCH11,PRG1103,1103-150,01,2024-12-20,Registered,3.0,Pass Fail,Transfer,International,SCH11,PRG1103,In Person,37
REG001907,STU00213,SEC00353,2026WI,SCH11,PRG1103,1103-150,01,2025-12-23,Registered,3.0,Audit,Transfer,International,SCH11,PRG1103,Hybrid,33
REG001908,STU00213,SEC00354,2026WI,SCH11,PRG1103,1103-200,02,2026-01-02,Registered,3.0,Pass Fail,Transfer,International,SCH11,PRG1103,In Person,38
REG001909,STU00214,SEC00067,2024FA,SCH12,PRG1201,1201-150,01,2024-08-04,Registered,3.0,Letter,Continuing,In State,SCH12,PRG1201,In Person,32
REG001910,STU00214,SEC00068,2024FA,SCH12,PRG1201,1201-200,02,2024-08-06,Registered,3.0,Pass Fail,Continuing,In State,SCH12,PRG1201,Hybrid,24
REG001911,STU00214,SEC00211,2025SU,SCH12,PRG1201,1201-150,01,2025-05-03,Registered,3.0,Audit,Continuing,In State,SCH12,PRG1201,Hybrid,36
REG001912,STU00214,SEC00212,2025SU,SCH12,PRG1201,1201-200,02,2025-05-04,Registered,3.0,Audit,Continuing,In State,SCH12,PRG1201,In Person,30
REG001913,STU00214,SEC00139,2025WI,SCH12,PRG1201,1201-150,01,2025-01-02,Registered,3.0,Letter,Continuing,In State,SCH12,PRG1201,Hybrid,42
REG001914,STU00214,SEC00140,2025WI,SCH12,PRG1201,1201-200,02,2024-12-20,Registered,3.0,Letter,Continuing,In State,SCH12,PRG1201,Online,37
REG001915,STU00214,SEC00428,2026SU,SCH12,PRG1201,1201-200,02,2026-04-23,Registered,3.0,Pass Fail,Continuing,In State,SCH12,PRG1201,In Person,36
REG001916,STU00214,SEC00427,2026SU,SCH12,PRG1201,1201-150,01,2026-04-30,Registered,3.0,Letter,Continuing,In State,SCH12,PRG1201,Hybrid,24
REG001917,STU00215,SEC00070,2024FA,SCH12,PRG1202,1202-200,02,2024-08-07,Registered,3.0,Pass Fail,Transfer,In State,SCH12,PRG1202,Online,24
REG001918,STU00215,SEC00069,2024FA,SCH12,PRG1202,1202-150,01,2024-07-25,Registered,3.0,Pass Fail,Transfer,In State,SCH12,PRG1202,In Person,30
REG001919,STU00215,SEC00286,2025FA,SCH12,PRG1202,1202-200,02,2025-08-11,Registered,3.0,Audit,Transfer,In State,SCH12,PRG1202,Online,28
REG001920,STU00215,SEC00285,2025FA,SCH12,PRG1202,1202-150,01,2025-08-14,Registered,3.0,Pass Fail,Transfer,In State,SCH12,PRG1202,In Person,32
REG001921,STU00215,SEC00357,2026WI,SCH12,PRG1202,1202-150,01,2025-12-08,Registered,3.0,Pass Fail,Transfer,In State,SCH12,PRG1202,In Person,38
REG001922,STU00215,SEC00358,2026WI,SCH12,PRG1202,1202-200,02,2025-12-23,Registered,3.0,Letter,Transfer,In State,SCH12,PRG1202,Hybrid,33
REG001923,STU00216,SEC00071,2024FA,SCH12,PRG1203,1203-150,01,2024-08-14,Registered,3.0,Letter,Transfer,International,SCH12,PRG1203,In Person,26
REG001924,STU00216,SEC00072,2024FA,SCH12,PRG1203,1203-200,02,2024-08-11,Registered,3.0,Audit,Transfer,International,SCH12,PRG1203,Hybrid,42
REG001925,STU00216,SEC00287,2025FA,SCH12,PRG1203,1203-150,01,2025-08-02,Registered,3.0,Pass Fail,Transfer,International,SCH12,PRG1203,In Person,30
REG001926,STU00216,SEC00288,2025FA,SCH12,PRG1203,1203-200,02,2025-08-17,Registered,3.0,Pass Fail,Transfer,International,SCH12,PRG1203,In Person,24
REG001927,STU00216,SEC00215,2025SU,SCH12,PRG1203,1203-150,01,2025-04-30,Registered,3.0,Pass Fail,Transfer,International,SCH12,PRG1203,Online,28
REG001928,STU00216,SEC00216,2025SU,SCH12,PRG1203,1203-200,02,2025-04-29,Registered,3.0,Pass Fail,Transfer,International,SCH12,PRG1203,Hybrid,26
REG001929,STU00216,SEC00143,2025WI,SCH12,PRG1203,1203-150,01,2024-12-26,Registered,3.0,Audit,Transfer,International,SCH12,PRG1203,In Person,36
REG001930,STU00216,SEC00144,2025WI,SCH12,PRG1203,1203-200,02,2024-12-23,Registered,3.0,Audit,Transfer,International,SCH12,PRG1203,Online,28
REG001931,STU00216,SEC00431,2026SU,SCH12,PRG1203,1203-150,01,2026-04-17,Registered,3.0,Pass Fail,Transfer,International,SCH12,PRG1203,Online,37
REG001932,STU00216,SEC00432,2026SU,SCH12,PRG1203,1203-200,02,2026-04-16,Registered,3.0,Pass Fail,Transfer,International,SCH12,PRG1203,Online,33
REG001933,STU00216,SEC00359,2026WI,SCH12,PRG1203,1203-150,01,2025-12-31,Registered,3.0,Audit,Transfer,International,SCH12,PRG1203,Hybrid,41
REG001934,STU00216,SEC00360,2026WI,SCH12,PRG1203,1203-200,02,2025-12-31,Registered,3.0,Letter,Transfer,International,SCH12,PRG1203,Hybrid,28
REG001935,STU00217,SEC00217,2025FA,SCH01,PRG0101,0101-150,01,2025-08-16,Registered,3.0,Letter,Transfer,In State,SCH01,PRG0101,In Person,41
REG001936,STU00217,SEC00218,2025FA,SCH01,PRG0101,0101-200,02,2025-07-25,Registered,3.0,Letter,Transfer,In State,SCH01,PRG0101,Online,36
REG001937,STU00217,SEC00073,2025WI,SCH01,PRG0101,0101-150,01,2025-01-04,Dropped,0.0,Audit,Transfer,In State,SCH01,PRG0101,Online,30
REG001938,STU00217,SEC00074,2025WI,SCH01,PRG0101,0101-200,02,2024-12-25,Withdrawn,3.0,Audit,Transfer,In State,SCH01,PRG0101,In Person,32
REG001939,STU00217,SEC00362,2026SU,SCH01,PRG0101,0101-200,02,2026-04-20,Registered,3.0,Pass Fail,Transfer,In State,SCH01,PRG0101,Online,26
REG001940,STU00217,SEC00361,2026SU,SCH01,PRG0101,0101-150,01,2026-04-26,Registered,3.0,Letter,Transfer,In State,SCH01,PRG0101,In Person,29
REG001941,STU00217,SEC00289,2026WI,SCH01,PRG0101,0101-150,01,2025-12-14,Withdrawn,3.0,Letter,Transfer,In State,SCH01,PRG0101,Online,33
REG001942,STU00217,SEC00290,2026WI,SCH01,PRG0101,0101-200,02,2025-12-09,Registered,3.0,Letter,Transfer,In State,SCH01,PRG0101,In Person,31
REG001943,STU00218,SEC00004,2024FA,SCH01,PRG0102,0102-200,02,2024-08-02,Dropped,0.0,Letter,First Time,International,SCH01,PRG0102,Hybrid,38
REG001944,STU00218,SEC00003,2024FA,SCH01,PRG0102,0102-150,01,2024-08-14,Registered,3.0,Letter,First Time,International,SCH01,PRG0102,Hybrid,42
REG001945,STU00218,SEC00219,2025FA,SCH01,PRG0102,0102-150,01,2025-08-02,Withdrawn,3.0,Letter,First Time,International,SCH01,PRG0102,Online,38
REG001946,STU00218,SEC00220,2025FA,SCH01,PRG0102,0102-200,02,2025-07-31,Registered,3.0,Pass Fail,First Time,International,SCH01,PRG0102,Online,25
REG001947,STU00218,SEC00148,2025SU,SCH01,PRG0102,0102-200,02,2025-04-10,Registered,3.0,Pass Fail,First Time,International,SCH01,PRG0102,Hybrid,26
REG001948,STU00218,SEC00147,2025SU,SCH01,PRG0102,0102-150,01,2025-04-12,Withdrawn,3.0,Pass Fail,First Time,International,SCH01,PRG0102,In Person,36
REG001949,STU00218,SEC00076,2025WI,SCH01,PRG0102,0102-200,02,2024-12-17,Registered,3.0,Pass Fail,First Time,International,SCH01,PRG0102,Online,25
REG001950,STU00218,SEC00075,2025WI,SCH01,PRG0102,0102-150,01,2024-12-26,Withdrawn,3.0,Audit,First Time,International,SCH01,PRG0102,Hybrid,25
REG001951,STU00218,SEC00364,2026SU,SCH01,PRG0102,0102-200,02,2026-04-26,Registered,3.0,Pass Fail,First Time,International,SCH01,PRG0102,In Person,32
REG001952,STU00218,SEC00363,2026SU,SCH01,PRG0102,0102-150,01,2026-04-10,Registered,3.0,Letter,First Time,International,SCH01,PRG0102,Hybrid,25
REG001953,STU00218,SEC00292,2026WI,SCH01,PRG0102,0102-200,02,2025-12-20,Registered,3.0,Audit,First Time,International,SCH01,PRG0102,In Person,34
REG001954,STU00218,SEC00291,2026WI,SCH01,PRG0102,0102-150,01,2025-12-08,Registered,3.0,Pass Fail,First Time,International,SCH01,PRG0102,In Person,31
REG001955,STU00219,SEC00221,2025FA,SCH01,PRG0103,0103-150,01,2025-08-11,Registered,3.0,Letter,Transfer,Out of State,SCH01,PRG0103,Online,27
REG001956,STU00219,SEC00222,2025FA,SCH01,PRG0103,0103-200,02,2025-08-12,Registered,3.0,Audit,Transfer,Out of State,SCH01,PRG0103,Online,38
REG001957,STU00219,SEC00150,2025SU,SCH01,PRG0103,0103-200,02,2025-04-11,Registered,3.0,Letter,Transfer,Out of State,SCH01,PRG0103,Online,40
REG001958,STU00219,SEC00149,2025SU,SCH01,PRG0103,0103-150,01,2025-04-29,Registered,3.0,Audit,Transfer,Out of State,SCH01,PRG0103,Online,25
REG001959,STU00219,SEC00078,2025WI,SCH01,PRG0103,0103-200,02,2024-12-29,Registered,3.0,Audit,Transfer,Out of State,SCH01,PRG0103,Online,35
REG001960,STU00219,SEC00077,2025WI,SCH01,PRG0103,0103-150,01,2024-12-29,Registered,3.0,Letter,Transfer,Out of State,SCH01,PRG0103,In Person,40
REG001961,STU00219,SEC00366,2026SU,SCH01,PRG0103,0103-200,02,2026-04-12,Registered,3.0,Audit,Transfer,Out of State,SCH01,PRG0103,Hybrid,29
REG001962,STU00219,SEC00365,2026SU,SCH01,PRG0103,0103-150,01,2026-04-30,Registered,3.0,Audit,Transfer,Out of State,SCH01,PRG0103,In Person,39
REG001963,STU00220,SEC00008,2024FA,SCH02,PRG0201,0201-200,02,2024-08-11,Registered,3.0,Audit,Graduate,Out of State,SCH02,PRG0201,In Person,25
REG001964,STU00220,SEC00007,2024FA,SCH02,PRG0201,0201-150,01,2024-08-03,Registered,3.0,Letter,Graduate,Out of State,SCH02,PRG0201,Online,26
REG001965,STU00220,SEC00223,2025FA,SCH02,PRG0201,0201-150,01,2025-08-02,Dropped,0.0,Audit,Graduate,Out of State,SCH02,PRG0201,Hybrid,30
REG001966,STU00220,SEC00224,2025FA,SCH02,PRG0201,0201-200,02,2025-07-28,Registered,3.0,Pass Fail,Graduate,Out of State,SCH02,PRG0201,Hybrid,41
REG001967,STU00220,SEC00151,2025SU,SCH02,PRG0201,0201-150,01,2025-04-19,Registered,3.0,Letter,Graduate,Out of State,SCH02,PRG0201,Hybrid,30
REG001968,STU00220,SEC00152,2025SU,SCH02,PRG0201,0201-200,02,2025-04-23,Registered,3.0,Audit,Graduate,Out of State,SCH02,PRG0201,Hybrid,27
REG001969,STU00220,SEC00080,2025WI,SCH02,PRG0201,0201-200,02,2024-12-26,Registered,3.0,Audit,Graduate,Out of State,SCH02,PRG0201,Hybrid,32
REG001970,STU00220,SEC00079,2025WI,SCH02,PRG0201,0201-150,01,2024-12-14,Registered,3.0,Audit,Graduate,Out of State,SCH02,PRG0201,Online,26
REG001971,STU00220,SEC00368,2026SU,SCH02,PRG0201,0201-200,02,2026-04-14,Registered,3.0,Audit,Graduate,Out of State,SCH02,PRG0201,Online,33
REG001972,STU00220,SEC00367,2026SU,SCH02,PRG0201,0201-150,01,2026-04-17,Registered,3.0,Pass Fail,Graduate,Out of State,SCH02,PRG0201,Online,26
REG001973,STU00221,SEC00010,2024FA,SCH02,PRG0202,0202-200,02,2024-08-04,Dropped,0.0,Letter,First Time,International,SCH02,PRG0202,Hybrid,37
REG001974,STU00221,SEC00009,2024FA,SCH02,PRG0202,0202-150,01,2024-07-27,Registered,3.0,Audit,First Time,International,SCH02,PRG0202,In Person,29
REG001975,STU00221,SEC00153,2025SU,SCH02,PRG0202,0202-150,01,2025-04-16,Registered,3.0,Audit,First Time,International,SCH02,PRG0202,Hybrid,29
REG001976,STU00221,SEC00154,2025SU,SCH02,PRG0202,0202-200,02,2025-04-23,Registered,3.0,Audit,First Time,International,SCH02,PRG0202,Online,35
REG001977,STU00221,SEC00370,2026SU,SCH02,PRG0202,0202-200,02,2026-04-27,Registered,3.0,Pass Fail,First Time,International,SCH02,PRG0202,Hybrid,40
REG001978,STU00221,SEC00369,2026SU,SCH02,PRG0202,0202-150,01,2026-04-24,Registered,3.0,Pass Fail,First Time,International,SCH02,PRG0202,Online,41
REG001979,STU00221,SEC00298,2026WI,SCH02,PRG0202,0202-200,02,2025-12-15,Dropped,0.0,Letter,First Time,International,SCH02,PRG0202,In Person,39
REG001980,STU00221,SEC00297,2026WI,SCH02,PRG0202,0202-150,01,2025-12-10,Registered,3.0,Pass Fail,First Time,International,SCH02,PRG0202,In Person,24
REG001981,STU00222,SEC00012,2024FA,SCH02,PRG0203,0203-200,02,2024-08-15,Withdrawn,3.0,Audit,First Time,International,SCH02,PRG0203,Hybrid,26
REG001982,STU00222,SEC00011,2024FA,SCH02,PRG0203,0203-150,01,2024-08-14,Registered,3.0,Audit,First Time,International,SCH02,PRG0203,Online,38
REG001983,STU00222,SEC00228,2025FA,SCH02,PRG0203,0203-200,02,2025-08-16,Registered,3.0,Pass Fail,First Time,International,SCH02,PRG0203,Online,35
REG001984,STU00222,SEC00227,2025FA,SCH02,PRG0203,0203-150,01,2025-07-31,Registered,3.0,Audit,First Time,International,SCH02,PRG0203,Online,25
REG001985,STU00222,SEC00155,2025SU,SCH02,PRG0203,0203-150,01,2025-04-27,Registered,3.0,Letter,First Time,International,SCH02,PRG0203,Hybrid,27
REG001986,STU00222,SEC00156,2025SU,SCH02,PRG0203,0203-200,02,2025-04-09,Registered,3.0,Pass Fail,First Time,International,SCH02,PRG0203,Online,24
REG001987,STU00223,SEC00229,2025FA,SCH03,PRG0301,0301-150,01,2025-07-21,Registered,3.0,Letter,First Time,In State,SCH03,PRG0301,Hybrid,42
REG001988,STU00223,SEC00230,2025FA,SCH03,PRG0301,0301-200,02,2025-07-28,Registered,3.0,Letter,First Time,In State,SCH03,PRG0301,Hybrid,30
REG001989,STU00223,SEC00157,2025SU,SCH03,PRG0301,0301-150,01,2025-04-23,Registered,3.0,Audit,First Time,In State,SCH03,PRG0301,Hybrid,27
REG001990,STU00223,SEC00158,2025SU,SCH03,PRG0301,0301-200,02,2025-04-07,Registered,3.0,Audit,First Time,In State,SCH03,PRG0301,Hybrid,40
REG001991,STU00223,SEC00086,2025WI,SCH03,PRG0301,0301-200,02,2024-12-17,Registered,3.0,Letter,First Time,In State,SCH03,PRG0301,Hybrid,31
REG001992,STU00223,SEC00085,2025WI,SCH03,PRG0301,0301-150,01,2024-12-18,Registered,3.0,Audit,First Time,In State,SCH03,PRG0301,Hybrid,41
REG001993,STU00223,SEC00301,2026WI,SCH03,PRG0301,0301-150,01,2026-01-04,Registered,3.0,Pass Fail,First Time,In State,SCH03,PRG0301,In Person,36
REG001994,STU00223,SEC00302,2026WI,SCH03,PRG0301,0301-200,02,2025-12-22,Registered,3.0,Pass Fail,First Time,In State,SCH03,PRG0301,In Person,33
REG001995,STU00224,SEC00015,2024FA,SCH03,PRG0302,0302-150,01,2024-07-25,Registered,3.0,Audit,Transfer,In State,SCH03,PRG0302,Hybrid,26
REG001996,STU00224,SEC00016,2024FA,SCH03,PRG0302,0302-200,02,2024-08-09,Withdrawn,3.0,Audit,Transfer,In State,SCH03,PRG0302,Hybrid,33
REG001997,STU00224,SEC00232,2025FA,SCH03,PRG0302,0302-200,02,2025-08-15,Registered,3.0,Audit,Transfer,In State,SCH03,PRG0302,Online,37
REG001998,STU00224,SEC00231,2025FA,SCH03,PRG0302,0302-150,01,2025-07-24,Registered,3.0,Letter,Transfer,In State,SCH03,PRG0302,Hybrid,29
REG001999,STU00224,SEC00087,2025WI,SCH03,PRG0302,0302-150,01,2024-12-24,Registered,3.0,Letter,Transfer,In State,SCH03,PRG0302,In Person,41
REG002000,STU00224,SEC00088,2025WI,SCH03,PRG0302,0302-200,02,2025-01-03,Registered,3.0,Audit,Transfer,In State,SCH03,PRG0302,In Person,39
REG002001,STU00224,SEC00375,2026SU,SCH03,PRG0302,0302-150,01,2026-04-06,Registered,3.0,Audit,Transfer,In State,SCH03,PRG0302,In Person,28
REG002002,STU00224,SEC00376,2026SU,SCH03,PRG0302,0302-200,02,2026-04-11,Registered,3.0,Audit,Transfer,In State,SCH03,PRG0302,Online,25
REG002003,STU00224,SEC00303,2026WI,SCH03,PRG0302,0302-150,01,2025-12-16,Registered,3.0,Letter,Transfer,In State,SCH03,PRG0302,In Person,33
REG002004,STU00224,SEC00304,2026WI,SCH03,PRG0302,0302-200,02,2025-12-26,Registered,3.0,Pass Fail,Transfer,In State,SCH03,PRG0302,In Person,34
REG002005,STU00225,SEC00233,2025FA,SCH03,PRG0303,0303-150,01,2025-07-31,Registered,3.0,Letter,Graduate,Out of State,SCH03,PRG0303,In Person,26
REG002006,STU00225,SEC00234,2025FA,SCH03,PRG0303,0303-200,02,2025-08-17,Registered,3.0,Audit,Graduate,Out of State,SCH03,PRG0303,Online,28
REG002007,STU00225,SEC00089,2025WI,SCH03,PRG0303,0303-150,01,2024-12-21,Registered,3.0,Audit,Graduate,Out of State,SCH03,PRG0303,Hybrid,29
REG002008,STU00225,SEC00090,2025WI,SCH03,PRG0303,0303-200,02,2024-12-14,Dropped,0.0,Audit,Graduate,Out of State,SCH03,PRG0303,Online,24
REG002009,STU00225,SEC00377,2026SU,SCH03,PRG0303,0303-150,01,2026-04-11,Registered,3.0,Letter,Graduate,Out of State,SCH03,PRG0303,Hybrid,33
REG002010,STU00225,SEC00378,2026SU,SCH03,PRG0303,0303-200,02,2026-04-14,Registered,3.0,Pass Fail,Graduate,Out of State,SCH03,PRG0303,Online,27
REG002011,STU00226,SEC00236,2025FA,SCH04,PRG0401,0401-200,02,2025-08-02,Registered,3.0,Letter,Transfer,In State,SCH04,PRG0401,In Person,34
REG002012,STU00226,SEC00235,2025FA,SCH04,PRG0401,0401-150,01,2025-07-29,Registered,3.0,Pass Fail,Transfer,In State,SCH04,PRG0401,In Person,34
REG002013,STU00226,SEC00092,2025WI,SCH04,PRG0401,0401-200,02,2024-12-30,Registered,3.0,Letter,Transfer,In State,SCH04,PRG0401,Hybrid,27
REG002014,STU00226,SEC00091,2025WI,SCH04,PRG0401,0401-150,01,2024-12-24,Registered,3.0,Audit,Transfer,In State,SCH04,PRG0401,Online,25
REG002015,STU00226,SEC00380,2026SU,SCH04,PRG0401,0401-200,02,2026-04-18,Registered,3.0,Letter,Transfer,In State,SCH04,PRG0401,Hybrid,32
REG002016,STU00226,SEC00379,2026SU,SCH04,PRG0401,0401-150,01,2026-05-03,Registered,3.0,Pass Fail,Transfer,In State,SCH04,PRG0401,In Person,24
REG002017,STU00226,SEC00307,2026WI,SCH04,PRG0401,0401-150,01,2025-12-26,Registered,3.0,Audit,Transfer,In State,SCH04,PRG0401,In Person,37
REG002018,STU00226,SEC00308,2026WI,SCH04,PRG0401,0401-200,02,2025-12-31,Registered,3.0,Pass Fail,Transfer,In State,SCH04,PRG0401,In Person,37
REG002019,STU00227,SEC00022,2024FA,SCH04,PRG0402,0402-200,02,2024-07-23,Registered,3.0,Audit,First Time,Out of State,SCH04,PRG0402,Online,40
REG002020,STU00227,SEC00021,2024FA,SCH04,PRG0402,0402-150,01,2024-07-26,Registered,3.0,Letter,First Time,Out of State,SCH04,PRG0402,Online,37
REG002021,STU00227,SEC00238,2025FA,SCH04,PRG0402,0402-200,02,2025-08-07,Withdrawn,3.0,Audit,First Time,Out of State,SCH04,PRG0402,Hybrid,30
REG002022,STU00227,SEC00237,2025FA,SCH04,PRG0402,0402-150,01,2025-07-29,Registered,3.0,Audit,First Time,Out of State,SCH04,PRG0402,In Person,26
REG002023,STU00227,SEC00165,2025SU,SCH04,PRG0402,0402-150,01,2025-05-01,Registered,3.0,Pass Fail,First Time,Out of State,SCH04,PRG0402,In Person,25
REG002024,STU00227,SEC00166,2025SU,SCH04,PRG0402,0402-200,02,2025-04-09,Registered,3.0,Audit,First Time,Out of State,SCH04,PRG0402,In Person,34
REG002025,STU00227,SEC00093,2025WI,SCH04,PRG0402,0402-150,01,2024-12-27,Registered,3.0,Pass Fail,First Time,Out of State,SCH04,PRG0402,Hybrid,38
REG002026,STU00227,SEC00094,2025WI,SCH04,PRG0402,0402-200,02,2024-12-30,Registered,3.0,Pass Fail,First Time,Out of State,SCH04,PRG0402,In Person,34
REG002027,STU00227,SEC00381,2026SU,SCH04,PRG0402,0402-150,01,2026-04-14,Registered,3.0,Audit,First Time,Out of State,SCH04,PRG0402,Hybrid,27
REG002028,STU00227,SEC00382,2026SU,SCH04,PRG0402,0402-200,02,2026-04-25,Registered,3.0,Pass Fail,First Time,Out of State,SCH04,PRG0402,Hybrid,34
REG002029,STU00227,SEC00310,2026WI,SCH04,PRG0402,0402-200,02,2025-12-09,Registered,3.0,Audit,First Time,Out of State,SCH04,PRG0402,Hybrid,34
REG002030,STU00227,SEC00309,2026WI,SCH04,PRG0402,0402-150,01,2025-12-23,Registered,3.0,Letter,First Time,Out of State,SCH04,PRG0402,Hybrid,29
REG002031,STU00228,SEC00024,2024FA,SCH04,PRG0403,0403-200,02,2024-08-11,Registered,3.0,Letter,Continuing,International,SCH04,PRG0403,In Person,24
REG002032,STU00228,SEC00023,2024FA,SCH04,PRG0403,0403-150,01,2024-08-08,Registered,3.0,Audit,Continuing,International,SCH04,PRG0403,In Person,36
REG002033,STU00228,SEC00240,2025FA,SCH04,PRG0403,0403-200,02,2025-07-25,Registered,3.0,Letter,Continuing,International,SCH04,PRG0403,Online,37
REG002034,STU00228,SEC00239,2025FA,SCH04,PRG0403,0403-150,01,2025-08-06,Registered,3.0,Pass Fail,Continuing,International,SCH04,PRG0403,Hybrid,41
REG002035,STU00228,SEC00095,2025WI,SCH04,PRG0403,0403-150,01,2024-12-29,Registered,3.0,Pass Fail,Continuing,International,SCH04,PRG0403,In Person,35
REG002036,STU00228,SEC00096,2025WI,SCH04,PRG0403,0403-200,02,2024-12-18,Registered,3.0,Audit,Continuing,International,SCH04,PRG0403,In Person,41
REG002037,STU00229,SEC00241,2025FA,SCH05,PRG0501,0501-150,01,2025-07-23,Registered,3.0,Pass Fail,Transfer,Out of State,SCH05,PRG0501,Hybrid,42
REG002038,STU00229,SEC00242,2025FA,SCH05,PRG0501,0501-200,02,2025-08-08,Registered,3.0,Pass Fail,Transfer,Out of State,SCH05,PRG0501,Online,41
REG002039,STU00229,SEC00170,2025SU,SCH05,PRG0501,0501-200,02,2025-04-21,Registered,3.0,Pass Fail,Transfer,Out of State,SCH05,PRG0501,Online,34
REG002040,STU00229,SEC00169,2025SU,SCH05,PRG0501,0501-150,01,2025-05-03,Registered,3.0,Letter,Transfer,Out of State,SCH05,PRG0501,Online,28
REG002041,STU00229,SEC00098,2025WI,SCH05,PRG0501,0501-200,02,2024-12-18,Registered,3.0,Letter,Transfer,Out of State,SCH05,PRG0501,Hybrid,39
REG002042,STU00229,SEC00097,2025WI,SCH05,PRG0501,0501-150,01,2024-12-20,Dropped,0.0,Letter,Transfer,Out of State,SCH05,PRG0501,Online,27
REG002043,STU00229,SEC00314,2026WI,SCH05,PRG0501,0501-200,02,2025-12-25,Registered,3.0,Pass Fail,Transfer,Out of State,SCH05,PRG0501,Hybrid,34
REG002044,STU00229,SEC00313,2026WI,SCH05,PRG0501,0501-150,01,2025-12-20,Registered,3.0,Pass Fail,Transfer,Out of State,SCH05,PRG0501,Hybrid,37
REG002045,STU00230,SEC00244,2025FA,SCH05,PRG0502,0502-200,02,2025-07-27,Registered,3.0,Letter,First Time,In State,SCH05,PRG0502,Hybrid,38
REG002046,STU00230,SEC00243,2025FA,SCH05,PRG0502,0502-150,01,2025-08-15,Registered,3.0,Audit,First Time,In State,SCH05,PRG0502,In Person,29
REG002047,STU00230,SEC00172,2025SU,SCH05,PRG0502,0502-200,02,2025-04-11,Registered,3.0,Letter,First Time,In State,SCH05,PRG0502,Online,28
REG002048,STU00230,SEC00171,2025SU,SCH05,PRG0502,0502-150,01,2025-04-25,Registered,3.0,Audit,First Time,In State,SCH05,PRG0502,Hybrid,38
REG002049,STU00230,SEC00099,2025WI,SCH05,PRG0502,0502-150,01,2024-12-26,Registered,3.0,Letter,First Time,In State,SCH05,PRG0502,Online,41
REG002050,STU00230,SEC00100,2025WI,SCH05,PRG0502,0502-200,02,2024-12-10,Registered,3.0,Pass Fail,First Time,In State,SCH05,PRG0502,Hybrid,33
REG002051,STU00230,SEC00388,2026SU,SCH05,PRG0502,0502-200,02,2026-04-06,Dropped,0.0,Audit,First Time,In State,SCH05,PRG0502,Online,42
REG002052,STU00230,SEC00387,2026SU,SCH05,PRG0502,0502-150,01,2026-04-20,Registered,3.0,Letter,First Time,In State,SCH05,PRG0502,In Person,35
REG002053,STU00230,SEC00315,2026WI,SCH05,PRG0502,0502-150,01,2025-12-10,Registered,3.0,Letter,First Time,In State,SCH05,PRG0502,Online,27
REG002054,STU00230,SEC00316,2026WI,SCH05,PRG0502,0502-200,02,2026-01-01,Registered,3.0,Pass Fail,First Time,In State,SCH05,PRG0502,Online,33
REG002055,STU00231,SEC00245,2025FA,SCH05,PRG0503,0503-150,01,2025-07-24,Registered,3.0,Pass Fail,Continuing,International,SCH05,PRG0503,In Person,42
REG002056,STU00231,SEC00246,2025FA,SCH05,PRG0503,0503-200,02,2025-07-27,Registered,3.0,Letter,Continuing,International,SCH05,PRG0503,In Person,24
REG002057,STU00231,SEC00174,2025SU,SCH05,PRG0503,0503-200,02,2025-05-03,Registered,3.0,Audit,Continuing,International,SCH05,PRG0503,Online,41
REG002058,STU00231,SEC00173,2025SU,SCH05,PRG0503,0503-150,01,2025-04-11,Registered,3.0,Letter,Continuing,International,SCH05,PRG0503,Online,26
REG002059,STU00231,SEC00390,2026SU,SCH05,PRG0503,0503-200,02,2026-05-03,Registered,3.0,Pass Fail,Continuing,International,SCH05,PRG0503,Online,25
REG002060,STU00231,SEC00389,2026SU,SCH05,PRG0503,0503-150,01,2026-04-09,Registered,3.0,Audit,Continuing,International,SCH05,PRG0503,In Person,38
REG002061,STU00231,SEC00317,2026WI,SCH05,PRG0503,0503-150,01,2026-01-04,Registered,3.0,Letter,Continuing,International,SCH05,PRG0503,Online,27
REG002062,STU00231,SEC00318,2026WI,SCH05,PRG0503,0503-200,02,2025-12-23,Registered,3.0,Letter,Continuing,International,SCH05,PRG0503,Hybrid,27
REG002063,STU00232,SEC00031,2024FA,SCH06,PRG0601,0601-150,01,2024-08-07,Registered,3.0,Letter,Transfer,Out of State,SCH06,PRG0601,Online,36
REG002064,STU00232,SEC00032,2024FA,SCH06,PRG0601,0601-200,02,2024-08-13,Registered,3.0,Letter,Transfer,Out of State,SCH06,PRG0601,Hybrid,31
REG002065,STU00232,SEC00247,2025FA,SCH06,PRG0601,0601-150,01,2025-08-17,Registered,3.0,Audit,Transfer,Out of State,SCH06,PRG0601,Hybrid,41
REG002066,STU00232,SEC00248,2025FA,SCH06,PRG0601,0601-200,02,2025-08-14,Withdrawn,3.0,Letter,Transfer,Out of State,SCH06,PRG0601,Online,34
REG002067,STU00232,SEC00175,2025SU,SCH06,PRG0601,0601-150,01,2025-04-26,Registered,3.0,Letter,Transfer,Out of State,SCH06,PRG0601,Hybrid,24
REG002068,STU00232,SEC00176,2025SU,SCH06,PRG0601,0601-200,02,2025-04-24,Withdrawn,3.0,Audit,Transfer,Out of State,SCH06,PRG0601,Hybrid,36
REG002069,STU00233,SEC00033,2024FA,SCH06,PRG0602,0602-150,01,2024-08-18,Registered,3.0,Pass Fail,Continuing,In State,SCH06,PRG0602,Hybrid,41
REG002070,STU00233,SEC00034,2024FA,SCH06,PRG0602,0602-200,02,2024-08-17,Registered,3.0,Letter,Continuing,In State,SCH06,PRG0602,In Person,35
REG002071,STU00233,SEC00249,2025FA,SCH06,PRG0602,0602-150,01,2025-08-07,Registered,3.0,Pass Fail,Continuing,In State,SCH06,PRG0602,Hybrid,30
REG002072,STU00233,SEC00250,2025FA,SCH06,PRG0602,0602-200,02,2025-08-11,Withdrawn,3.0,Pass Fail,Continuing,In State,SCH06,PRG0602,Online,33
REG002073,STU00233,SEC00105,2025WI,SCH06,PRG0602,0602-150,01,2024-12-11,Registered,3.0,Audit,Continuing,In State,SCH06,PRG0602,Hybrid,25
REG002074,STU00233,SEC00106,2025WI,SCH06,PRG0602,0602-200,02,2025-01-04,Registered,3.0,Pass Fail,Continuing,In State,SCH06,PRG0602,Hybrid,36
REG002075,STU00233,SEC00393,2026SU,SCH06,PRG0602,0602-150,01,2026-05-01,Registered,3.0,Letter,Continuing,In State,SCH06,PRG0602,Online,40
REG002076,STU00233,SEC00394,2026SU,SCH06,PRG0602,0602-200,02,2026-04-20,Registered,3.0,Pass Fail,Continuing,In State,SCH06,PRG0602,In Person,24
REG002077,STU00234,SEC00036,2024FA,SCH06,PRG0603,0603-200,02,2024-08-05,Registered,3.0,Pass Fail,Graduate,International,SCH06,PRG0603,In Person,24
REG002078,STU00234,SEC00035,2024FA,SCH06,PRG0603,0603-150,01,2024-08-11,Registered,3.0,Letter,Graduate,International,SCH06,PRG0603,Hybrid,39
REG002079,STU00234,SEC00252,2025FA,SCH06,PRG0603,0603-200,02,2025-08-15,Registered,3.0,Letter,Graduate,International,SCH06,PRG0603,Online,35
REG002080,STU00234,SEC00251,2025FA,SCH06,PRG0603,0603-150,01,2025-07-26,Registered,3.0,Letter,Graduate,International,SCH06,PRG0603,Hybrid,33
REG002081,STU00234,SEC00179,2025SU,SCH06,PRG0603,0603-150,01,2025-04-16,Registered,3.0,Audit,Graduate,International,SCH06,PRG0603,Hybrid,38
REG002082,STU00234,SEC00180,2025SU,SCH06,PRG0603,0603-200,02,2025-04-23,Registered,3.0,Pass Fail,Graduate,International,SCH06,PRG0603,Online,34
REG002083,STU00234,SEC00108,2025WI,SCH06,PRG0603,0603-200,02,2024-12-14,Registered,3.0,Letter,Graduate,International,SCH06,PRG0603,In Person,32
REG002084,STU00234,SEC00107,2025WI,SCH06,PRG0603,0603-150,01,2024-12-17,Registered,3.0,Audit,Graduate,International,SCH06,PRG0603,In Person,31
REG002085,STU00234,SEC00395,2026SU,SCH06,PRG0603,0603-150,01,2026-04-07,Registered,3.0,Pass Fail,Graduate,International,SCH06,PRG0603,Hybrid,42
REG002086,STU00234,SEC00396,2026SU,SCH06,PRG0603,0603-200,02,2026-04-25,Registered,3.0,Letter,Graduate,International,SCH06,PRG0603,Hybrid,30
REG002087,STU00234,SEC00324,2026WI,SCH06,PRG0603,0603-200,02,2025-12-20,Withdrawn,3.0,Audit,Graduate,International,SCH06,PRG0603,Hybrid,28
REG002088,STU00234,SEC00323,2026WI,SCH06,PRG0603,0603-150,01,2025-12-25,Registered,3.0,Pass Fail,Graduate,International,SCH06,PRG0603,Online,37
REG002089,STU00235,SEC00038,2024FA,SCH07,PRG0701,0701-200,02,2024-08-18,Withdrawn,3.0,Letter,Graduate,Out of State,SCH07,PRG0701,In Person,42
REG002090,STU00235,SEC00037,2024FA,SCH07,PRG0701,0701-150,01,2024-08-15,Registered,3.0,Pass Fail,Graduate,Out of State,SCH07,PRG0701,Hybrid,41
REG002091,STU00235,SEC00254,2025FA,SCH07,PRG0701,0701-200,02,2025-08-14,Registered,3.0,Audit,Graduate,Out of State,SCH07,PRG0701,In Person,25
REG002092,STU00235,SEC00253,2025FA,SCH07,PRG0701,0701-150,01,2025-08-12,Registered,3.0,Letter,Graduate,Out of State,SCH07,PRG0701,In Person,26
REG002093,STU00235,SEC00182,2025SU,SCH07,PRG0701,0701-200,02,2025-04-25,Withdrawn,3.0,Audit,Graduate,Out of State,SCH07,PRG0701,Hybrid,41
REG002094,STU00235,SEC00181,2025SU,SCH07,PRG0701,0701-150,01,2025-04-30,Registered,3.0,Audit,Graduate,Out of State,SCH07,PRG0701,Hybrid,40
REG002095,STU00235,SEC00109,2025WI,SCH07,PRG0701,0701-150,01,2024-12-21,Registered,3.0,Audit,Graduate,Out of State,SCH07,PRG0701,Online,28
REG002096,STU00235,SEC00110,2025WI,SCH07,PRG0701,0701-200,02,2025-01-05,Registered,3.0,Audit,Graduate,Out of State,SCH07,PRG0701,Hybrid,28
REG002097,STU00235,SEC00326,2026WI,SCH07,PRG0701,0701-200,02,2025-12-29,Registered,3.0,Letter,Graduate,Out of State,SCH07,PRG0701,In Person,25
REG002098,STU00235,SEC00325,2026WI,SCH07,PRG0701,0701-150,01,2025-12-09,Registered,3.0,Audit,Graduate,Out of State,SCH07,PRG0701,In Person,36
REG002099,STU00236,SEC00039,2024FA,SCH07,PRG0702,0702-150,01,2024-08-16,Registered,3.0,Pass Fail,Continuing,In State,SCH07,PRG0702,Online,26
REG002100,STU00236,SEC00040,2024FA,SCH07,PRG0702,0702-200,02,2024-07-31,Registered,3.0,Audit,Continuing,In State,SCH07,PRG0702,In Person,26
REG002101,STU00236,SEC00255,2025FA,SCH07,PRG0702,0702-150,01,2025-08-11,Registered,3.0,Audit,Continuing,In State,SCH07,PRG0702,In Person,25
REG002102,STU00236,SEC00256,2025FA,SCH07,PRG0702,0702-200,02,2025-07-31,Registered,3.0,Audit,Continuing,In State,SCH07,PRG0702,In Person,36
REG002103,STU00236,SEC00184,2025SU,SCH07,PRG0702,0702-200,02,2025-04-27,Registered,3.0,Audit,Continuing,In State,SCH07,PRG0702,Hybrid,41
REG002104,STU00236,SEC00183,2025SU,SCH07,PRG0702,0702-150,01,2025-04-27,Registered,3.0,Letter,Continuing,In State,SCH07,PRG0702,Hybrid,36
REG002105,STU00236,SEC00112,2025WI,SCH07,PRG0702,0702-200,02,2024-12-19,Withdrawn,3.0,Letter,Continuing,In State,SCH07,PRG0702,Online,40
REG002106,STU00236,SEC00111,2025WI,SCH07,PRG0702,0702-150,01,2025-01-04,Registered,3.0,Pass Fail,Continuing,In State,SCH07,PRG0702,In Person,26
REG002107,STU00237,SEC00042,2024FA,SCH07,PRG0703,0703-200,02,2024-08-03,Registered,3.0,Audit,Continuing,In State,SCH07,PRG0703,Online,38
REG002108,STU00237,SEC00041,2024FA,SCH07,PRG0703,0703-150,01,2024-07-28,Registered,3.0,Letter,Continuing,In State,SCH07,PRG0703,In Person,39
REG002109,STU00237,SEC00258,2025FA,SCH07,PRG0703,0703-200,02,2025-07-31,Registered,3.0,Letter,Continuing,In State,SCH07,PRG0703,In Person,28
REG002110,STU00237,SEC00257,2025FA,SCH07,PRG0703,0703-150,01,2025-08-16,Registered,3.0,Pass Fail,Continuing,In State,SCH07,PRG0703,Hybrid,31
REG002111,STU00237,SEC00185,2025SU,SCH07,PRG0703,0703-150,01,2025-04-26,Registered,3.0,Audit,Continuing,In State,SCH07,PRG0703,In Person,36
REG002112,STU00237,SEC00186,2025SU,SCH07,PRG0703,0703-200,02,2025-04-21,Registered,3.0,Letter,Continuing,In State,SCH07,PRG0703,In Person,42
REG002113,STU00237,SEC00113,2025WI,SCH07,PRG0703,0703-150,01,2024-12-27,Registered,3.0,Pass Fail,Continuing,In State,SCH07,PRG0703,Hybrid,26
REG002114,STU00237,SEC00114,2025WI,SCH07,PRG0703,0703-200,02,2024-12-20,Registered,3.0,Letter,Continuing,In State,SCH07,PRG0703,Hybrid,26
REG002115,STU00237,SEC00401,2026SU,SCH07,PRG0703,0703-150,01,2026-04-09,Registered,3.0,Audit,Continuing,In State,SCH07,PRG0703,In Person,36
REG002116,STU00237,SEC00402,2026SU,SCH07,PRG0703,0703-200,02,2026-04-29,Registered,3.0,Pass Fail,Continuing,In State,SCH07,PRG0703,In Person,42
REG002117,STU00237,SEC00329,2026WI,SCH07,PRG0703,0703-150,01,2025-12-15,Registered,3.0,Pass Fail,Continuing,In State,SCH07,PRG0703,In Person,40
REG002118,STU00237,SEC00330,2026WI,SCH07,PRG0703,0703-200,02,2025-12-13,Registered,3.0,Audit,Continuing,In State,SCH07,PRG0703,Online,38
REG002119,STU00238,SEC00043,2024FA,SCH08,PRG0801,0801-150,01,2024-08-09,Registered,3.0,Audit,Transfer,Out of State,SCH08,PRG0801,In Person,29
REG002120,STU00238,SEC00044,2024FA,SCH08,PRG0801,0801-200,02,2024-08-12,Registered,3.0,Pass Fail,Transfer,Out of State,SCH08,PRG0801,Online,28
REG002121,STU00238,SEC00260,2025FA,SCH08,PRG0801,0801-200,02,2025-07-23,Registered,3.0,Letter,Transfer,Out of State,SCH08,PRG0801,Online,28
REG002122,STU00238,SEC00259,2025FA,SCH08,PRG0801,0801-150,01,2025-07-24,Registered,3.0,Letter,Transfer,Out of State,SCH08,PRG0801,In Person,36
REG002123,STU00238,SEC00187,2025SU,SCH08,PRG0801,0801-150,01,2025-04-13,Registered,3.0,Audit,Transfer,Out of State,SCH08,PRG0801,Hybrid,34
REG002124,STU00238,SEC00188,2025SU,SCH08,PRG0801,0801-200,02,2025-04-16,Withdrawn,3.0,Letter,Transfer,Out of State,SCH08,PRG0801,Online,41
REG002125,STU00238,SEC00116,2025WI,SCH08,PRG0801,0801-200,02,2024-12-28,Registered,3.0,Pass Fail,Transfer,Out of State,SCH08,PRG0801,Online,34
REG002126,STU00238,SEC00115,2025WI,SCH08,PRG0801,0801-150,01,2024-12-24,Registered,3.0,Pass Fail,Transfer,Out of State,SCH08,PRG0801,Online,28
REG002127,STU00238,SEC00403,2026SU,SCH08,PRG0801,0801-150,01,2026-04-07,Registered,3.0,Audit,Transfer,Out of State,SCH08,PRG0801,Hybrid,35
REG002128,STU00238,SEC00404,2026SU,SCH08,PRG0801,0801-200,02,2026-04-30,Registered,3.0,Pass Fail,Transfer,Out of State,SCH08,PRG0801,Online,29
REG002129,STU00238,SEC00332,2026WI,SCH08,PRG0801,0801-200,02,2026-01-04,Registered,3.0,Letter,Transfer,Out of State,SCH08,PRG0801,In Person,27
REG002130,STU00238,SEC00331,2026WI,SCH08,PRG0801,0801-150,01,2025-12-14,Registered,3.0,Letter,Transfer,Out of State,SCH08,PRG0801,Online,33
REG002131,STU00239,SEC00189,2025SU,SCH08,PRG0802,0802-150,01,2025-04-30,Registered,3.0,Audit,Graduate,International,SCH08,PRG0802,Hybrid,40
REG002132,STU00239,SEC00190,2025SU,SCH08,PRG0802,0802-200,02,2025-04-27,Registered,3.0,Pass Fail,Graduate,International,SCH08,PRG0802,Hybrid,29
REG002133,STU00239,SEC00406,2026SU,SCH08,PRG0802,0802-200,02,2026-04-12,Registered,3.0,Audit,Graduate,International,SCH08,PRG0802,Online,30
REG002134,STU00239,SEC00405,2026SU,SCH08,PRG0802,0802-150,01,2026-04-26,Registered,3.0,Letter,Graduate,International,SCH08,PRG0802,Hybrid,25
REG002135,STU00239,SEC00333,2026WI,SCH08,PRG0802,0802-150,01,2025-12-14,Registered,3.0,Audit,Graduate,International,SCH08,PRG0802,Online,29
REG002136,STU00239,SEC00334,2026WI,SCH08,PRG0802,0802-200,02,2025-12-26,Registered,3.0,Audit,Graduate,International,SCH08,PRG0802,Online,42
REG002137,STU00240,SEC00048,2024FA,SCH08,PRG0803,0803-200,02,2024-07-25,Registered,3.0,Pass Fail,First Time,In State,SCH08,PRG0803,In Person,38
REG002138,STU00240,SEC00047,2024FA,SCH08,PRG0803,0803-150,01,2024-08-06,Registered,3.0,Audit,First Time,In State,SCH08,PRG0803,Online,42
REG002139,STU00240,SEC00264,2025FA,SCH08,PRG0803,0803-200,02,2025-08-13,Registered,3.0,Pass Fail,First Time,In State,SCH08,PRG0803,In Person,32
REG002140,STU00240,SEC00263,2025FA,SCH08,PRG0803,0803-150,01,2025-07-26,Registered,3.0,Pass Fail,First Time,In State,SCH08,PRG0803,Online,37
REG002141,STU00240,SEC00191,2025SU,SCH08,PRG0803,0803-150,01,2025-04-09,Registered,3.0,Letter,First Time,In State,SCH08,PRG0803,Online,36
REG002142,STU00240,SEC00192,2025SU,SCH08,PRG0803,0803-200,02,2025-04-13,Registered,3.0,Letter,First Time,In State,SCH08,PRG0803,Online,30
REG002143,STU00240,SEC00119,2025WI,SCH08,PRG0803,0803-150,01,2024-12-18,Withdrawn,3.0,Letter,First Time,In State,SCH08,PRG0803,Hybrid,28
REG002144,STU00240,SEC00120,2025WI,SCH08,PRG0803,0803-200,02,2024-12-16,Registered,3.0,Letter,First Time,In State,SCH08,PRG0803,Hybrid,36
REG002145,STU00240,SEC00408,2026SU,SCH08,PRG0803,0803-200,02,2026-04-17,Registered,3.0,Letter,First Time,In State,SCH08,PRG0803,Hybrid,24
REG002146,STU00240,SEC00407,2026SU,SCH08,PRG0803,0803-150,01,2026-04-19,Registered,3.0,Audit,First Time,In State,SCH08,PRG0803,In Person,31
REG002147,STU00240,SEC00335,2026WI,SCH08,PRG0803,0803-150,01,2026-01-01,Withdrawn,3.0,Letter,First Time,In State,SCH08,PRG0803,Hybrid,24
REG002148,STU00240,SEC00336,2026WI,SCH08,PRG0803,0803-200,02,2025-12-12,Registered,3.0,Audit,First Time,In State,SCH08,PRG0803,Online,38
