registration_id,student_id,section_id,term_id,registration_date,registration_status,credit_hours,grade_mode
REG000001,STU00001,SEC00217,2025FA,2025-07-27,Registered,3.0,Pass Fail
REG000002,STU00001,SEC00218,2025FA,2025-08-11,Registered,3.0,Pass Fail
REG000003,STU00001,SEC00362,2026SU,2026-04-17,Registered,3.0,Letter
REG000004,STU00001,SEC00361,2026SU,2026-04-27,Registered,3.0,Pass Fail
REG000005,STU00001,SEC00289,2026WI,2025-12-31,Dropped,0.0,Pass Fail
REG000006,STU00001,SEC00290,2026WI,2025-12-24,Registered,3.0,Audit
REG000007,STU00002,SEC00004,2024FA,2024-08-06,Registered,3.0,Letter
REG000008,STU00002,SEC00003,2024FA,2024-08-08,Registered,3.0,Pass Fail
REG000009,STU00002,SEC00220,2025FA,2025-08-10,Registered,3.0,Pass Fail
REG000010,STU00002,SEC00219,2025FA,2025-08-11,Registered,3.0,Letter
REG000011,STU00002,SEC00147,2025SU,2025-04-27,Registered,3.0,Audit
REG000012,STU00002,SEC00148,2025SU,2025-04-30,Registered,3.0,Letter
REG000013,STU00002,SEC00076,2025WI,2024-12-15,Registered,3.0,Letter
REG000014,STU00002,SEC00075,2025WI,2024-12-11,Registered,3.0,Audit
REG000015,STU00002,SEC00364,2026SU,2026-04-21,Registered,3.0,Letter
REG000016,STU00002,SEC00363,2026SU,2026-05-02,Registered,3.0,Audit
REG000017,STU00002,SEC00292,2026WI,2026-01-02,Registered,3.0,Letter
REG000018,STU00002,SEC00291,2026WI,2025-12-08,Registered,3.0,Letter
REG000019,STU00003,SEC00006,2024FA,2024-07-24,Registered,3.0,Audit
REG000020,STU00003,SEC00005,2024FA,2024-08-17,Registered,3.0,Audit
REG000021,STU00003,SEC00221,2025FA,2025-07-24,Registered,3.0,Audit
REG000022,STU00003,SEC00222,2025FA,2025-07-31,Registered,3.0,Pass Fail
REG000023,STU00003,SEC00150,2025SU,2025-05-03,Registered,3.0,Audit
REG000024,STU00003,SEC00149,2025SU,2025-05-01,Registered,3.0,Audit
REG000025,STU00003,SEC00077,2025WI,2024-12-22,Registered,3.0,Pass Fail
REG000026,STU00003,SEC00078,2025WI,2025-01-01,Withdrawn,3.0,Pass Fail
REG000027,STU00003,SEC00365,2026SU,2026-04-23,Registered,3.0,Pass Fail
REG000028,STU00003,SEC00366,2026SU,2026-04-19,Withdrawn,3.0,Letter
REG000029,STU00004,SEC00008,2024FA,2024-08-08,Dropped,0.0,Letter
REG000030,STU00004,SEC00007,2024FA,2024-07-31,Registered,3.0,Letter
REG000031,STU00004,SEC00223,2025FA,2025-07-29,Registered,3.0,Pass Fail
REG000032,STU00004,SEC00224,2025FA,2025-08-16,Registered,3.0,Letter
REG000033,STU00004,SEC00079,2025WI,2024-12-27,Registered,3.0,Pass Fail
REG000034,STU00004,SEC00080,2025WI,2024-12-26,Registered,3.0,Audit
REG000035,STU00004,SEC00367,2026SU,2026-04-19,Registered,3.0,Letter
REG000036,STU00004,SEC00368,2026SU,2026-04-14,Registered,3.0,Letter
REG000037,STU00005,SEC00009,2024FA,2024-08-08,Registered,3.0,Audit
REG000038,STU00005,SEC00010,2024FA,2024-08-09,Registered,3.0,Pass Fail
REG000039,STU00005,SEC00225,2025FA,2025-08-02,Registered,3.0,Letter
REG000040,STU00005,SEC00226,2025FA,2025-07-24,Registered,3.0,Pass Fail
REG000041,STU00005,SEC00153,2025SU,2025-04-29,Registered,3.0,Audit
REG000042,STU00005,SEC00154,2025SU,2025-04-16,Registered,3.0,Letter
REG000043,STU00005,SEC00081,2025WI,2024-12-13,Registered,3.0,Audit
REG000044,STU00005,SEC00082,2025WI,2024-12-24,Registered,3.0,Audit
REG000045,STU00005,SEC00298,2026WI,2025-12-19,Withdrawn,3.0,Pass Fail
REG000046,STU00005,SEC00297,2026WI,2025-12-08,Registered,3.0,Audit
REG000047,STU00006,SEC00227,2025FA,2025-08-12,Registered,3.0,Pass Fail
REG000048,STU00006,SEC00228,2025FA,2025-08-17,Registered,3.0,Audit
REG000049,STU00006,SEC00084,2025WI,2024-12-24,Registered,3.0,Pass Fail
REG000050,STU00006,SEC00083,2025WI,2024-12-30,Registered,3.0,Letter
REG000051,STU00006,SEC00372,2026SU,2026-04-26,Registered,3.0,Audit
REG000052,STU00006,SEC00371,2026SU,2026-04-19,Registered,3.0,Audit
REG000053,STU00006,SEC00300,2026WI,2025-12-10,Registered,3.0,Pass Fail
REG000054,STU00006,SEC00299,2026WI,2025-12-10,Dropped,0.0,Audit
REG000055,STU00007,SEC00014,2024FA,2024-08-13,Registered,3.0,Audit
REG000056,STU00007,SEC00013,2024FA,2024-08-05,Registered,3.0,Audit
REG000057,STU00007,SEC00230,2025FA,2025-08-11,Registered,3.0,Letter
REG000058,STU00007,SEC00229,2025FA,2025-08-06,Registered,3.0,Letter
REG000059,STU00007,SEC00158,2025SU,2025-04-27,Registered,3.0,Audit
REG000060,STU00007,SEC00157,2025SU,2025-05-02,Registered,3.0,Letter
REG000061,STU00007,SEC00086,2025WI,2025-01-02,Registered,3.0,Audit
REG000062,STU00007,SEC00085,2025WI,2025-01-01,Registered,3.0,Pass Fail
REG000063,STU00007,SEC00373,2026SU,2026-04-16,Withdrawn,3.0,Audit
REG000064,STU00007,SEC00374,2026SU,2026-04-22,Registered,3.0,Letter
REG000065,STU00007,SEC00301,2026WI,2025-12-13,Withdrawn,3.0,Pass Fail
REG000066,STU00007,SEC00302,2026WI,2025-12-11,Registered,3.0,Audit
REG000067,STU00008,SEC00016,2024FA,2024-08-01,Registered,3.0,Pass Fail
REG000068,STU00008,SEC00015,2024FA,2024-08-02,Registered,3.0,Letter
REG000069,STU00008,SEC00232,2025FA,2025-08-16,Withdrawn,3.0,Audit
REG000070,STU00008,SEC00231,2025FA,2025-08-16,Registered,3.0,Audit
REG000071,STU00008,SEC00159,2025SU,2025-04-29,Registered,3.0,Pass Fail
REG000072,STU00008,SEC00160,2025SU,2025-04-20,Registered,3.0,Pass Fail
REG000073,STU00008,SEC00304,2026WI,2026-01-02,Registered,3.0,Letter
REG000074,STU00008,SEC00303,2026WI,2026-01-02,Registered,3.0,Letter
REG000075,STU00009,SEC00017,2024FA,2024-07-26,Registered,3.0,Audit
REG000076,STU00009,SEC00018,2024FA,2024-08-05,Registered,3.0,Letter
REG000077,STU00009,SEC00234,2025FA,2025-08-14,Registered,3.0,Pass Fail
REG000078,STU00009,SEC00233,2025FA,2025-07-27,Registered,3.0,Audit
REG000079,STU00009,SEC00162,2025SU,2025-04-08,Registered,3.0,Letter
REG000080,STU00009,SEC00161,2025SU,2025-04-20,Registered,3.0,Audit
REG000081,STU00009,SEC00089,2025WI,2024-12-26,Registered,3.0,Letter
REG000082,STU00009,SEC00090,2025WI,2024-12-20,Registered,3.0,Pass Fail
REG000083,STU00009,SEC00378,2026SU,2026-04-20,Registered,3.0,Audit
REG000084,STU00009,SEC00377,2026SU,2026-05-03,Registered,3.0,Letter
REG000085,STU00009,SEC00305,2026WI,2025-12-22,Registered,3.0,Letter
REG000086,STU00009,SEC00306,2026WI,2025-12-16,Registered,3.0,Pass Fail
REG000087,STU00010,SEC00020,2024FA,2024-08-06,Registered,3.0,Audit
REG000088,STU00010,SEC00019,2024FA,2024-08-12,Dropped,0.0,Letter
REG000089,STU00010,SEC00235,2025FA,2025-08-14,Registered,3.0,Letter
REG000090,STU00010,SEC00236,2025FA,2025-08-13,Registered,3.0,Letter
REG000091,STU00010,SEC00164,2025SU,2025-04-16,Registered,3.0,Pass Fail
REG000092,STU00010,SEC00163,2025SU,2025-04-25,Registered,3.0,Audit
REG000093,STU00010,SEC00091,2025WI,2024-12-18,Registered,3.0,Audit
REG000094,STU00010,SEC00092,2025WI,2025-01-02,Registered,3.0,Letter
REG000095,STU00010,SEC00380,2026SU,2026-04-29,Registered,3.0,Pass Fail
REG000096,STU00010,SEC00379,2026SU,2026-05-01,Registered,3.0,Pass Fail
REG000097,STU00010,SEC00307,2026WI,2025-12-27,Registered,3.0,Letter
REG000098,STU00010,SEC00308,2026WI,2025-12-21,Registered,3.0,Audit
REG000099,STU00011,SEC00022,2024FA,2024-07-22,Registered,3.0,Audit
REG000100,STU00011,SEC00021,2024FA,2024-07-27,Registered,3.0,Audit
REG000101,STU00011,SEC00238,2025FA,2025-08-03,Registered,3.0,Letter
REG000102,STU00011,SEC00237,2025FA,2025-08-06,Registered,3.0,Audit
REG000103,STU00011,SEC00165,2025SU,2025-04-15,Registered,3.0,Pass Fail
REG000104,STU00011,SEC00166,2025SU,2025-04-17,Registered,3.0,Letter
REG000105,STU00011,SEC00093,2025WI,2024-12-09,Registered,3.0,Audit
REG000106,STU00011,SEC00094,2025WI,2024-12-24,Registered,3.0,Letter
REG000107,STU00011,SEC00382,2026SU,2026-04-17,Registered,3.0,Pass Fail
REG000108,STU00011,SEC00381,2026SU,2026-04-17,Withdrawn,3.0,Letter
REG000109,STU00011,SEC00309,2026WI,2025-12-17,Registered,3.0,Audit
REG000110,STU00011,SEC00310,2026WI,2025-12-14,Registered,3.0,Audit
REG000111,STU00012,SEC00023,2024FA,2024-08-07,Registered,3.0,Pass Fail
REG000112,STU00012,SEC00024,2024FA,2024-08-15,Registered,3.0,Audit
REG000113,STU00012,SEC00240,2025FA,2025-08-16,Registered,3.0,Letter
REG000114,STU00012,SEC00239,2025FA,2025-07-29,Registered,3.0,Audit
REG000115,STU00012,SEC00168,2025SU,2025-05-01,Registered,3.0,Audit
REG000116,STU00012,SEC00167,2025SU,2025-05-02,Registered,3.0,Pass Fail
REG000117,STU00012,SEC00096,2025WI,2024-12-16,Registered,3.0,Pass Fail
REG000118,STU00012,SEC00095,2025WI,2024-12-11,Registered,3.0,Pass Fail
REG000119,STU00012,SEC00311,2026WI,2025-12-15,Registered,3.0,Pass Fail
REG000120,STU00012,SEC00312,2026WI,2025-12-25,Registered,3.0,Audit
REG000121,STU00013,SEC00026,2024FA,2024-08-03,Registered,3.0,Letter
REG000122,STU00013,SEC00025,2024FA,2024-08-09,Registered,3.0,Pass Fail
REG000123,STU00013,SEC00242,2025FA,2025-07-22,Registered,3.0,Letter
REG000124,STU00013,SEC00241,2025FA,2025-07-31,Registered,3.0,Pass Fail
REG000125,STU00013,SEC00098,2025WI,2024-12-13,Registered,3.0,Audit
REG000126,STU00013,SEC00097,2025WI,2024-12-31,Registered,3.0,Audit
REG000127,STU00013,SEC00385,2026SU,2026-04-12,Registered,3.0,Pass Fail
REG000128,STU00013,SEC00386,2026SU,2026-04-20,Registered,3.0,Pass Fail
REG000129,STU00014,SEC00244,2025FA,2025-07-28,Registered,3.0,Pass Fail
REG000130,STU00014,SEC00243,2025FA,2025-08-15,Registered,3.0,Pass Fail
REG000131,STU00014,SEC00172,2025SU,2025-04-18,Registered,3.0,Letter
REG000132,STU00014,SEC00171,2025SU,2025-04-11,Registered,3.0,Letter
REG000133,STU00014,SEC00099,2025WI,2025-01-01,Registered,3.0,Pass Fail
REG000134,STU00014,SEC00100,2025WI,2024-12-25,Dropped,0.0,Audit
REG000135,STU00014,SEC00315,2026WI,2025-12-27,Registered,3.0,Audit
REG000136,STU00014,SEC00316,2026WI,2025-12-25,Dropped,0.0,Letter
REG000137,STU00015,SEC00029,2024FA,2024-08-12,Registered,3.0,Letter
REG000138,STU00015,SEC00030,2024FA,2024-08-10,Registered,3.0,Pass Fail
REG000139,STU00015,SEC00245,2025FA,2025-08-06,Registered,3.0,Audit
REG000140,STU00015,SEC00246,2025FA,2025-08-14,Registered,3.0,Audit
REG000141,STU00015,SEC00174,2025SU,2025-04-17,Registered,3.0,Audit
REG000142,STU00015,SEC00173,2025SU,2025-04-12,Registered,3.0,Audit
REG000143,STU00015,SEC00317,2026WI,2026-01-03,Registered,3.0,Audit
REG000144,STU00015,SEC00318,2026WI,2026-01-01,Dropped,0.0,Letter
REG000145,STU00016,SEC00031,2024FA,2024-08-02,Registered,3.0,Pass Fail
REG000146,STU00016,SEC00032,2024FA,2024-08-06,Registered,3.0,Audit
REG000147,STU00016,SEC00175,2025SU,2025-04-19,Registered,3.0,Audit
REG000148,STU00016,SEC00176,2025SU,2025-04-28,Registered,3.0,Audit
REG000149,STU00016,SEC00392,2026SU,2026-05-02,Registered,3.0,Letter
REG000150,STU00016,SEC00391,2026SU,2026-04-12,Registered,3.0,Pass Fail
REG000151,STU00017,SEC00033,2024FA,2024-08-12,Dropped,0.0,Letter
REG000152,STU00017,SEC00034,2024FA,2024-08-12,Registered,3.0,Audit
REG000153,STU00017,SEC00249,2025FA,2025-07-21,Registered,3.0,Audit
REG000154,STU00017,SEC00250,2025FA,2025-08-15,Registered,3.0,Letter
REG000155,STU00017,SEC00177,2025SU,2025-05-01,Registered,3.0,Pass Fail
REG000156,STU00017,SEC00178,2025SU,2025-04-20,Dropped,0.0,Pass Fail
REG000157,STU00017,SEC00106,2025WI,2024-12-26,Registered,3.0,Audit
REG000158,STU00017,SEC00105,2025WI,2024-12-19,Registered,3.0,Pass Fail
REG000159,STU00017,SEC00393,2026SU,2026-04-14,Registered,3.0,Audit
REG000160,STU00017,SEC00394,2026SU,2026-04-19,Registered,3.0,Audit
REG000161,STU00017,SEC00322,2026WI,2025-12-08,Registered,3.0,Letter
REG000162,STU00017,SEC00321,2026WI,2025-12-25,Registered,3.0,Audit
REG000163,STU00018,SEC00035,2024FA,2024-08-07,Registered,3.0,Pass Fail
REG000164,STU00018,SEC00036,2024FA,2024-07-25,Registered,3.0,Letter
REG000165,STU00018,SEC00252,2025FA,2025-08-04,Dropped,0.0,Letter
REG000166,STU00018,SEC00251,2025FA,2025-07-24,Registered,3.0,Pass Fail
REG000167,STU00018,SEC00180,2025SU,2025-04-17,Registered,3.0,Audit
REG000168,STU00018,SEC00179,2025SU,2025-04-15,Registered,3.0,Audit
REG000169,STU00018,SEC00107,2025WI,2025-01-03,Registered,3.0,Pass Fail
REG000170,STU00018,SEC00108,2025WI,2024-12-30,Registered,3.0,Letter
REG000171,STU00018,SEC00395,2026SU,2026-04-08,Dropped,0.0,Pass Fail
REG000172,STU00018,SEC00396,2026SU,2026-04-27,Registered,3.0,Pass Fail
REG000173,STU00018,SEC00323,2026WI,2025-12-09,Registered,3.0,Pass Fail
REG000174,STU00018,SEC00324,2026WI,2025-12-11,Registered,3.0,Pass Fail
REG000175,STU00019,SEC00037,2024FA,2024-08-11,Registered,3.0,Pass Fail
REG000176,STU00019,SEC00038,2024FA,2024-07-24,Registered,3.0,Pass Fail
REG000177,STU00019,SEC00254,2025FA,2025-07-27,Registered,3.0,Pass Fail
REG000178,STU00019,SEC00253,2025FA,2025-08-13,Registered,3.0,Pass Fail
REG000179,STU00019,SEC00181,2025SU,2025-04-12,Registered,3.0,Pass Fail
REG000180,STU00019,SEC00182,2025SU,2025-05-04,Registered,3.0,Pass Fail
REG000181,STU00019,SEC00109,2025WI,2024-12-19,Dropped,0.0,Audit
REG000182,STU00019,SEC00110,2025WI,2024-12-23,Registered,3.0,Letter
REG000183,STU00019,SEC00398,2026SU,2026-04-06,Registered,3.0,Audit
REG000184,STU00019,SEC00397,2026SU,2026-04-08,Withdrawn,3.0,Audit
REG000185,STU00019,SEC00326,2026WI,2025-12-08,Registered,3.0,Pass Fail
REG000186,STU00019,SEC00325,2026WI,2025-12-09,Registered,3.0,Letter
REG000187,STU00020,SEC00040,2024FA,2024-08-13,Registered,3.0,Letter
REG000188,STU00020,SEC00039,2024FA,2024-08-17,Registered,3.0,Audit
REG000189,STU00020,SEC00255,2025FA,2025-08-16,Registered,3.0,Audit
REG000190,STU00020,SEC00256,2025FA,2025-07-28,Registered,3.0,Audit
REG000191,STU00020,SEC00183,2025SU,2025-04-10,Registered,3.0,Audit
REG000192,STU00020,SEC00184,2025SU,2025-04-27,Registered,3.0,Pass Fail
REG000193,STU00020,SEC00111,2025WI,2025-01-03,Registered,3.0,Pass Fail
REG000194,STU00020,SEC00112,2025WI,2024-12-31,Registered,3.0,Letter
REG000195,STU00020,SEC00399,2026SU,2026-04-28,Registered,3.0,Letter
REG000196,STU00020,SEC00400,2026SU,2026-04-22,Registered,3.0,Audit
REG000197,STU00020,SEC00328,2026WI,2025-12-09,Registered,3.0,Letter
REG000198,STU00020,SEC00327,2026WI,2025-12-25,Registered,3.0,Audit
REG000199,STU00021,SEC00185,2025SU,2025-04-27,Registered,3.0,Letter
REG000200,STU00021,SEC00186,2025SU,2025-05-01,Registered,3.0,Pass Fail
REG000201,STU00021,SEC00114,2025WI,2024-12-13,Withdrawn,3.0,Pass Fail
REG000202,STU00021,SEC00113,2025WI,2024-12-09,Dropped,0.0,Pass Fail
REG000203,STU00021,SEC00329,2026WI,2025-12-28,Registered,3.0,Audit
REG000204,STU00021,SEC00330,2026WI,2025-12-20,Registered,3.0,Audit
REG000205,STU00022,SEC00187,2025SU,2025-04-20,Registered,3.0,Audit
REG000206,STU00022,SEC00188,2025SU,2025-04-12,Registered,3.0,Pass Fail
REG000207,STU00022,SEC00116,2025WI,2025-01-05,Registered,3.0,Pass Fail
REG000208,STU00022,SEC00115,2025WI,2024-12-15,Registered,3.0,Audit
REG000209,STU00022,SEC00404,2026SU,2026-04-12,Registered,3.0,Pass Fail
REG000210,STU00022,SEC00403,2026SU,2026-04-29,Registered,3.0,Letter
REG000211,STU00022,SEC00332,2026WI,2025-12-10,Registered,3.0,Audit
REG000212,STU00022,SEC00331,2026WI,2025-12-29,Registered,3.0,Pass Fail
REG000213,STU00023,SEC00262,2025FA,2025-08-12,Registered,3.0,Letter
REG000214,STU00023,SEC00261,2025FA,2025-08-12,Registered,3.0,Pass Fail
REG000215,STU00023,SEC00189,2025SU,2025-04-23,Registered,3.0,Letter
REG000216,STU00023,SEC00190,2025SU,2025-04-24,Registered,3.0,Letter
REG000217,STU00023,SEC00117,2025WI,2024-12-17,Registered,3.0,Pass Fail
REG000218,STU00023,SEC00118,2025WI,2024-12-12,Registered,3.0,Letter
REG000219,STU00023,SEC00405,2026SU,2026-04-30,Dropped,0.0,Pass Fail
REG000220,STU00023,SEC00406,2026SU,2026-05-01,Registered,3.0,Pass Fail
REG000221,STU00023,SEC00333,2026WI,2025-12-25,Registered,3.0,Audit
REG000222,STU00023,SEC00334,2026WI,2025-12-29,Registered,3.0,Pass Fail
REG000223,STU00024,SEC00264,2025FA,2025-07-25,Registered,3.0,Audit
REG000224,STU00024,SEC00263,2025FA,2025-08-05,Withdrawn,3.0,Audit
REG000225,STU00024,SEC00191,2025SU,2025-05-02,Registered,3.0,Audit
REG000226,STU00024,SEC00192,2025SU,2025-04-08,Registered,3.0,Audit
REG000227,STU00024,SEC00119,2025WI,2024-12-10,Registered,3.0,Pass Fail
REG000228,STU00024,SEC00120,2025WI,2024-12-30,Registered,3.0,Pass Fail
REG000229,STU00024,SEC00335,2026WI,2025-12-15,Registered,3.0,Letter
REG000230,STU00024,SEC00336,2026WI,2025-12-08,Registered,3.0,Audit
REG000231,STU00025,SEC00050,2024FA,2024-08-10,Registered,3.0,Letter
REG000232,STU00025,SEC00049,2024FA,2024-08-13,Withdrawn,3.0,Pass Fail
REG000233,STU00025,SEC00265,2025FA,2025-07-28,Registered,3.0,Audit
REG000234,STU00025,SEC00266,2025FA,2025-08-13,Registered,3.0,Audit
REG000235,STU00025,SEC00193,2025SU,2025-04-23,Registered,3.0,Pass Fail
REG000236,STU00025,SEC00194,2025SU,2025-04-15,Registered,3.0,Audit
REG000237,STU00026,SEC00051,2024FA,2024-08-09,Registered,3.0,Pass Fail
REG000238,STU00026,SEC00052,2024FA,2024-08-10,Registered,3.0,Pass Fail
REG000239,STU00026,SEC00267,2025FA,2025-08-02,Registered,3.0,Letter
REG000240,STU00026,SEC00268,2025FA,2025-07-31,Registered,3.0,Letter
REG000241,STU00026,SEC00195,2025SU,2025-04-24,Dropped,0.0,Pass Fail
REG000242,STU00026,SEC00196,2025SU,2025-04-25,Registered,3.0,Letter
REG000243,STU00026,SEC00123,2025WI,2024-12-18,Registered,3.0,Letter
REG000244,STU00026,SEC00124,2025WI,2025-01-05,Registered,3.0,Pass Fail
REG000245,STU00026,SEC00412,2026SU,2026-04-10,Registered,3.0,Audit
REG000246,STU00026,SEC00411,2026SU,2026-04-26,Registered,3.0,Letter
REG000247,STU00026,SEC00339,2026WI,2025-12-24,Registered,3.0,Audit
REG000248,STU00026,SEC00340,2026WI,2025-12-21,Registered,3.0,Pass Fail
REG000249,STU00027,SEC00054,2024FA,2024-08-01,Registered,3.0,Audit
REG000250,STU00027,SEC00053,2024FA,2024-08-11,Registered,3.0,Letter
REG000251,STU00027,SEC00270,2025FA,2025-07-26,Registered,3.0,Audit
REG000252,STU00027,SEC00269,2025FA,2025-08-16,Dropped,0.0,Letter
REG000253,STU00027,SEC00198,2025SU,2025-04-20,Registered,3.0,Audit
REG000254,STU00027,SEC00197,2025SU,2025-04-23,Registered,3.0,Audit
REG000255,STU00027,SEC00126,2025WI,2024-12-26,Registered,3.0,Pass Fail
REG000256,STU00027,SEC00125,2025WI,2024-12-18,Registered,3.0,Pass Fail
REG000257,STU00027,SEC00341,2026WI,2025-12-10,Registered,3.0,Pass Fail
REG000258,STU00027,SEC00342,2026WI,2025-12-20,Registered,3.0,Letter
REG000259,STU00028,SEC00056,2024FA,2024-08-02,Registered,3.0,Letter
REG000260,STU00028,SEC00055,2024FA,2024-07-23,Registered,3.0,Audit
REG000261,STU00028,SEC00272,2025FA,2025-08-02,Registered,3.0,Letter
REG000262,STU00028,SEC00271,2025FA,2025-07-22,Registered,3.0,Letter
REG000263,STU00028,SEC00199,2025SU,2025-04-22,Registered,3.0,Letter
REG000264,STU00028,SEC00200,2025SU,2025-04-22,Registered,3.0,Letter
REG000265,STU00028,SEC00127,2025WI,2024-12-26,Withdrawn,3.0,Letter
REG000266,STU00028,SEC00128,2025WI,2024-12-21,Dropped,0.0,Letter
REG000267,STU00028,SEC00415,2026SU,2026-04-21,Registered,3.0,Letter
REG000268,STU00028,SEC00416,2026SU,2026-04-10,Registered,3.0,Letter
REG000269,STU00028,SEC00343,2026WI,2025-12-25,Registered,3.0,Letter
REG000270,STU00028,SEC00344,2026WI,2025-12-16,Registered,3.0,Audit
REG000271,STU00029,SEC00057,2024FA,2024-08-11,Registered,3.0,Pass Fail
REG000272,STU00029,SEC00058,2024FA,2024-07-26,Registered,3.0,Letter
REG000273,STU00029,SEC00274,2025FA,2025-08-14,Registered,3.0,Letter
REG000274,STU00029,SEC00273,2025FA,2025-08-13,Registered,3.0,Letter
REG000275,STU00029,SEC00418,2026SU,2026-04-25,Registered,3.0,Audit
REG000276,STU00029,SEC00417,2026SU,2026-04-24,Registered,3.0,Letter
REG000277,STU00029,SEC00345,2026WI,2025-12-23,Registered,3.0,Audit
REG000278,STU00029,SEC00346,2026WI,2025-12-18,Registered,3.0,Audit
REG000279,STU00030,SEC00060,2024FA,2024-08-06,Dropped,0.0,Pass Fail
REG000280,STU00030,SEC00059,2024FA,2024-08-11,Registered,3.0,Pass Fail
REG000281,STU00030,SEC00276,2025FA,2025-08-01,Registered,3.0,Letter
REG000282,STU00030,SEC00275,2025FA,2025-08-10,Registered,3.0,Audit
REG000283,STU00030,SEC00203,2025SU,2025-04-12,Registered,3.0,Pass Fail
REG000284,STU00030,SEC00204,2025SU,2025-05-03,Registered,3.0,Letter
REG000285,STU00030,SEC00131,2025WI,2025-01-02,Registered,3.0,Audit
REG000286,STU00030,SEC00132,2025WI,2024-12-14,Withdrawn,3.0,Letter
REG000287,STU00030,SEC00420,2026SU,2026-04-19,Registered,3.0,Audit
REG000288,STU00030,SEC00419,2026SU,2026-04-06,Registered,3.0,Audit
REG000289,STU00030,SEC00347,2026WI,2025-12-20,Registered,3.0,Audit
REG000290,STU00030,SEC00348,2026WI,2025-12-29,Registered,3.0,Audit
REG000291,STU00031,SEC00205,2025SU,2025-04-30,Registered,3.0,Audit
REG000292,STU00031,SEC00206,2025SU,2025-05-01,Registered,3.0,Pass Fail
REG000293,STU00031,SEC00133,2025WI,2024-12-09,Registered,3.0,Pass Fail
REG000294,STU00031,SEC00134,2025WI,2025-01-04,Registered,3.0,Audit
REG000295,STU00031,SEC00422,2026SU,2026-04-08,Registered,3.0,Pass Fail
REG000296,STU00031,SEC00421,2026SU,2026-04-07,Registered,3.0,Audit
REG000297,STU00031,SEC00350,2026WI,2025-12-16,Registered,3.0,Letter
REG000298,STU00031,SEC00349,2026WI,2025-12-22,Registered,3.0,Letter
REG000299,STU00032,SEC00063,2024FA,2024-07-28,Registered,3.0,Audit
REG000300,STU00032,SEC00064,2024FA,2024-07-29,Registered,3.0,Audit
REG000301,STU00032,SEC00207,2025SU,2025-04-20,Withdrawn,3.0,Pass Fail
REG000302,STU00032,SEC00208,2025SU,2025-04-22,Registered,3.0,Pass Fail
REG000303,STU00032,SEC00135,2025WI,2024-12-17,Registered,3.0,Letter
REG000304,STU00032,SEC00136,2025WI,2024-12-21,Registered,3.0,Audit
REG000305,STU00032,SEC00423,2026SU,2026-05-01,Registered,3.0,Pass Fail
REG000306,STU00032,SEC00424,2026SU,2026-05-01,Registered,3.0,Audit
REG000307,STU00032,SEC00352,2026WI,2025-12-17,Registered,3.0,Pass Fail
REG000308,STU00032,SEC00351,2026WI,2025-12-28,Registered,3.0,Pass Fail
REG000309,STU00033,SEC00066,2024FA,2024-08-06,Registered,3.0,Letter
REG000310,STU00033,SEC00065,2024FA,2024-07-30,Registered,3.0,Letter
REG000311,STU00033,SEC00281,2025FA,2025-08-07,Registered,3.0,Letter
REG000312,STU00033,SEC00282,2025FA,2025-08-08,Registered,3.0,Letter
REG000313,STU00033,SEC00210,2025SU,2025-04-25,Registered,3.0,Pass Fail
REG000314,STU00033,SEC00209,2025SU,2025-05-02,Registered,3.0,Audit
REG000315,STU00033,SEC00137,2025WI,2024-12-16,Registered,3.0,Pass Fail
REG000316,STU00033,SEC00138,2025WI,2024-12-16,Registered,3.0,Audit
REG000317,STU00033,SEC00426,2026SU,2026-04-27,Registered,3.0,Pass Fail
REG000318,STU00033,SEC00425,2026SU,2026-04-26,Registered,3.0,Letter
REG000319,STU00033,SEC00353,2026WI,2025-12-10,Registered,3.0,Audit
REG000320,STU00033,SEC00354,2026WI,2025-12-24,Registered,3.0,Letter
REG000321,STU00034,SEC00067,2024FA,2024-08-14,Registered,3.0,Letter
REG000322,STU00034,SEC00068,2024FA,2024-08-11,Registered,3.0,Pass Fail
REG000323,STU00034,SEC00283,2025FA,2025-08-06,Registered,3.0,Audit
REG000324,STU00034,SEC00284,2025FA,2025-08-14,Registered,3.0,Pass Fail
REG000325,STU00034,SEC00211,2025SU,2025-04-21,Registered,3.0,Pass Fail
REG000326,STU00034,SEC00212,2025SU,2025-05-03,Registered,3.0,Audit
REG000327,STU00034,SEC00139,2025WI,2024-12-23,Registered,3.0,Audit
REG000328,STU00034,SEC00140,2025WI,2024-12-27,Registered,3.0,Letter
REG000329,STU00034,SEC00356,2026WI,2026-01-02,Registered,3.0,Letter
REG000330,STU00034,SEC00355,2026WI,2025-12-14,Registered,3.0,Letter
REG000331,STU00035,SEC00070,2024FA,2024-07-30,Registered,3.0,Audit
REG000332,STU00035,SEC00069,2024FA,2024-07-22,Registered,3.0,Pass Fail
REG000333,STU00035,SEC00285,2025FA,2025-07-22,Registered,3.0,Audit
REG000334,STU00035,SEC00286,2025FA,2025-07-25,Dropped,0.0,Letter
REG000335,STU00035,SEC00213,2025SU,2025-05-01,Registered,3.0,Audit
REG000336,STU00035,SEC00214,2025SU,2025-04-16,Registered,3.0,Audit
REG000337,STU00036,SEC00071,2024FA,2024-08-18,Registered,3.0,Pass Fail
REG000338,STU00036,SEC00072,2024FA,2024-08-03,Registered,3.0,Pass Fail
REG000339,STU00036,SEC00287,2025FA,2025-07-23,Registered,3.0,Letter
REG000340,STU00036,SEC00288,2025FA,2025-08-01,Registered,3.0,Audit
REG000341,STU00036,SEC00215,2025SU,2025-04-29,Registered,3.0,Pass Fail
REG000342,STU00036,SEC00216,2025SU,2025-04-26,Registered,3.0,Audit
REG000343,STU00036,SEC00144,2025WI,2024-12-18,Registered,3.0,Pass Fail
REG000344,STU00036,SEC00143,2025WI,2024-12-20,Registered,3.0,Pass Fail
REG000345,STU00036,SEC00431,2026SU,2026-05-01,Registered,3.0,Pass Fail
REG000346,STU00036,SEC00432,2026SU,2026-04-15,Dropped,0.0,Pass Fail
REG000347,STU00036,SEC00359,2026WI,2026-01-03,Registered,3.0,Letter
REG000348,STU00036,SEC00360,2026WI,2025-12-23,Registered,3.0,Audit
REG000349,STU00037,SEC00001,2024FA,2024-08-15,Registered,3.0,Pass Fail
REG000350,STU00037,SEC00002,2024FA,2024-07-28,Registered,3.0,Pass Fail
REG000351,STU00037,SEC00218,2025FA,2025-08-03,Registered,3.0,Letter
REG000352,STU00037,SEC00217,2025FA,2025-07-21,Registered,3.0,Pass Fail
REG000353,STU00037,SEC00145,2025SU,2025-04-09,Registered,3.0,Letter
REG000354,STU00037,SEC00146,2025SU,2025-04-14,Registered,3.0,Letter
REG000355,STU00037,SEC00073,2025WI,2024-12-24,Registered,3.0,Letter
REG000356,STU00037,SEC00074,2025WI,2024-12-13,Registered,3.0,Letter
REG000357,STU00037,SEC00290,2026WI,2025-12-21,Registered,3.0,Letter
REG000358,STU00037,SEC00289,2026WI,2025-12-24,Registered,3.0,Letter
REG000359,STU00038,SEC00003,2024FA,2024-08-06,Registered,3.0,Letter
REG000360,STU00038,SEC00004,2024FA,2024-07-25,Registered,3.0,Audit
REG000361,STU00038,SEC00219,2025FA,2025-07-27,Registered,3.0,Letter
REG000362,STU00038,SEC00220,2025FA,2025-08-11,Registered,3.0,Audit
REG000363,STU00038,SEC00147,2025SU,2025-04-24,Dropped,0.0,Letter
REG000364,STU00038,SEC00148,2025SU,2025-04-12,Registered,3.0,Pass Fail
REG000365,STU00038,SEC00363,2026SU,2026-04-07,Registered,3.0,Pass Fail
REG000366,STU00038,SEC00364,2026SU,2026-04-27,Registered,3.0,Letter
REG000367,STU00038,SEC00292,2026WI,2026-01-04,Registered,3.0,Pass Fail
REG000368,STU00038,SEC00291,2026WI,2025-12-09,Registered,3.0,Audit
REG000369,STU00039,SEC00222,2025FA,2025-08-10,Registered,3.0,Audit
REG000370,STU00039,SEC00221,2025FA,2025-08-13,Registered,3.0,Letter
REG000371,STU00039,SEC00149,2025SU,2025-04-25,Registered,3.0,Audit
REG000372,STU00039,SEC00150,2025SU,2025-04-12,Registered,3.0,Audit
REG000373,STU00039,SEC00078,2025WI,2024-12-13,Registered,3.0,Audit
REG000374,STU00039,SEC00077,2025WI,2024-12-17,Registered,3.0,Letter
REG000375,STU00039,SEC00366,2026SU,2026-04-21,Registered,3.0,Pass Fail
REG000376,STU00039,SEC00365,2026SU,2026-04-11,Registered,3.0,Audit
REG000377,STU00039,SEC00294,2026WI,2025-12-22,Registered,3.0,Letter
REG000378,STU00039,SEC00293,2026WI,2025-12-31,Registered,3.0,Letter
REG000379,STU00040,SEC00008,2024FA,2024-07-27,Registered,3.0,Audit
REG000380,STU00040,SEC00007,2024FA,2024-08-10,Registered,3.0,Pass Fail
REG000381,STU00040,SEC00224,2025FA,2025-08-02,Registered,3.0,Pass Fail
REG000382,STU00040,SEC00223,2025FA,2025-08-14,Registered,3.0,Pass Fail
REG000383,STU00040,SEC00151,2025SU,2025-04-28,Registered,3.0,Letter
REG000384,STU00040,SEC00152,2025SU,2025-04-18,Registered,3.0,Letter
REG000385,STU00040,SEC00079,2025WI,2025-01-03,Registered,3.0,Audit
REG000386,STU00040,SEC00080,2025WI,2025-01-05,Registered,3.0,Letter
REG000387,STU00040,SEC00296,2026WI,2025-12-22,Registered,3.0,Letter
REG000388,STU00040,SEC00295,2026WI,2025-12-09,Dropped,0.0,Letter
REG000389,STU00041,SEC00010,2024FA,2024-07-27,Registered,3.0,Audit
REG000390,STU00041,SEC00009,2024FA,2024-08-17,Withdrawn,3.0,Letter
REG000391,STU00041,SEC00225,2025FA,2025-08-07,Registered,3.0,Pass Fail
REG000392,STU00041,SEC00226,2025FA,2025-08-11,Withdrawn,3.0,Audit
REG000393,STU00041,SEC00154,2025SU,2025-04-09,Registered,3.0,Letter
REG000394,STU00041,SEC00153,2025SU,2025-04-19,Registered,3.0,Pass Fail
REG000395,STU00041,SEC00082,2025WI,2024-12-09,Registered,3.0,Audit
REG000396,STU00041,SEC00081,2025WI,2024-12-13,Registered,3.0,Letter
REG000397,STU00041,SEC00370,2026SU,2026-04-25,Registered,3.0,Pass Fail
REG000398,STU00041,SEC00369,2026SU,2026-04-27,Dropped,0.0,Letter
REG000399,STU00041,SEC00297,2026WI,2025-12-11,Registered,3.0,Pass Fail
REG000400,STU00041,SEC00298,2026WI,2026-01-04,Registered,3.0,Pass Fail
REG000401,STU00042,SEC00011,2024FA,2024-07-28,Registered,3.0,Audit
REG000402,STU00042,SEC00012,2024FA,2024-08-06,Registered,3.0,Letter
REG000403,STU00042,SEC00227,2025FA,2025-08-02,Registered,3.0,Audit
REG000404,STU00042,SEC00228,2025FA,2025-07-26,Registered,3.0,Audit
REG000405,STU00042,SEC00083,2025WI,2024-12-18,Registered,3.0,Letter
REG000406,STU00042,SEC00084,2025WI,2025-01-05,Registered,3.0,Pass Fail
REG000407,STU00042,SEC00371,2026SU,2026-05-02,Registered,3.0,Pass Fail
REG000408,STU00042,SEC00372,2026SU,2026-04-25,Registered,3.0,Audit
REG000409,STU00042,SEC00300,2026WI,2025-12-16,Registered,3.0,Audit
REG000410,STU00042,SEC00299,2026WI,2026-01-01,Registered,3.0,Pass Fail
REG000411,STU00043,SEC00014,2024FA,2024-07-28,Registered,3.0,Audit
REG000412,STU00043,SEC00013,2024FA,2024-07-26,Registered,3.0,Letter
REG000413,STU00043,SEC00230,2025FA,2025-08-14,Withdrawn,3.0,Audit
REG000414,STU00043,SEC00229,2025FA,2025-08-01,Registered,3.0,Audit
REG000415,STU00043,SEC00158,2025SU,2025-05-01,Registered,3.0,Audit
REG000416,STU00043,SEC00157,2025SU,2025-04-15,Registered,3.0,Audit
REG000417,STU00043,SEC00085,2025WI,2024-12-17,Registered,3.0,Letter
REG000418,STU00043,SEC00086,2025WI,2024-12-17,Registered,3.0,Pass Fail
REG000419,STU00043,SEC00373,2026SU,2026-05-01,Registered,3.0,Letter
REG000420,STU00043,SEC00374,2026SU,2026-04-26,Registered,3.0,Audit
REG000421,STU00043,SEC00301,2026WI,2025-12-25,Registered,3.0,Letter
REG000422,STU00043,SEC00302,2026WI,2025-12-27,Registered,3.0,Letter
REG000423,STU00044,SEC00015,2024FA,2024-08-14,Registered,3.0,Audit
REG000424,STU00044,SEC00016,2024FA,2024-07-25,Registered,3.0,Audit
REG000425,STU00044,SEC00232,2025FA,2025-08-08,Registered,3.0,Letter
REG000426,STU00044,SEC00231,2025FA,2025-07-22,Registered,3.0,Letter
REG000427,STU00044,SEC00159,2025SU,2025-04-27,Registered,3.0,Audit
REG000428,STU00044,SEC00160,2025SU,2025-04-30,Registered,3.0,Pass Fail
REG000429,STU00044,SEC00087,2025WI,2024-12-27,Registered,3.0,Letter
REG000430,STU00044,SEC00088,2025WI,2024-12-18,Withdrawn,3.0,Letter
REG000431,STU00044,SEC00375,2026SU,2026-04-09,Dropped,0.0,Audit
REG000432,STU00044,SEC00376,2026SU,2026-04-26,Registered,3.0,Pass Fail
REG000433,STU00045,SEC00234,2025FA,2025-07-30,Registered,3.0,Pass Fail
REG000434,STU00045,SEC00233,2025FA,2025-07-23,Withdrawn,3.0,Letter
REG000435,STU00045,SEC00162,2025SU,2025-04-21,Registered,3.0,Audit
REG000436,STU00045,SEC00161,2025SU,2025-04-28,Registered,3.0,Audit
REG000437,STU00045,SEC00377,2026SU,2026-05-02,Registered,3.0,Letter
REG000438,STU00045,SEC00378,2026SU,2026-04-07,Registered,3.0,Pass Fail
REG000439,STU00046,SEC00235,2025FA,2025-08-03,Registered,3.0,Letter
REG000440,STU00046,SEC00236,2025FA,2025-08-03,Registered,3.0,Letter
REG000441,STU00046,SEC00164,2025SU,2025-04-27,Registered,3.0,Audit
REG000442,STU00046,SEC00163,2025SU,2025-04-09,Registered,3.0,Pass Fail
REG000443,STU00046,SEC00092,2025WI,2024-12-26,Registered,3.0,Audit
REG000444,STU00046,SEC00091,2025WI,2025-01-01,Registered,3.0,Letter
REG000445,STU00046,SEC00380,2026SU,2026-04-23,Registered,3.0,Pass Fail
REG000446,STU00046,SEC00379,2026SU,2026-04-29,Registered,3.0,Letter
REG000447,STU00046,SEC00308,2026WI,2026-01-03,Registered,3.0,Pass Fail
REG000448,STU00046,SEC00307,2026WI,2025-12-12,Registered,3.0,Audit
REG000449,STU00047,SEC00021,2024FA,2024-08-02,Registered,3.0,Pass Fail
REG000450,STU00047,SEC00022,2024FA,2024-08-13,Registered,3.0,Pass Fail
REG000451,STU00047,SEC00237,2025FA,2025-08-10,Registered,3.0,Letter
REG000452,STU00047,SEC00238,2025FA,2025-08-12,Registered,3.0,Letter
REG000453,STU00047,SEC00310,2026WI,2025-12-19,Registered,3.0,Letter
REG000454,STU00047,SEC00309,2026WI,2025-12-22,Registered,3.0,Audit
REG000455,STU00048,SEC00024,2024FA,2024-08-08,Registered,3.0,Pass Fail
REG000456,STU00048,SEC00023,2024FA,2024-08-18,Registered,3.0,Audit
REG000457,STU00048,SEC00095,2025WI,2024-12-28,Registered,3.0,Letter
REG000458,STU00048,SEC00096,2025WI,2025-01-03,Withdrawn,3.0,Letter
REG000459,STU00048,SEC00383,2026SU,2026-04-22,Registered,3.0,Letter
REG000460,STU00048,SEC00384,2026SU,2026-04-15,Registered,3.0,Audit
REG000461,STU00048,SEC00312,2026WI,2025-12-23,Registered,3.0,Letter
REG000462,STU00048,SEC00311,2026WI,2025-12-14,Registered,3.0,Pass Fail
REG000463,STU00049,SEC00241,2025FA,2025-08-13,Registered,3.0,Pass Fail
REG000464,STU00049,SEC00242,2025FA,2025-08-08,Registered,3.0,Letter
REG000465,STU00049,SEC00385,2026SU,2026-04-06,Registered,3.0,Pass Fail
REG000466,STU00049,SEC00386,2026SU,2026-04-20,Registered,3.0,Audit
REG000467,STU00049,SEC00314,2026WI,2025-12-10,Registered,3.0,Audit
REG000468,STU00049,SEC00313,2026WI,2025-12-20,Registered,3.0,Audit
REG000469,STU00050,SEC00027,2024FA,2024-08-14,Registered,3.0,Letter
REG000470,STU00050,SEC00028,2024FA,2024-08-11,Withdrawn,3.0,Audit
REG000471,STU00050,SEC00172,2025SU,2025-04-23,Registered,3.0,Letter
REG000472,STU00050,SEC00171,2025SU,2025-05-02,Registered,3.0,Audit
REG000473,STU00050,SEC00387,2026SU,2026-04-26,Registered,3.0,Audit
REG000474,STU00050,SEC00388,2026SU,2026-04-15,Registered,3.0,Audit
REG000475,STU00051,SEC00030,2024FA,2024-07-29,Registered,3.0,Pass Fail
REG000476,STU00051,SEC00029,2024FA,2024-08-04,Registered,3.0,Letter
REG000477,STU00051,SEC00101,2025WI,2024-12-21,Registered,3.0,Letter
REG000478,STU00051,SEC00102,2025WI,2024-12-27,Registered,3.0,Pass Fail
REG000479,STU00051,SEC00389,2026SU,2026-04-27,Registered,3.0,Pass Fail
REG000480,STU00051,SEC00390,2026SU,2026-04-14,Registered,3.0,Letter
REG000481,STU00051,SEC00318,2026WI,2025-12-19,Registered,3.0,Pass Fail
REG000482,STU00051,SEC00317,2026WI,2025-12-16,Registered,3.0,Audit
REG000483,STU00052,SEC00248,2025FA,2025-08-06,Registered,3.0,Letter
REG000484,STU00052,SEC00247,2025FA,2025-08-01,Registered,3.0,Letter
REG000485,STU00052,SEC00176,2025SU,2025-04-29,Dropped,0.0,Letter
REG000486,STU00052,SEC00175,2025SU,2025-04-13,Dropped,0.0,Pass Fail
REG000487,STU00052,SEC00103,2025WI,2024-12-18,Registered,3.0,Letter
REG000488,STU00052,SEC00104,2025WI,2024-12-09,Registered,3.0,Letter
REG000489,STU00052,SEC00391,2026SU,2026-04-19,Registered,3.0,Letter
REG000490,STU00052,SEC00392,2026SU,2026-04-07,Registered,3.0,Pass Fail
REG000491,STU00052,SEC00319,2026WI,2025-12-22,Registered,3.0,Audit
REG000492,STU00052,SEC00320,2026WI,2025-12-20,Dropped,0.0,Pass Fail
REG000493,STU00053,SEC00033,2024FA,2024-07-22,Registered,3.0,Audit
REG000494,STU00053,SEC00034,2024FA,2024-07-22,Registered,3.0,Letter
REG000495,STU00053,SEC00177,2025SU,2025-05-02,Registered,3.0,Letter
REG000496,STU00053,SEC00178,2025SU,2025-04-13,Registered,3.0,Letter
REG000497,STU00053,SEC00105,2025WI,2024-12-29,Registered,3.0,Letter
REG000498,STU00053,SEC00106,2025WI,2024-12-12,Registered,3.0,Pass Fail
REG000499,STU00053,SEC00393,2026SU,2026-04-08,Registered,3.0,Letter
REG000500,STU00053,SEC00394,2026SU,2026-05-03,Dropped,0.0,Audit
REG000501,STU00053,SEC00322,2026WI,2025-12-14,Registered,3.0,Pass Fail
REG000502,STU00053,SEC00321,2026WI,2026-01-04,Registered,3.0,Audit
REG000503,STU00054,SEC00035,2024FA,2024-08-07,Withdrawn,3.0,Letter
REG000504,STU00054,SEC00036,2024FA,2024-08-10,Registered,3.0,Letter
REG000505,STU00054,SEC00251,2025FA,2025-08-01,Registered,3.0,Letter
REG000506,STU00054,SEC00252,2025FA,2025-07-27,Registered,3.0,Letter
REG000507,STU00054,SEC00180,2025SU,2025-04-12,Registered,3.0,Letter
REG000508,STU00054,SEC00179,2025SU,2025-04-10,Registered,3.0,Audit
REG000509,STU00054,SEC00107,2025WI,2024-12-27,Registered,3.0,Audit
REG000510,STU00054,SEC00108,2025WI,2024-12-13,Registered,3.0,Audit
REG000511,STU00054,SEC00396,2026SU,2026-04-28,Registered,3.0,Pass Fail
REG000512,STU00054,SEC00395,2026SU,2026-04-21,Registered,3.0,Pass Fail
REG000513,STU00054,SEC00324,2026WI,2025-12-12,Registered,3.0,Pass Fail
REG000514,STU00054,SEC00323,2026WI,2025-12-19,Registered,3.0,Letter
REG000515,STU00055,SEC00253,2025FA,2025-07-26,Registered,3.0,Pass Fail
REG000516,STU00055,SEC00254,2025FA,2025-08-10,Registered,3.0,Pass Fail
REG000517,STU00055,SEC00181,2025SU,2025-04-18,Withdrawn,3.0,Pass Fail
REG000518,STU00055,SEC00182,2025SU,2025-04-25,Registered,3.0,Audit
REG000519,STU00055,SEC00110,2025WI,2024-12-25,Registered,3.0,Audit
REG000520,STU00055,SEC00109,2025WI,2024-12-09,Registered,3.0,Letter
REG000521,STU00055,SEC00397,2026SU,2026-04-29,Registered,3.0,Audit
REG000522,STU00055,SEC00398,2026SU,2026-04-30,Registered,3.0,Audit
REG000523,STU00055,SEC00326,2026WI,2026-01-04,Registered,3.0,Pass Fail
REG000524,STU00055,SEC00325,2026WI,2025-12-12,Dropped,0.0,Audit
REG000525,STU00056,SEC00040,2024FA,2024-08-15,Registered,3.0,Letter
REG000526,STU00056,SEC00039,2024FA,2024-07-27,Registered,3.0,Audit
REG000527,STU00056,SEC00256,2025FA,2025-08-06,Registered,3.0,Letter
REG000528,STU00056,SEC00255,2025FA,2025-07-30,Registered,3.0,Audit
REG000529,STU00056,SEC00400,2026SU,2026-04-25,Registered,3.0,Pass Fail
REG000530,STU00056,SEC00399,2026SU,2026-04-07,Registered,3.0,Pass Fail
REG000531,STU00057,SEC00258,2025FA,2025-08-04,Registered,3.0,Letter
REG000532,STU00057,SEC00257,2025FA,2025-08-06,Registered,3.0,Pass Fail
REG000533,STU00057,SEC00402,2026SU,2026-04-10,Registered,3.0,Audit
REG000534,STU00057,SEC00401,2026SU,2026-04-28,Dropped,0.0,Audit
REG000535,STU00057,SEC00330,2026WI,2025-12-27,Registered,3.0,Audit
REG000536,STU00057,SEC00329,2026WI,2025-12-29,Registered,3.0,Audit
REG000537,STU00058,SEC00043,2024FA,2024-08-07,Registered,3.0,Audit
REG000538,STU00058,SEC00044,2024FA,2024-08-03,Dropped,0.0,Letter
REG000539,STU00058,SEC00260,2025FA,2025-08-17,Registered,3.0,Letter
REG000540,STU00058,SEC00259,2025FA,2025-08-17,Dropped,0.0,Audit
REG000541,STU00058,SEC00188,2025SU,2025-04-24,Registered,3.0,Audit
REG000542,STU00058,SEC00187,2025SU,2025-05-03,Registered,3.0,Pass Fail
REG000543,STU00058,SEC00404,2026SU,2026-04-30,Registered,3.0,Letter
REG000544,STU00058,SEC00403,2026SU,2026-04-23,Registered,3.0,Pass Fail
REG000545,STU00058,SEC00332,2026WI,2025-12-25,Registered,3.0,Audit
REG000546,STU00058,SEC00331,2026WI,2025-12-14,Registered,3.0,Pass Fail
REG000547,STU00059,SEC00189,2025SU,2025-04-12,Registered,3.0,Audit
REG000548,STU00059,SEC00190,2025SU,2025-04-25,Registered,3.0,Letter
REG000549,STU00059,SEC00405,2026SU,2026-04-18,Registered,3.0,Audit
REG000550,STU00059,SEC00406,2026SU,2026-04-11,Registered,3.0,Audit
REG000551,STU00059,SEC00333,2026WI,2025-12-17,Registered,3.0,Pass Fail
REG000552,STU00059,SEC00334,2026WI,2026-01-02,Dropped,0.0,Pass Fail
REG000553,STU00060,SEC00048,2024FA,2024-07-25,Registered,3.0,Audit
REG000554,STU00060,SEC00047,2024FA,2024-08-15,Registered,3.0,Pass Fail
REG000555,STU00060,SEC00191,2025SU,2025-04-11,Registered,3.0,Audit
REG000556,STU00060,SEC00192,2025SU,2025-04-11,Registered,3.0,Audit
REG000557,STU00060,SEC00119,2025WI,2025-01-04,Registered,3.0,Audit
REG000558,STU00060,SEC00120,2025WI,2024-12-23,Withdrawn,3.0,Letter
REG000559,STU00060,SEC00336,2026WI,2025-12-09,Registered,3.0,Audit
REG000560,STU00060,SEC00335,2026WI,2025-12-12,Registered,3.0,Letter
REG000561,STU00061,SEC00049,2024FA,2024-07-31,Registered,3.0,Pass Fail
REG000562,STU00061,SEC00050,2024FA,2024-07-30,Registered,3.0,Audit
REG000563,STU00061,SEC00266,2025FA,2025-08-01,Registered,3.0,Pass Fail
REG000564,STU00061,SEC00265,2025FA,2025-07-30,Registered,3.0,Pass Fail
REG000565,STU00061,SEC00194,2025SU,2025-04-16,Registered,3.0,Letter
REG000566,STU00061,SEC00193,2025SU,2025-04-12,Registered,3.0,Pass Fail
REG000567,STU00061,SEC00121,2025WI,2024-12-19,Registered,3.0,Pass Fail
REG000568,STU00061,SEC00122,2025WI,2025-01-04,Registered,3.0,Letter
REG000569,STU00061,SEC00337,2026WI,2025-12-19,Registered,3.0,Pass Fail
REG000570,STU00061,SEC00338,2026WI,2025-12-12,Registered,3.0,Pass Fail
REG000571,STU00062,SEC00051,2024FA,2024-07-24,Dropped,0.0,Audit
REG000572,STU00062,SEC00052,2024FA,2024-07-28,Registered,3.0,Letter
REG000573,STU00062,SEC00268,2025FA,2025-07-28,Registered,3.0,Letter
REG000574,STU00062,SEC00267,2025FA,2025-07-24,Registered,3.0,Pass Fail
REG000575,STU00062,SEC00195,2025SU,2025-04-11,Dropped,0.0,Letter
REG000576,STU00062,SEC00196,2025SU,2025-04-24,Registered,3.0,Pass Fail
REG000577,STU00062,SEC00124,2025WI,2024-12-21,Registered,3.0,Letter
REG000578,STU00062,SEC00123,2025WI,2024-12-14,Withdrawn,3.0,Letter
REG000579,STU00062,SEC00411,2026SU,2026-04-13,Registered,3.0,Audit
REG000580,STU00062,SEC00412,2026SU,2026-04-16,Dropped,0.0,Pass Fail
REG000581,STU00062,SEC00340,2026WI,2025-12-17,Registered,3.0,Audit
REG000582,STU00062,SEC00339,2026WI,2025-12-14,Registered,3.0,Letter
REG000583,STU00063,SEC00126,2025WI,2024-12-25,Registered,3.0,Audit
REG000584,STU00063,SEC00125,2025WI,2024-12-20,Registered,3.0,Pass Fail
REG000585,STU00063,SEC00414,2026SU,2026-04-21,Registered,3.0,Letter
REG000586,STU00063,SEC00413,2026SU,2026-04-11,Registered,3.0,Pass Fail
REG000587,STU00063,SEC00342,2026WI,2025-12-23,Registered,3.0,Audit
REG000588,STU00063,SEC00341,2026WI,2026-01-02,Registered,3.0,Letter
REG000589,STU00064,SEC00056,2024FA,2024-07-22,Registered,3.0,Pass Fail
REG000590,STU00064,SEC00055,2024FA,2024-07-29,Registered,3.0,Audit
REG000591,STU00064,SEC00271,2025FA,2025-08-11,Registered,3.0,Audit
REG000592,STU00064,SEC00272,2025FA,2025-08-10,Registered,3.0,Pass Fail
REG000593,STU00064,SEC00199,2025SU,2025-04-10,Registered,3.0,Pass Fail
REG000594,STU00064,SEC00200,2025SU,2025-05-04,Registered,3.0,Letter
REG000595,STU00064,SEC00128,2025WI,2024-12-15,Registered,3.0,Letter
REG000596,STU00064,SEC00127,2025WI,2024-12-24,Registered,3.0,Letter
REG000597,STU00064,SEC00343,2026WI,2025-12-28,Registered,3.0,Pass Fail
REG000598,STU00064,SEC00344,2026WI,2025-12-15,Registered,3.0,Audit
REG000599,STU00065,SEC00058,2024FA,2024-07-22,Registered,3.0,Pass Fail
REG000600,STU00065,SEC00057,2024FA,2024-08-17,Registered,3.0,Audit
REG000601,STU00065,SEC00273,2025FA,2025-08-16,Registered,3.0,Letter
REG000602,STU00065,SEC00274,2025FA,2025-07-21,Registered,3.0,Pass Fail
REG000603,STU00065,SEC00418,2026SU,2026-04-23,Registered,3.0,Pass Fail
REG000604,STU00065,SEC00417,2026SU,2026-04-09,Registered,3.0,Pass Fail
REG000605,STU00065,SEC00346,2026WI,2025-12-15,Registered,3.0,Letter
REG000606,STU00065,SEC00345,2026WI,2025-12-13,Registered,3.0,Audit
REG000607,STU00066,SEC00059,2024FA,2024-07-27,Registered,3.0,Audit
REG000608,STU00066,SEC00060,2024FA,2024-08-09,Registered,3.0,Pass Fail
REG000609,STU00066,SEC00276,2025FA,2025-08-12,Registered,3.0,Audit
REG000610,STU00066,SEC00275,2025FA,2025-07-23,Registered,3.0,Pass Fail
REG000611,STU00066,SEC00204,2025SU,2025-04-26,Registered,3.0,Letter
REG000612,STU00066,SEC00203,2025SU,2025-04-23,Registered,3.0,Letter
REG000613,STU00066,SEC00132,2025WI,2024-12-30,Registered,3.0,Letter
REG000614,STU00066,SEC00131,2025WI,2024-12-23,Registered,3.0,Audit
REG000615,STU00066,SEC00420,2026SU,2026-04-18,Registered,3.0,Audit
REG000616,STU00066,SEC00419,2026SU,2026-04-28,Registered,3.0,Letter
REG000617,STU00067,SEC00061,2024FA,2024-08-09,Registered,3.0,Audit
REG000618,STU00067,SEC00062,2024FA,2024-08-06,Registered,3.0,Letter
REG000619,STU00067,SEC00278,2025FA,2025-08-09,Registered,3.0,Pass Fail
REG000620,STU00067,SEC00277,2025FA,2025-07-30,Registered,3.0,Letter
REG000621,STU00067,SEC00205,2025SU,2025-04-13,Registered,3.0,Audit
REG000622,STU00067,SEC00206,2025SU,2025-04-23,Registered,3.0,Audit
REG000623,STU00067,SEC00133,2025WI,2024-12-18,Registered,3.0,Letter
REG000624,STU00067,SEC00134,2025WI,2025-01-05,Registered,3.0,Audit
REG000625,STU00067,SEC00422,2026SU,2026-04-14,Registered,3.0,Audit
REG000626,STU00067,SEC00421,2026SU,2026-04-11,Registered,3.0,Pass Fail
REG000627,STU00067,SEC00349,2026WI,2025-12-31,Registered,3.0,Letter
REG000628,STU00067,SEC00350,2026WI,2025-12-30,Registered,3.0,Audit
REG000629,STU00068,SEC00064,2024FA,2024-07-24,Registered,3.0,Letter
REG000630,STU00068,SEC00063,2024FA,2024-07-27,Registered,3.0,Audit
REG000631,STU00068,SEC00279,2025FA,2025-08-03,Registered,3.0,Pass Fail
REG000632,STU00068,SEC00280,2025FA,2025-08-01,Withdrawn,3.0,Pass Fail
REG000633,STU00068,SEC00351,2026WI,2025-12-24,Registered,3.0,Pass Fail
REG000634,STU00068,SEC00352,2026WI,2025-12-11,Registered,3.0,Pass Fail
REG000635,STU00069,SEC00065,2024FA,2024-08-13,Registered,3.0,Letter
REG000636,STU00069,SEC00066,2024FA,2024-07-22,Registered,3.0,Pass Fail
REG000637,STU00069,SEC00209,2025SU,2025-04-13,Withdrawn,3.0,Audit
REG000638,STU00069,SEC00210,2025SU,2025-04-14,Dropped,0.0,Letter
REG000639,STU00069,SEC00137,2025WI,2024-12-19,Registered,3.0,Pass Fail
REG000640,STU00069,SEC00138,2025WI,2024-12-25,Registered,3.0,Audit
REG000641,STU00069,SEC00354,2026WI,2025-12-27,Dropped,0.0,Audit
REG000642,STU00069,SEC00353,2026WI,2025-12-16,Registered,3.0,Letter
REG000643,STU00070,SEC00068,2024FA,2024-07-29,Registered,3.0,Letter
REG000644,STU00070,SEC00067,2024FA,2024-08-02,Registered,3.0,Letter
REG000645,STU00070,SEC00283,2025FA,2025-07-21,Registered,3.0,Pass Fail
REG000646,STU00070,SEC00284,2025FA,2025-07-27,Withdrawn,3.0,Audit
REG000647,STU00070,SEC00212,2025SU,2025-04-23,Registered,3.0,Letter
REG000648,STU00070,SEC00211,2025SU,2025-04-29,Registered,3.0,Pass Fail
REG000649,STU00070,SEC00140,2025WI,2025-01-04,Registered,3.0,Audit
REG000650,STU00070,SEC00139,2025WI,2024-12-16,Registered,3.0,Audit
REG000651,STU00070,SEC00427,2026SU,2026-04-12,Registered,3.0,Pass Fail
REG000652,STU00070,SEC00428,2026SU,2026-04-12,Registered,3.0,Pass Fail
REG000653,STU00070,SEC00355,2026WI,2026-01-01,Registered,3.0,Letter
REG000654,STU00070,SEC00356,2026WI,2025-12-24,Registered,3.0,Pass Fail
REG000655,STU00071,SEC00069,2024FA,2024-08-05,Registered,3.0,Letter
REG000656,STU00071,SEC00070,2024FA,2024-08-13,Registered,3.0,Letter
REG000657,STU00071,SEC00214,2025SU,2025-04-23,Registered,3.0,Pass Fail
REG000658,STU00071,SEC00213,2025SU,2025-04-15,Withdrawn,3.0,Pass Fail
REG000659,STU00071,SEC00141,2025WI,2025-01-04,Registered,3.0,Pass Fail
REG000660,STU00071,SEC00142,2025WI,2024-12-14,Dropped,0.0,Audit
REG000661,STU00071,SEC00357,2026WI,2025-12-10,Registered,3.0,Pass Fail
REG000662,STU00071,SEC00358,2026WI,2025-12-13,Registered,3.0,Pass Fail
REG000663,STU00072,SEC00072,2024FA,2024-08-02,Withdrawn,3.0,Letter
REG000664,STU00072,SEC00071,2024FA,2024-08-11,Registered,3.0,Letter
REG000665,STU00072,SEC00287,2025FA,2025-08-06,Registered,3.0,Audit
REG000666,STU00072,SEC00288,2025FA,2025-07-27,Registered,3.0,Letter
REG000667,STU00072,SEC00143,2025WI,2025-01-01,Registered,3.0,Audit
REG000668,STU00072,SEC00144,2025WI,2024-12-26,Registered,3.0,Letter
REG000669,STU00072,SEC00359,2026WI,2025-12-24,Registered,3.0,Letter
REG000670,STU00072,SEC00360,2026WI,2025-12-29,Registered,3.0,Letter
REG000671,STU00073,SEC00002,2024FA,2024-08-06,Registered,3.0,Pass Fail
REG000672,STU00073,SEC00001,2024FA,2024-08-04,Registered,3.0,Audit
REG000673,STU00073,SEC00218,2025FA,2025-07-26,Registered,3.0,Audit
REG000674,STU00073,SEC00217,2025FA,2025-08-10,Dropped,0.0,Letter
REG000675,STU00073,SEC00073,2025WI,2024-12-30,Withdrawn,3.0,Audit
REG000676,STU00073,SEC00074,2025WI,2024-12-27,Registered,3.0,Pass Fail
REG000677,STU00073,SEC00361,2026SU,2026-04-26,Registered,3.0,Pass Fail
REG000678,STU00073,SEC00362,2026SU,2026-04-12,Registered,3.0,Pass Fail
REG000679,STU00073,SEC00290,2026WI,2025-12-24,Registered,3.0,Letter
REG000680,STU00073,SEC00289,2026WI,2026-01-04,Registered,3.0,Pass Fail
REG000681,STU00074,SEC00004,2024FA,2024-08-18,Registered,3.0,Audit
REG000682,STU00074,SEC00003,2024FA,2024-07-26,Registered,3.0,Pass Fail
REG000683,STU00074,SEC00220,2025FA,2025-08-06,Registered,3.0,Audit
REG000684,STU00074,SEC00219,2025FA,2025-08-14,Registered,3.0,Audit
REG000685,STU00074,SEC00076,2025WI,2025-01-01,Registered,3.0,Letter
REG000686,STU00074,SEC00075,2025WI,2024-12-13,Registered,3.0,Pass Fail
REG000687,STU00074,SEC00364,2026SU,2026-04-13,Registered,3.0,Pass Fail
REG000688,STU00074,SEC00363,2026SU,2026-04-17,Registered,3.0,Audit
REG000689,STU00074,SEC00291,2026WI,2025-12-17,Withdrawn,3.0,Letter
REG000690,STU00074,SEC00292,2026WI,2025-12-23,Registered,3.0,Letter
REG000691,STU00075,SEC00006,2024FA,2024-08-12,Registered,3.0,Audit
REG000692,STU00075,SEC00005,2024FA,2024-08-09,Registered,3.0,Pass Fail
REG000693,STU00075,SEC00150,2025SU,2025-05-04,Registered,3.0,Pass Fail
REG000694,STU00075,SEC00149,2025SU,2025-04-22,Registered,3.0,Pass Fail
REG000695,STU00075,SEC00365,2026SU,2026-04-15,Registered,3.0,Letter
REG000696,STU00075,SEC00366,2026SU,2026-04-08,Withdrawn,3.0,Pass Fail
REG000697,STU00076,SEC00007,2024FA,2024-07-31,Registered,3.0,Letter
REG000698,STU00076,SEC00008,2024FA,2024-08-06,Registered,3.0,Letter
REG000699,STU00076,SEC00223,2025FA,2025-07-22,Withdrawn,3.0,Letter
REG000700,STU00076,SEC00224,2025FA,2025-07-24,Registered,3.0,Pass Fail
REG000701,STU00076,SEC00151,2025SU,2025-04-09,Registered,3.0,Pass Fail
REG000702,STU00076,SEC00152,2025SU,2025-04-22,Registered,3.0,Audit
REG000703,STU00076,SEC00079,2025WI,2025-01-03,Registered,3.0,Audit
REG000704,STU00076,SEC00080,2025WI,2024-12-29,Registered,3.0,Pass Fail
REG000705,STU00076,SEC00367,2026SU,2026-04-30,Dropped,0.0,Letter
REG000706,STU00076,SEC00368,2026SU,2026-04-10,Registered,3.0,Letter
REG000707,STU00076,SEC00295,2026WI,2025-12-28,Withdrawn,3.0,Letter
REG000708,STU00076,SEC00296,2026WI,2025-12-26,Registered,3.0,Audit
REG000709,STU00077,SEC00225,2025FA,2025-08-08,Registered,3.0,Pass Fail
REG000710,STU00077,SEC00226,2025FA,2025-07-27,Registered,3.0,Pass Fail
REG000711,STU00077,SEC00153,2025SU,2025-04-21,Registered,3.0,Audit
REG000712,STU00077,SEC00154,2025SU,2025-05-03,Registered,3.0,Audit
REG000713,STU00077,SEC00082,2025WI,2024-12-21,Registered,3.0,Letter
REG000714,STU00077,SEC00081,2025WI,2024-12-09,Registered,3.0,Audit
REG000715,STU00077,SEC00370,2026SU,2026-04-19,Registered,3.0,Letter
REG000716,STU00077,SEC00369,2026SU,2026-04-28,Registered,3.0,Pass Fail
REG000717,STU00077,SEC00298,2026WI,2025-12-22,Registered,3.0,Letter
REG000718,STU00077,SEC00297,2026WI,2025-12-28,Registered,3.0,Letter
REG000719,STU00078,SEC00011,2024FA,2024-08-02,Registered,3.0,Audit
REG000720,STU00078,SEC00012,2024FA,2024-08-12,Registered,3.0,Pass Fail
REG000721,STU00078,SEC00156,2025SU,2025-04-26,Registered,3.0,Audit
REG000722,STU00078,SEC00155,2025SU,2025-04-08,Registered,3.0,Audit
REG000723,STU00078,SEC00083,2025WI,2025-01-04,Registered,3.0,Audit
REG000724,STU00078,SEC00084,2025WI,2024-12-29,Registered,3.0,Audit
REG000725,STU00079,SEC00229,2025FA,2025-07-24,Registered,3.0,Pass Fail
REG000726,STU00079,SEC00230,2025FA,2025-08-16,Dropped,0.0,Pass Fail
REG000727,STU00079,SEC00158,2025SU,2025-04-24,Registered,3.0,Pass Fail
REG000728,STU00079,SEC00157,2025SU,2025-04-26,Registered,3.0,Pass Fail
REG000729,STU00079,SEC00373,2026SU,2026-04-08,Registered,3.0,Pass Fail
REG000730,STU00079,SEC00374,2026SU,2026-04-12,Registered,3.0,Pass Fail
REG000731,STU00079,SEC00301,2026WI,2025-12-08,Registered,3.0,Letter
REG000732,STU00079,SEC00302,2026WI,2025-12-13,Registered,3.0,Pass Fail
REG000733,STU00080,SEC00015,2024FA,2024-08-11,Registered,3.0,Audit
REG000734,STU00080,SEC00016,2024FA,2024-08-13,Registered,3.0,Pass Fail
REG000735,STU00080,SEC00232,2025FA,2025-08-10,Registered,3.0,Audit
REG000736,STU00080,SEC00231,2025FA,2025-08-12,Registered,3.0,Audit
REG000737,STU00080,SEC00088,2025WI,2024-12-27,Withdrawn,3.0,Letter
REG000738,STU00080,SEC00087,2025WI,2024-12-30,Registered,3.0,Pass Fail
REG000739,STU00080,SEC00376,2026SU,2026-04-08,Withdrawn,3.0,Pass Fail
REG000740,STU00080,SEC00375,2026SU,2026-04-30,Registered,3.0,Audit
REG000741,STU00080,SEC00303,2026WI,2025-12-20,Registered,3.0,Letter
REG000742,STU00080,SEC00304,2026WI,2025-12-18,Registered,3.0,Audit
REG000743,STU00081,SEC00018,2024FA,2024-08-18,Registered,3.0,Letter
REG000744,STU00081,SEC00017,2024FA,2024-08-05,Registered,3.0,Letter
REG000745,STU00081,SEC00234,2025FA,2025-07-30,Registered,3.0,Pass Fail
REG000746,STU00081,SEC00233,2025FA,2025-08-12,Registered,3.0,Letter
REG000747,STU00081,SEC00161,2025SU,2025-04-09,Registered,3.0,Pass Fail
REG000748,STU00081,SEC00162,2025SU,2025-04-08,Registered,3.0,Pass Fail
REG000749,STU00081,SEC00090,2025WI,2024-12-10,Registered,3.0,Pass Fail
REG000750,STU00081,SEC00089,2025WI,2024-12-30,Registered,3.0,Pass Fail
REG000751,STU00081,SEC00378,2026SU,2026-04-20,Registered,3.0,Pass Fail
REG000752,STU00081,SEC00377,2026SU,2026-04-11,Registered,3.0,Pass Fail
REG000753,STU00082,SEC00020,2024FA,2024-08-09,Registered,3.0,Audit
REG000754,STU00082,SEC00019,2024FA,2024-07-30,Registered,3.0,Audit
REG000755,STU00082,SEC00091,2025WI,2024-12-21,Withdrawn,3.0,Letter
REG000756,STU00082,SEC00092,2025WI,2024-12-16,Registered,3.0,Pass Fail
REG000757,STU00082,SEC00380,2026SU,2026-04-29,Registered,3.0,Audit
REG000758,STU00082,SEC00379,2026SU,2026-04-17,Dropped,0.0,Letter
REG000759,STU00082,SEC00308,2026WI,2025-12-22,Dropped,0.0,Pass Fail
REG000760,STU00082,SEC00307,2026WI,2025-12-20,Registered,3.0,Letter
REG000761,STU00083,SEC00022,2024FA,2024-08-08,Registered,3.0,Pass Fail
REG000762,STU00083,SEC00021,2024FA,2024-08-08,Registered,3.0,Letter
REG000763,STU00083,SEC00237,2025FA,2025-07-31,Registered,3.0,Pass Fail
REG000764,STU00083,SEC00238,2025FA,2025-07-21,Registered,3.0,Audit
REG000765,STU00083,SEC00166,2025SU,2025-04-12,Registered,3.0,Audit
REG000766,STU00083,SEC00165,2025SU,2025-05-03,Dropped,0.0,Pass Fail
REG000767,STU00083,SEC00381,2026SU,2026-04-24,Registered,3.0,Audit
REG000768,STU00083,SEC00382,2026SU,2026-04-06,Registered,3.0,Letter
REG000769,STU00083,SEC00309,2026WI,2025-12-11,Withdrawn,3.0,Audit
REG000770,STU00083,SEC00310,2026WI,2025-12-25,Withdrawn,3.0,Pass Fail
REG000771,STU00084,SEC00168,2025SU,2025-04-11,Registered,3.0,Pass Fail
REG000772,STU00084,SEC00167,2025SU,2025-04-30,Withdrawn,3.0,Audit
REG000773,STU00084,SEC00096,2025WI,2024-12-25,Registered,3.0,Letter
REG000774,STU00084,SEC00095,2025WI,2024-12-14,Registered,3.0,Letter
REG000775,STU00084,SEC00384,2026SU,2026-04-12,Registered,3.0,Letter
REG000776,STU00084,SEC00383,2026SU,2026-04-15,Withdrawn,3.0,Pass Fail
REG000777,STU00085,SEC00170,2025SU,2025-04-10,Withdrawn,3.0,Audit
REG000778,STU00085,SEC00169,2025SU,2025-04-19,Withdrawn,3.0,Audit
REG000779,STU00085,SEC00097,2025WI,2025-01-01,Registered,3.0,Letter
REG000780,STU00085,SEC00098,2025WI,2024-12-25,Dropped,0.0,Pass Fail
REG000781,STU00085,SEC00385,2026SU,2026-05-02,Withdrawn,3.0,Letter
REG000782,STU00085,SEC00386,2026SU,2026-04-15,Registered,3.0,Audit
REG000783,STU00085,SEC00313,2026WI,2025-12-24,Registered,3.0,Audit
REG000784,STU00085,SEC00314,2026WI,2025-12-20,Registered,3.0,Letter
REG000785,STU00086,SEC00028,2024FA,2024-08-10,Registered,3.0,Pass Fail
REG000786,STU00086,SEC00027,2024FA,2024-07-24,Registered,3.0,Pass Fail
REG000787,STU00086,SEC00243,2025FA,2025-08-17,Registered,3.0,Pass Fail
REG000788,STU00086,SEC00244,2025FA,2025-08-09,Registered,3.0,Audit
REG000789,STU00086,SEC00171,2025SU,2025-04-08,Registered,3.0,Pass Fail
REG000790,STU00086,SEC00172,2025SU,2025-05-01,Registered,3.0,Audit
REG000791,STU00086,SEC00099,2025WI,2024-12-17,Registered,3.0,Letter
REG000792,STU00086,SEC00100,2025WI,2024-12-27,Registered,3.0,Audit
REG000793,STU00086,SEC00387,2026SU,2026-05-02,Registered,3.0,Pass Fail
REG000794,STU00086,SEC00388,2026SU,2026-04-20,Registered,3.0,Pass Fail
REG000795,STU00086,SEC00315,2026WI,2025-12-11,Registered,3.0,Pass Fail
REG000796,STU00086,SEC00316,2026WI,2025-12-23,Registered,3.0,Pass Fail
REG000797,STU00087,SEC00029,2024FA,2024-08-15,Withdrawn,3.0,Pass Fail
REG000798,STU00087,SEC00030,2024FA,2024-08-15,Registered,3.0,Letter
REG000799,STU00087,SEC00246,2025FA,2025-08-09,Registered,3.0,Letter
REG000800,STU00087,SEC00245,2025FA,2025-07-24,Registered,3.0,Letter
REG000801,STU00087,SEC00102,2025WI,2024-12-29,Registered,3.0,Pass Fail
REG000802,STU00087,SEC00101,2025WI,2024-12-09,Registered,3.0,Audit
REG000803,STU00087,SEC00390,2026SU,2026-04-10,Registered,3.0,Letter
REG000804,STU00087,SEC00389,2026SU,2026-04-27,Registered,3.0,Letter
REG000805,STU00087,SEC00318,2026WI,2025-12-28,Withdrawn,3.0,Audit
REG000806,STU00087,SEC00317,2026WI,2025-12-27,Registered,3.0,Audit
REG000807,STU00088,SEC00031,2024FA,2024-08-10,Registered,3.0,Audit
REG000808,STU00088,SEC00032,2024FA,2024-08-17,Registered,3.0,Audit
REG000809,STU00088,SEC00248,2025FA,2025-08-13,Registered,3.0,Letter
REG000810,STU00088,SEC00247,2025FA,2025-07-22,Registered,3.0,Audit
REG000811,STU00088,SEC00103,2025WI,2025-01-01,Registered,3.0,Letter
REG000812,STU00088,SEC00104,2025WI,2024-12-26,Registered,3.0,Pass Fail
REG000813,STU00089,SEC00034,2024FA,2024-07-22,Registered,3.0,Pass Fail
REG000814,STU00089,SEC00033,2024FA,2024-07-28,Registered,3.0,Letter
REG000815,STU00089,SEC00249,2025FA,2025-08-12,Registered,3.0,Letter
REG000816,STU00089,SEC00250,2025FA,2025-08-06,Registered,3.0,Pass Fail
REG000817,STU00089,SEC00106,2025WI,2025-01-01,Registered,3.0,Pass Fail
REG000818,STU00089,SEC00105,2025WI,2025-01-01,Registered,3.0,Audit
REG000819,STU00089,SEC00393,2026SU,2026-04-13,Dropped,0.0,Pass Fail
REG000820,STU00089,SEC00394,2026SU,2026-04-10,Registered,3.0,Pass Fail
REG000821,STU00089,SEC00321,2026WI,2025-12-15,Registered,3.0,Pass Fail
REG000822,STU00089,SEC00322,2026WI,2025-12-30,Registered,3.0,Pass Fail
REG000823,STU00090,SEC00036,2024FA,2024-07-24,Registered,3.0,Audit
REG000824,STU00090,SEC00035,2024FA,2024-08-10,Withdrawn,3.0,Pass Fail
REG000825,STU00090,SEC00179,2025SU,2025-04-09,Withdrawn,3.0,Letter
REG000826,STU00090,SEC00180,2025SU,2025-04-20,Registered,3.0,Pass Fail
REG000827,STU00090,SEC00107,2025WI,2024-12-27,Registered,3.0,Audit
REG000828,STU00090,SEC00108,2025WI,2025-01-04,Registered,3.0,Pass Fail
REG000829,STU00090,SEC00396,2026SU,2026-04-06,Dropped,0.0,Audit
REG000830,STU00090,SEC00395,2026SU,2026-04-26,Registered,3.0,Audit
REG000831,STU00090,SEC00324,2026WI,2025-12-17,Registered,3.0,Audit
REG000832,STU00090,SEC00323,2026WI,2026-01-01,Registered,3.0,Letter
REG000833,STU00091,SEC00038,2024FA,2024-08-01,Registered,3.0,Audit
REG000834,STU00091,SEC00037,2024FA,2024-08-16,Registered,3.0,Audit
REG000835,STU00091,SEC00182,2025SU,2025-04-17,Registered,3.0,Letter
REG000836,STU00091,SEC00181,2025SU,2025-04-25,Registered,3.0,Letter
REG000837,STU00091,SEC00109,2025WI,2024-12-25,Registered,3.0,Pass Fail
REG000838,STU00091,SEC00110,2025WI,2024-12-18,Registered,3.0,Pass Fail
REG000839,STU00091,SEC00397,2026SU,2026-04-09,Withdrawn,3.0,Audit
REG000840,STU00091,SEC00398,2026SU,2026-04-14,Registered,3.0,Pass Fail
REG000841,STU00091,SEC00325,2026WI,2025-12-08,Registered,3.0,Audit
REG000842,STU00091,SEC00326,2026WI,2025-12-31,Withdrawn,3.0,Audit
REG000843,STU00092,SEC00255,2025FA,2025-08-14,Registered,3.0,Pass Fail
REG000844,STU00092,SEC00256,2025FA,2025-08-06,Registered,3.0,Audit
REG000845,STU00092,SEC00111,2025WI,2024-12-27,Registered,3.0,Audit
REG000846,STU00092,SEC00112,2025WI,2024-12-23,Registered,3.0,Audit
REG000847,STU00092,SEC00328,2026WI,2025-12-14,Withdrawn,3.0,Audit
REG000848,STU00092,SEC00327,2026WI,2025-12-11,Registered,3.0,Letter
REG000849,STU00093,SEC00185,2025SU,2025-04-13,Registered,3.0,Pass Fail
REG000850,STU00093,SEC00186,2025SU,2025-05-01,Registered,3.0,Letter
REG000851,STU00093,SEC00113,2025WI,2024-12-11,Registered,3.0,Pass Fail
REG000852,STU00093,SEC00114,2025WI,2024-12-09,Registered,3.0,Pass Fail
REG000853,STU00093,SEC00402,2026SU,2026-05-02,Registered,3.0,Pass Fail
REG000854,STU00093,SEC00401,2026SU,2026-04-07,Registered,3.0,Pass Fail
REG000855,STU00094,SEC00259,2025FA,2025-08-14,Withdrawn,3.0,Letter
REG000856,STU00094,SEC00260,2025FA,2025-07-30,Registered,3.0,Pass Fail
REG000857,STU00094,SEC00187,2025SU,2025-04-24,Withdrawn,3.0,Letter
REG000858,STU00094,SEC00188,2025SU,2025-04-23,Registered,3.0,Audit
REG000859,STU00094,SEC00404,2026SU,2026-04-14,Registered,3.0,Audit
REG000860,STU00094,SEC00403,2026SU,2026-04-06,Registered,3.0,Letter
REG000861,STU00094,SEC00331,2026WI,2025-12-29,Registered,3.0,Audit
REG000862,STU00094,SEC00332,2026WI,2025-12-09,Registered,3.0,Audit
REG000863,STU00095,SEC00045,2024FA,2024-08-14,Registered,3.0,Letter
REG000864,STU00095,SEC00046,2024FA,2024-08-06,Registered,3.0,Pass Fail
REG000865,STU00095,SEC00262,2025FA,2025-08-16,Registered,3.0,Audit
REG000866,STU00095,SEC00261,2025FA,2025-08-06,Registered,3.0,Audit
REG000867,STU00095,SEC00189,2025SU,2025-04-16,Withdrawn,3.0,Letter
REG000868,STU00095,SEC00190,2025SU,2025-05-04,Registered,3.0,Pass Fail
REG000869,STU00095,SEC00118,2025WI,2024-12-20,Registered,3.0,Letter
REG000870,STU00095,SEC00117,2025WI,2024-12-24,Registered,3.0,Letter
REG000871,STU00095,SEC00405,2026SU,2026-04-13,Registered,3.0,Pass Fail
REG000872,STU00095,SEC00406,2026SU,2026-04-28,Registered,3.0,Audit
REG000873,STU00095,SEC00334,2026WI,2025-12-11,Registered,3.0,Letter
REG000874,STU00095,SEC00333,2026WI,2025-12-24,Registered,3.0,Audit
REG000875,STU00096,SEC00048,2024FA,2024-08-15,Registered,3.0,Audit
REG000876,STU00096,SEC00047,2024FA,2024-07-25,Registered,3.0,Audit
REG000877,STU00096,SEC00263,2025FA,2025-08-06,Registered,3.0,Audit
REG000878,STU00096,SEC00264,2025FA,2025-07-26,Registered,3.0,Letter
REG000879,STU00096,SEC00191,2025SU,2025-04-30,Withdrawn,3.0,Letter
REG000880,STU00096,SEC00192,2025SU,2025-04-17,Withdrawn,3.0,Pass Fail
REG000881,STU00096,SEC00119,2025WI,2024-12-31,Registered,3.0,Letter
REG000882,STU00096,SEC00120,2025WI,2024-12-31,Registered,3.0,Pass Fail
REG000883,STU00096,SEC00335,2026WI,2026-01-02,Registered,3.0,Audit
REG000884,STU00096,SEC00336,2026WI,2025-12-20,Registered,3.0,Letter
REG000885,STU00097,SEC00049,2024FA,2024-08-02,Registered,3.0,Audit
REG000886,STU00097,SEC00050,2024FA,2024-07-27,Registered,3.0,Pass Fail
REG000887,STU00097,SEC00410,2026SU,2026-04-09,Registered,3.0,Audit
REG000888,STU00097,SEC00409,2026SU,2026-04-06,Registered,3.0,Pass Fail
REG000889,STU00097,SEC00337,2026WI,2025-12-17,Registered,3.0,Pass Fail
REG000890,STU00097,SEC00338,2026WI,2025-12-10,Registered,3.0,Audit
REG000891,STU00098,SEC00268,2025FA,2025-08-17,Registered,3.0,Audit
REG000892,STU00098,SEC00267,2025FA,2025-08-03,Registered,3.0,Letter
REG000893,STU00098,SEC00195,2025SU,2025-04-21,Registered,3.0,Pass Fail
REG000894,STU00098,SEC00196,2025SU,2025-04-28,Registered,3.0,Pass Fail
REG000895,STU00098,SEC00123,2025WI,2024-12-25,Registered,3.0,Audit
REG000896,STU00098,SEC00124,2025WI,2025-01-03,Registered,3.0,Audit
REG000897,STU00098,SEC00412,2026SU,2026-04-12,Registered,3.0,Audit
REG000898,STU00098,SEC00411,2026SU,2026-04-30,Registered,3.0,Letter
REG000899,STU00099,SEC00053,2024FA,2024-08-02,Registered,3.0,Pass Fail
REG000900,STU00099,SEC00054,2024FA,2024-08-07,Registered,3.0,Pass Fail
REG000901,STU00099,SEC00269,2025FA,2025-08-03,Registered,3.0,Letter
REG000902,STU00099,SEC00270,2025FA,2025-07-23,Registered,3.0,Audit
REG000903,STU00099,SEC00198,2025SU,2025-04-21,Dropped,0.0,Audit
REG000904,STU00099,SEC00197,2025SU,2025-04-16,Registered,3.0,Audit
REG000905,STU00099,SEC00413,2026SU,2026-04-23,Withdrawn,3.0,Letter
REG000906,STU00099,SEC00414,2026SU,2026-04-23,Registered,3.0,Audit
REG000907,STU00100,SEC00056,2024FA,2024-08-11,Registered,3.0,Pass Fail
REG000908,STU00100,SEC00055,2024FA,2024-08-09,Registered,3.0,Audit
REG000909,STU00100,SEC00272,2025FA,2025-08-06,Registered,3.0,Audit
REG000910,STU00100,SEC00271,2025FA,2025-07-23,Registered,3.0,Audit
REG000911,STU00100,SEC00200,2025SU,2025-04-14,Registered,3.0,Letter
REG000912,STU00100,SEC00199,2025SU,2025-05-01,Dropped,0.0,Pass Fail
REG000913,STU00100,SEC00127,2025WI,2024-12-13,Registered,3.0,Letter
REG000914,STU00100,SEC00128,2025WI,2025-01-05,Registered,3.0,Pass Fail
REG000915,STU00100,SEC00415,2026SU,2026-04-20,Registered,3.0,Audit
REG000916,STU00100,SEC00416,2026SU,2026-04-24,Registered,3.0,Audit
REG000917,STU00100,SEC00344,2026WI,2025-12-11,Registered,3.0,Audit
REG000918,STU00100,SEC00343,2026WI,2026-01-03,Registered,3.0,Letter
REG000919,STU00101,SEC00057,2024FA,2024-08-17,Registered,3.0,Pass Fail
REG000920,STU00101,SEC00058,2024FA,2024-07-27,Registered,3.0,Letter
REG000921,STU00101,SEC00274,2025FA,2025-08-13,Registered,3.0,Letter
REG000922,STU00101,SEC00273,2025FA,2025-08-15,Registered,3.0,Letter
REG000923,STU00101,SEC00130,2025WI,2024-12-27,Registered,3.0,Letter
REG000924,STU00101,SEC00129,2025WI,2024-12-10,Registered,3.0,Audit
REG000925,STU00101,SEC00417,2026SU,2026-04-12,Registered,3.0,Letter
REG000926,STU00101,SEC00418,2026SU,2026-04-08,Registered,3.0,Pass Fail
REG000927,STU00102,SEC00204,2025SU,2025-04-09,Registered,3.0,Pass Fail
REG000928,STU00102,SEC00203,2025SU,2025-04-10,Registered,3.0,Audit
REG000929,STU00102,SEC00131,2025WI,2024-12-10,Registered,3.0,Letter
REG000930,STU00102,SEC00132,2025WI,2024-12-25,Withdrawn,3.0,Audit
REG000931,STU00102,SEC00348,2026WI,2025-12-28,Registered,3.0,Audit
REG000932,STU00102,SEC00347,2026WI,2025-12-10,Registered,3.0,Audit
REG000933,STU00103,SEC00277,2025FA,2025-08-01,Registered,3.0,Audit
REG000934,STU00103,SEC00278,2025FA,2025-08-02,Registered,3.0,Pass Fail
REG000935,STU00103,SEC00205,2025SU,2025-04-15,Registered,3.0,Letter
REG000936,STU00103,SEC00206,2025SU,2025-04-20,Registered,3.0,Letter
REG000937,STU00103,SEC00134,2025WI,2025-01-04,Registered,3.0,Pass Fail
REG000938,STU00103,SEC00133,2025WI,2024-12-11,Registered,3.0,Pass Fail
REG000939,STU00103,SEC00422,2026SU,2026-04-24,Registered,3.0,Audit
REG000940,STU00103,SEC00421,2026SU,2026-04-20,Registered,3.0,Pass Fail
REG000941,STU00103,SEC00349,2026WI,2025-12-14,Registered,3.0,Letter
REG000942,STU00103,SEC00350,2026WI,2025-12-29,Registered,3.0,Letter
REG000943,STU00104,SEC00064,2024FA,2024-08-14,Registered,3.0,Letter
REG000944,STU00104,SEC00063,2024FA,2024-07-31,Registered,3.0,Audit
REG000945,STU00104,SEC00279,2025FA,2025-08-02,Registered,3.0,Pass Fail
REG000946,STU00104,SEC00280,2025FA,2025-08-16,Withdrawn,3.0,Audit
REG000947,STU00104,SEC00208,2025SU,2025-05-03,Registered,3.0,Letter
REG000948,STU00104,SEC00207,2025SU,2025-04-26,Registered,3.0,Pass Fail
REG000949,STU00104,SEC00423,2026SU,2026-04-17,Registered,3.0,Letter
REG000950,STU00104,SEC00424,2026SU,2026-04-30,Registered,3.0,Pass Fail
REG000951,STU00104,SEC00352,2026WI,2025-12-30,Withdrawn,3.0,Pass Fail
REG000952,STU00104,SEC00351,2026WI,2025-12-17,Registered,3.0,Pass Fail
REG000953,STU00105,SEC00066,2024FA,2024-07-28,Registered,3.0,Letter
REG000954,STU00105,SEC00065,2024FA,2024-07-24,Registered,3.0,Letter
REG000955,STU00105,SEC00282,2025FA,2025-08-03,Registered,3.0,Pass Fail
REG000956,STU00105,SEC00281,2025FA,2025-07-30,Registered,3.0,Audit
REG000957,STU00105,SEC00210,2025SU,2025-04-21,Registered,3.0,Letter
REG000958,STU00105,SEC00209,2025SU,2025-04-09,Registered,3.0,Letter
REG000959,STU00105,SEC00137,2025WI,2024-12-16,Registered,3.0,Pass Fail
REG000960,STU00105,SEC00138,2025WI,2024-12-16,Registered,3.0,Pass Fail
REG000961,STU00105,SEC00426,2026SU,2026-04-22,Registered,3.0,Audit
REG000962,STU00105,SEC00425,2026SU,2026-04-14,Registered,3.0,Letter
REG000963,STU00106,SEC00068,2024FA,2024-08-11,Dropped,0.0,Pass Fail
REG000964,STU00106,SEC00067,2024FA,2024-07-27,Registered,3.0,Pass Fail
REG000965,STU00106,SEC00284,2025FA,2025-08-05,Dropped,0.0,Letter
REG000966,STU00106,SEC00283,2025FA,2025-07-26,Registered,3.0,Pass Fail
REG000967,STU00106,SEC00212,2025SU,2025-04-19,Dropped,0.0,Audit
REG000968,STU00106,SEC00211,2025SU,2025-04-30,Registered,3.0,Audit
REG000969,STU00106,SEC00139,2025WI,2024-12-22,Registered,3.0,Audit
REG000970,STU00106,SEC00140,2025WI,2024-12-19,Registered,3.0,Letter
REG000971,STU00106,SEC00356,2026WI,2025-12-22,Withdrawn,3.0,Pass Fail
REG000972,STU00106,SEC00355,2026WI,2025-12-21,Registered,3.0,Audit
REG000973,STU00107,SEC00070,2024FA,2024-07-26,Registered,3.0,Pass Fail
REG000974,STU00107,SEC00069,2024FA,2024-07-28,Registered,3.0,Pass Fail
REG000975,STU00107,SEC00285,2025FA,2025-07-29,Registered,3.0,Pass Fail
REG000976,STU00107,SEC00286,2025FA,2025-08-17,Registered,3.0,Letter
REG000977,STU00107,SEC00213,2025SU,2025-05-01,Registered,3.0,Pass Fail
REG000978,STU00107,SEC00214,2025SU,2025-04-12,Registered,3.0,Letter
REG000979,STU00107,SEC00141,2025WI,2024-12-16,Registered,3.0,Pass Fail
REG000980,STU00107,SEC00142,2025WI,2025-01-04,Registered,3.0,Audit
REG000981,STU00108,SEC00071,2024FA,2024-08-11,Registered,3.0,Audit
REG000982,STU00108,SEC00072,2024FA,2024-07-30,Registered,3.0,Letter
REG000983,STU00108,SEC00288,2025FA,2025-08-12,Registered,3.0,Pass Fail
REG000984,STU00108,SEC00287,2025FA,2025-08-14,Registered,3.0,Audit
REG000985,STU00108,SEC00216,2025SU,2025-05-04,Registered,3.0,Audit
REG000986,STU00108,SEC00215,2025SU,2025-04-26,Dropped,0.0,Letter
REG000987,STU00108,SEC00143,2025WI,2025-01-04,Registered,3.0,Audit
REG000988,STU00108,SEC00144,2025WI,2024-12-17,Registered,3.0,Pass Fail
REG000989,STU00108,SEC00431,2026SU,2026-04-15,Withdrawn,3.0,Pass Fail
REG000990,STU00108,SEC00432,2026SU,2026-04-15,Withdrawn,3.0,Letter
REG000991,STU00108,SEC00360,2026WI,2025-12-17,Withdrawn,3.0,Pass Fail
REG000992,STU00108,SEC00359,2026WI,2025-12-30,Registered,3.0,Pass Fail
REG000993,STU00109,SEC00001,2024FA,2024-08-05,Registered,3.0,Letter
REG000994,STU00109,SEC00002,2024FA,2024-08-14,Registered,3.0,Audit
REG000995,STU00109,SEC00218,2025FA,2025-08-11,Registered,3.0,Letter
REG000996,STU00109,SEC00217,2025FA,2025-08-10,Dropped,0.0,Letter
REG000997,STU00109,SEC00146,2025SU,2025-04-09,Registered,3.0,Audit
REG000998,STU00109,SEC00145,2025SU,2025-04-10,Registered,3.0,Letter
REG000999,STU00109,SEC00073,2025WI,2024-12-12,Registered,3.0,Audit
REG001000,STU00109,SEC00074,2025WI,2024-12-09,Registered,3.0,Pass Fail
REG001001,STU00109,SEC00361,2026SU,2026-04-09,Registered,3.0,Pass Fail
REG001002,STU00109,SEC00362,2026SU,2026-05-03,Registered,3.0,Pass Fail
REG001003,STU00109,SEC00290,2026WI,2025-12-17,Withdrawn,3.0,Audit
REG001004,STU00109,SEC00289,2026WI,2026-01-04,Registered,3.0,Letter
REG001005,STU00110,SEC00003,2024FA,2024-08-10,Registered,3.0,Letter
REG001006,STU00110,SEC00004,2024FA,2024-08-16,Registered,3.0,Audit
REG001007,STU00110,SEC00219,2025FA,2025-07-28,Registered,3.0,Audit
REG001008,STU00110,SEC00220,2025FA,2025-08-06,Registered,3.0,Audit
REG001009,STU00110,SEC00147,2025SU,2025-04-12,Registered,3.0,Letter
REG001010,STU00110,SEC00148,2025SU,2025-04-29,Registered,3.0,Audit
REG001011,STU00110,SEC00075,2025WI,2025-01-03,Registered,3.0,Pass Fail
REG001012,STU00110,SEC00076,2025WI,2024-12-24,Registered,3.0,Pass Fail
REG001013,STU00110,SEC00364,2026SU,2026-04-16,Registered,3.0,Pass Fail
REG001014,STU00110,SEC00363,2026SU,2026-04-29,Registered,3.0,Audit
REG001015,STU00110,SEC00292,2026WI,2026-01-03,Registered,3.0,Audit
REG001016,STU00110,SEC00291,2026WI,2025-12-27,Withdrawn,3.0,Pass Fail
REG001017,STU00111,SEC00006,2024FA,2024-07-27,Registered,3.0,Audit
REG001018,STU00111,SEC00005,2024FA,2024-07-26,Withdrawn,3.0,Pass Fail
REG001019,STU00111,SEC00222,2025FA,2025-08-09,Registered,3.0,Pass Fail
REG001020,STU00111,SEC00221,2025FA,2025-07-30,Registered,3.0,Pass Fail
REG001021,STU00111,SEC00149,2025SU,2025-04-27,Registered,3.0,Letter
REG001022,STU00111,SEC00150,2025SU,2025-05-04,Registered,3.0,Letter
REG001023,STU00111,SEC00077,2025WI,2024-12-19,Registered,3.0,Letter
REG001024,STU00111,SEC00078,2025WI,2024-12-14,Registered,3.0,Letter
REG001025,STU00112,SEC00007,2024FA,2024-07-22,Withdrawn,3.0,Pass Fail
REG001026,STU00112,SEC00008,2024FA,2024-07-31,Registered,3.0,Pass Fail
REG001027,STU00112,SEC00152,2025SU,2025-04-13,Registered,3.0,Audit
REG001028,STU00112,SEC00151,2025SU,2025-04-13,Registered,3.0,Audit
REG001029,STU00112,SEC00079,2025WI,2024-12-25,Withdrawn,3.0,Audit
REG001030,STU00112,SEC00080,2025WI,2024-12-29,Registered,3.0,Pass Fail
REG001031,STU00112,SEC00367,2026SU,2026-04-19,Registered,3.0,Pass Fail
REG001032,STU00112,SEC00368,2026SU,2026-04-20,Registered,3.0,Audit
REG001033,STU00113,SEC00010,2024FA,2024-07-31,Registered,3.0,Audit
REG001034,STU00113,SEC00009,2024FA,2024-08-06,Registered,3.0,Pass Fail
REG001035,STU00113,SEC00225,2025FA,2025-07-22,Registered,3.0,Letter
REG001036,STU00113,SEC00226,2025FA,2025-08-14,Dropped,0.0,Letter
REG001037,STU00113,SEC00154,2025SU,2025-05-03,Registered,3.0,Letter
REG001038,STU00113,SEC00153,2025SU,2025-05-03,Registered,3.0,Pass Fail
REG001039,STU00113,SEC00082,2025WI,2024-12-22,Registered,3.0,Audit
REG001040,STU00113,SEC00081,2025WI,2024-12-18,Registered,3.0,Audit
REG001041,STU00113,SEC00370,2026SU,2026-04-30,Registered,3.0,Audit
REG001042,STU00113,SEC00369,2026SU,2026-04-29,Registered,3.0,Letter
REG001043,STU00113,SEC00298,2026WI,2025-12-12,Registered,3.0,Audit
REG001044,STU00113,SEC00297,2026WI,2025-12-18,Registered,3.0,Letter
REG001045,STU00114,SEC00011,2024FA,2024-07-28,Registered,3.0,Audit
REG001046,STU00114,SEC00012,2024FA,2024-07-31,Registered,3.0,Audit
REG001047,STU00114,SEC00228,2025FA,2025-08-16,Registered,3.0,Letter
REG001048,STU00114,SEC00227,2025FA,2025-08-17,Registered,3.0,Letter
REG001049,STU00114,SEC00084,2025WI,2024-12-28,Registered,3.0,Pass Fail
REG001050,STU00114,SEC00083,2025WI,2024-12-23,Registered,3.0,Pass Fail
REG001051,STU00114,SEC00371,2026SU,2026-04-06,Registered,3.0,Letter
REG001052,STU00114,SEC00372,2026SU,2026-04-29,Registered,3.0,Audit
REG001053,STU00114,SEC00299,2026WI,2025-12-08,Registered,3.0,Audit
REG001054,STU00114,SEC00300,2026WI,2025-12-16,Registered,3.0,Audit
REG001055,STU00115,SEC00014,2024FA,2024-08-06,Registered,3.0,Pass Fail
REG001056,STU00115,SEC00013,2024FA,2024-07-29,Registered,3.0,Audit
REG001057,STU00115,SEC00230,2025FA,2025-08-16,Withdrawn,3.0,Audit
REG001058,STU00115,SEC00229,2025FA,2025-08-13,Registered,3.0,Letter
REG001059,STU00115,SEC00085,2025WI,2024-12-14,Registered,3.0,Pass Fail
REG001060,STU00115,SEC00086,2025WI,2024-12-25,Registered,3.0,Letter
REG001061,STU00115,SEC00302,2026WI,2025-12-16,Registered,3.0,Letter
REG001062,STU00115,SEC00301,2026WI,2025-12-19,Withdrawn,3.0,Letter
REG001063,STU00116,SEC00015,2024FA,2024-08-15,Registered,3.0,Audit
REG001064,STU00116,SEC00016,2024FA,2024-08-06,Registered,3.0,Pass Fail
REG001065,STU00116,SEC00231,2025FA,2025-07-29,Registered,3.0,Pass Fail
REG001066,STU00116,SEC00232,2025FA,2025-07-28,Registered,3.0,Audit
REG001067,STU00116,SEC00159,2025SU,2025-05-04,Registered,3.0,Audit
REG001068,STU00116,SEC00160,2025SU,2025-04-13,Registered,3.0,Letter
REG001069,STU00116,SEC00304,2026WI,2025-12-16,Registered,3.0,Audit
REG001070,STU00116,SEC00303,2026WI,2025-12-13,Registered,3.0,Letter
REG001071,STU00117,SEC00018,2024FA,2024-07-22,Registered,3.0,Letter
REG001072,STU00117,SEC00017,2024FA,2024-08-04,Registered,3.0,Audit
REG001073,STU00117,SEC00234,2025FA,2025-08-13,Registered,3.0,Audit
REG001074,STU00117,SEC00233,2025FA,2025-08-15,Registered,3.0,Audit
REG001075,STU00117,SEC00161,2025SU,2025-04-10,Registered,3.0,Audit
REG001076,STU00117,SEC00162,2025SU,2025-04-14,Withdrawn,3.0,Pass Fail
REG001077,STU00117,SEC00090,2025WI,2024-12-28,Registered,3.0,Letter
REG001078,STU00117,SEC00089,2025WI,2024-12-17,Registered,3.0,Letter
REG001079,STU00117,SEC00377,2026SU,2026-04-09,Registered,3.0,Pass Fail
REG001080,STU00117,SEC00378,2026SU,2026-04-11,Registered,3.0,Letter
REG001081,STU00117,SEC00305,2026WI,2025-12-14,Registered,3.0,Pass Fail
REG001082,STU00117,SEC00306,2026WI,2025-12-09,Registered,3.0,Pass Fail
REG001083,STU00118,SEC00020,2024FA,2024-07-31,Registered,3.0,Audit
REG001084,STU00118,SEC00019,2024FA,2024-07-27,Registered,3.0,Pass Fail
REG001085,STU00118,SEC00235,2025FA,2025-07-26,Registered,3.0,Pass Fail
REG001086,STU00118,SEC00236,2025FA,2025-08-01,Registered,3.0,Pass Fail
REG001087,STU00118,SEC00091,2025WI,2024-12-15,Withdrawn,3.0,Audit
REG001088,STU00118,SEC00092,2025WI,2024-12-29,Registered,3.0,Audit
REG001089,STU00119,SEC00022,2024FA,2024-07-27,Registered,3.0,Audit
REG001090,STU00119,SEC00021,2024FA,2024-08-13,Registered,3.0,Audit
REG001091,STU00119,SEC00238,2025FA,2025-08-16,Registered,3.0,Letter
REG001092,STU00119,SEC00237,2025FA,2025-08-03,Registered,3.0,Letter
REG001093,STU00119,SEC00165,2025SU,2025-05-04,Registered,3.0,Pass Fail
REG001094,STU00119,SEC00166,2025SU,2025-04-30,Registered,3.0,Letter
REG001095,STU00119,SEC00094,2025WI,2024-12-27,Registered,3.0,Pass Fail
REG001096,STU00119,SEC00093,2025WI,2025-01-04,Registered,3.0,Audit
REG001097,STU00120,SEC00240,2025FA,2025-08-03,Registered,3.0,Audit
REG001098,STU00120,SEC00239,2025FA,2025-08-16,Registered,3.0,Letter
REG001099,STU00120,SEC00384,2026SU,2026-04-16,Registered,3.0,Audit
REG001100,STU00120,SEC00383,2026SU,2026-04-11,Registered,3.0,Pass Fail
REG001101,STU00120,SEC00311,2026WI,2025-12-11,Registered,3.0,Audit
REG001102,STU00120,SEC00312,2026WI,2025-12-10,Registered,3.0,Audit
REG001103,STU00121,SEC00025,2024FA,2024-08-10,Dropped,0.0,Audit
REG001104,STU00121,SEC00026,2024FA,2024-08-01,Registered,3.0,Pass Fail
REG001105,STU00121,SEC00170,2025SU,2025-04-26,Registered,3.0,Letter
REG001106,STU00121,SEC00169,2025SU,2025-04-17,Registered,3.0,Audit
REG001107,STU00121,SEC00386,2026SU,2026-04-10,Registered,3.0,Audit
REG001108,STU00121,SEC00385,2026SU,2026-04-23,Registered,3.0,Audit
REG001109,STU00122,SEC00028,2024FA,2024-08-10,Registered,3.0,Pass Fail
REG001110,STU00122,SEC00027,2024FA,2024-08-05,Registered,3.0,Letter
REG001111,STU00122,SEC00172,2025SU,2025-04-17,Registered,3.0,Letter
REG001112,STU00122,SEC00171,2025SU,2025-04-25,Registered,3.0,Pass Fail
REG001113,STU00122,SEC00387,2026SU,2026-04-15,Registered,3.0,Letter
REG001114,STU00122,SEC00388,2026SU,2026-05-01,Registered,3.0,Pass Fail
REG001115,STU00123,SEC00029,2024FA,2024-07-25,Registered,3.0,Audit
REG001116,STU00123,SEC00030,2024FA,2024-07-24,Registered,3.0,Pass Fail
REG001117,STU00123,SEC00173,2025SU,2025-04-19,Registered,3.0,Audit
REG001118,STU00123,SEC00174,2025SU,2025-04-07,Registered,3.0,Audit
REG001119,STU00123,SEC00102,2025WI,2024-12-20,Registered,3.0,Audit
REG001120,STU00123,SEC00101,2025WI,2024-12-16,Withdrawn,3.0,Letter
REG001121,STU00123,SEC00389,2026SU,2026-04-12,Registered,3.0,Letter
REG001122,STU00123,SEC00390,2026SU,2026-04-30,Registered,3.0,Pass Fail
REG001123,STU00123,SEC00317,2026WI,2025-12-12,Dropped,0.0,Audit
REG001124,STU00123,SEC00318,2026WI,2025-12-30,Registered,3.0,Letter
REG001125,STU00124,SEC00032,2024FA,2024-07-25,Dropped,0.0,Audit
REG001126,STU00124,SEC00031,2024FA,2024-08-15,Registered,3.0,Letter
REG001127,STU00124,SEC00175,2025SU,2025-04-28,Registered,3.0,Pass Fail
REG001128,STU00124,SEC00176,2025SU,2025-04-15,Registered,3.0,Audit
REG001129,STU00124,SEC00103,2025WI,2024-12-29,Dropped,0.0,Pass Fail
REG001130,STU00124,SEC00104,2025WI,2024-12-25,Registered,3.0,Letter
REG001131,STU00124,SEC00392,2026SU,2026-04-18,Registered,3.0,Audit
REG001132,STU00124,SEC00391,2026SU,2026-04-20,Registered,3.0,Pass Fail
REG001133,STU00124,SEC00319,2026WI,2025-12-28,Registered,3.0,Audit
REG001134,STU00124,SEC00320,2026WI,2025-12-11,Registered,3.0,Pass Fail
REG001135,STU00125,SEC00033,2024FA,2024-08-04,Registered,3.0,Letter
REG001136,STU00125,SEC00034,2024FA,2024-08-06,Registered,3.0,Letter
REG001137,STU00125,SEC00106,2025WI,2024-12-20,Registered,3.0,Letter
REG001138,STU00125,SEC00105,2025WI,2024-12-31,Registered,3.0,Audit
REG001139,STU00125,SEC00393,2026SU,2026-05-01,Registered,3.0,Letter
REG001140,STU00125,SEC00394,2026SU,2026-04-18,Registered,3.0,Letter
REG001141,STU00126,SEC00036,2024FA,2024-08-17,Registered,3.0,Letter
REG001142,STU00126,SEC00035,2024FA,2024-07-24,Registered,3.0,Letter
REG001143,STU00126,SEC00252,2025FA,2025-07-25,Registered,3.0,Pass Fail
REG001144,STU00126,SEC00251,2025FA,2025-07-29,Registered,3.0,Pass Fail
REG001145,STU00126,SEC00179,2025SU,2025-04-22,Registered,3.0,Letter
REG001146,STU00126,SEC00180,2025SU,2025-04-07,Registered,3.0,Audit
REG001147,STU00126,SEC00107,2025WI,2024-12-17,Registered,3.0,Audit
REG001148,STU00126,SEC00108,2025WI,2024-12-21,Registered,3.0,Letter
REG001149,STU00126,SEC00323,2026WI,2025-12-27,Registered,3.0,Pass Fail
REG001150,STU00126,SEC00324,2026WI,2025-12-09,Registered,3.0,Letter
REG001151,STU00127,SEC00037,2024FA,2024-08-05,Registered,3.0,Pass Fail
REG001152,STU00127,SEC00038,2024FA,2024-08-15,Registered,3.0,Pass Fail
REG001153,STU00127,SEC00254,2025FA,2025-07-31,Registered,3.0,Letter
REG001154,STU00127,SEC00253,2025FA,2025-08-12,Registered,3.0,Audit
REG001155,STU00127,SEC00181,2025SU,2025-04-10,Registered,3.0,Pass Fail
REG001156,STU00127,SEC00182,2025SU,2025-04-20,Registered,3.0,Letter
REG001157,STU00127,SEC00397,2026SU,2026-04-30,Registered,3.0,Letter
REG001158,STU00127,SEC00398,2026SU,2026-04-27,Registered,3.0,Letter
REG001159,STU00127,SEC00326,2026WI,2025-12-25,Registered,3.0,Pass Fail
REG001160,STU00127,SEC00325,2026WI,2025-12-17,Registered,3.0,Audit
REG001161,STU00128,SEC00040,2024FA,2024-08-14,Registered,3.0,Letter
REG001162,STU00128,SEC00039,2024FA,2024-08-16,Registered,3.0,Pass Fail
REG001163,STU00128,SEC00183,2025SU,2025-04-26,Registered,3.0,Pass Fail
REG001164,STU00128,SEC00184,2025SU,2025-05-02,Registered,3.0,Letter
REG001165,STU00128,SEC00399,2026SU,2026-04-26,Registered,3.0,Pass Fail
REG001166,STU00128,SEC00400,2026SU,2026-04-28,Registered,3.0,Letter
REG001167,STU00129,SEC00041,2024FA,2024-08-02,Registered,3.0,Letter
REG001168,STU00129,SEC00042,2024FA,2024-08-10,Registered,3.0,Audit
REG001169,STU00129,SEC00257,2025FA,2025-08-05,Registered,3.0,Letter
REG001170,STU00129,SEC00258,2025FA,2025-07-27,Registered,3.0,Pass Fail
REG001171,STU00129,SEC00186,2025SU,2025-04-24,Registered,3.0,Audit
REG001172,STU00129,SEC00185,2025SU,2025-04-12,Registered,3.0,Audit
REG001173,STU00129,SEC00113,2025WI,2024-12-09,Registered,3.0,Audit
REG001174,STU00129,SEC00114,2025WI,2024-12-12,Registered,3.0,Audit
REG001175,STU00129,SEC00402,2026SU,2026-04-21,Registered,3.0,Pass Fail
REG001176,STU00129,SEC00401,2026SU,2026-04-10,Dropped,0.0,Letter
REG001177,STU00129,SEC00329,2026WI,2025-12-18,Registered,3.0,Letter
REG001178,STU00129,SEC00330,2026WI,2026-01-04,Withdrawn,3.0,Pass Fail
REG001179,STU00130,SEC00043,2024FA,2024-08-17,Withdrawn,3.0,Audit
REG001180,STU00130,SEC00044,2024FA,2024-08-15,Registered,3.0,Pass Fail
REG001181,STU00130,SEC00259,2025FA,2025-08-01,Registered,3.0,Audit
REG001182,STU00130,SEC00260,2025FA,2025-08-06,Registered,3.0,Pass Fail
REG001183,STU00130,SEC00187,2025SU,2025-05-03,Registered,3.0,Audit
REG001184,STU00130,SEC00188,2025SU,2025-04-21,Registered,3.0,Pass Fail
REG001185,STU00130,SEC00404,2026SU,2026-04-22,Registered,3.0,Audit
REG001186,STU00130,SEC00403,2026SU,2026-04-26,Withdrawn,3.0,Letter
REG001187,STU00131,SEC00045,2024FA,2024-08-03,Registered,3.0,Pass Fail
REG001188,STU00131,SEC00046,2024FA,2024-07-27,Registered,3.0,Audit
REG001189,STU00131,SEC00262,2025FA,2025-07-25,Registered,3.0,Pass Fail
REG001190,STU00131,SEC00261,2025FA,2025-08-09,Withdrawn,3.0,Pass Fail
REG001191,STU00131,SEC00190,2025SU,2025-04-30,Registered,3.0,Pass Fail
REG001192,STU00131,SEC00189,2025SU,2025-04-09,Registered,3.0,Letter
REG001193,STU00131,SEC00117,2025WI,2024-12-22,Registered,3.0,Pass Fail
REG001194,STU00131,SEC00118,2025WI,2025-01-02,Registered,3.0,Letter
REG001195,STU00131,SEC00406,2026SU,2026-04-22,Withdrawn,3.0,Letter
REG001196,STU00131,SEC00405,2026SU,2026-04-23,Registered,3.0,Pass Fail
REG001197,STU00131,SEC00334,2026WI,2025-12-26,Registered,3.0,Pass Fail
REG001198,STU00131,SEC00333,2026WI,2025-12-18,Registered,3.0,Pass Fail
REG001199,STU00132,SEC00048,2024FA,2024-08-18,Registered,3.0,Letter
REG001200,STU00132,SEC00047,2024FA,2024-08-05,Withdrawn,3.0,Audit
REG001201,STU00132,SEC00264,2025FA,2025-08-08,Registered,3.0,Letter
REG001202,STU00132,SEC00263,2025FA,2025-08-10,Registered,3.0,Letter
REG001203,STU00132,SEC00192,2025SU,2025-04-16,Registered,3.0,Letter
REG001204,STU00132,SEC00191,2025SU,2025-04-26,Withdrawn,3.0,Pass Fail
REG001205,STU00132,SEC00120,2025WI,2025-01-02,Registered,3.0,Letter
REG001206,STU00132,SEC00119,2025WI,2024-12-22,Registered,3.0,Audit
REG001207,STU00132,SEC00407,2026SU,2026-04-27,Registered,3.0,Audit
REG001208,STU00132,SEC00408,2026SU,2026-05-03,Registered,3.0,Pass Fail
REG001209,STU00132,SEC00335,2026WI,2025-12-08,Withdrawn,3.0,Pass Fail
REG001210,STU00132,SEC00336,2026WI,2025-12-19,Registered,3.0,Pass Fail
REG001211,STU00133,SEC00050,2024FA,2024-08-14,Registered,3.0,Audit
REG001212,STU00133,SEC00049,2024FA,2024-07-31,Registered,3.0,Letter
REG001213,STU00133,SEC00266,2025FA,2025-08-04,Registered,3.0,Letter
REG001214,STU00133,SEC00265,2025FA,2025-07-25,Registered,3.0,Letter
REG001215,STU00133,SEC00194,2025SU,2025-04-22,Registered,3.0,Letter
REG001216,STU00133,SEC00193,2025SU,2025-04-18,Registered,3.0,Pass Fail
REG001217,STU00133,SEC00409,2026SU,2026-04-13,Registered,3.0,Letter
REG001218,STU00133,SEC00410,2026SU,2026-04-18,Registered,3.0,Audit
REG001219,STU00133,SEC00337,2026WI,2025-12-09,Registered,3.0,Pass Fail
REG001220,STU00133,SEC00338,2026WI,2025-12-27,Registered,3.0,Letter
REG001221,STU00134,SEC00268,2025FA,2025-08-03,Registered,3.0,Letter
REG001222,STU00134,SEC00267,2025FA,2025-08-13,Registered,3.0,Letter
REG001223,STU00134,SEC00196,2025SU,2025-05-03,Registered,3.0,Pass Fail
REG001224,STU00134,SEC00195,2025SU,2025-04-26,Dropped,0.0,Audit
REG001225,STU00134,SEC00124,2025WI,2024-12-23,Registered,3.0,Audit
REG001226,STU00134,SEC00123,2025WI,2024-12-18,Registered,3.0,Audit
REG001227,STU00135,SEC00053,2024FA,2024-08-13,Registered,3.0,Audit
REG001228,STU00135,SEC00054,2024FA,2024-07-25,Registered,3.0,Audit
REG001229,STU00135,SEC00270,2025FA,2025-08-08,Withdrawn,3.0,Pass Fail
REG001230,STU00135,SEC00269,2025FA,2025-08-06,Registered,3.0,Audit
REG001231,STU00135,SEC00126,2025WI,2025-01-04,Registered,3.0,Pass Fail
REG001232,STU00135,SEC00125,2025WI,2024-12-20,Registered,3.0,Audit
REG001233,STU00135,SEC00342,2026WI,2025-12-16,Registered,3.0,Pass Fail
REG001234,STU00135,SEC00341,2026WI,2025-12-20,Registered,3.0,Letter
REG001235,STU00136,SEC00272,2025FA,2025-07-27,Registered,3.0,Pass Fail
REG001236,STU00136,SEC00271,2025FA,2025-08-12,Registered,3.0,Audit
REG001237,STU00136,SEC00200,2025SU,2025-04-14,Dropped,0.0,Letter
REG001238,STU00136,SEC00199,2025SU,2025-04-12,Registered,3.0,Pass Fail
REG001239,STU00136,SEC00416,2026SU,2026-04-11,Registered,3.0,Letter
REG001240,STU00136,SEC00415,2026SU,2026-04-27,Registered,3.0,Pass Fail
REG001241,STU00136,SEC00344,2026WI,2026-01-01,Registered,3.0,Pass Fail
REG001242,STU00136,SEC00343,2026WI,2025-12-19,Registered,3.0,Letter
REG001243,STU00137,SEC00202,2025SU,2025-04-18,Dropped,0.0,Letter
REG001244,STU00137,SEC00201,2025SU,2025-04-25,Registered,3.0,Audit
REG001245,STU00137,SEC00129,2025WI,2024-12-18,Registered,3.0,Audit
REG001246,STU00137,SEC00130,2025WI,2024-12-25,Registered,3.0,Audit
REG001247,STU00137,SEC00345,2026WI,2026-01-03,Withdrawn,3.0,Pass Fail
REG001248,STU00137,SEC00346,2026WI,2025-12-31,Registered,3.0,Pass Fail
REG001249,STU00138,SEC00275,2025FA,2025-08-07,Withdrawn,3.0,Pass Fail
REG001250,STU00138,SEC00276,2025FA,2025-07-25,Registered,3.0,Letter
REG001251,STU00138,SEC00131,2025WI,2025-01-03,Registered,3.0,Audit
REG001252,STU00138,SEC00132,2025WI,2024-12-22,Registered,3.0,Pass Fail
REG001253,STU00138,SEC00347,2026WI,2025-12-13,Registered,3.0,Audit
REG001254,STU00138,SEC00348,2026WI,2025-12-28,Registered,3.0,Pass Fail
REG001255,STU00139,SEC00061,2024FA,2024-08-05,Registered,3.0,Audit
REG001256,STU00139,SEC00062,2024FA,2024-08-18,Registered,3.0,Pass Fail
REG001257,STU00139,SEC00278,2025FA,2025-08-16,Withdrawn,3.0,Letter
REG001258,STU00139,SEC00277,2025FA,2025-07-31,Registered,3.0,Pass Fail
REG001259,STU00139,SEC00206,2025SU,2025-04-17,Registered,3.0,Pass Fail
REG001260,STU00139,SEC00205,2025SU,2025-04-26,Registered,3.0,Audit
REG001261,STU00139,SEC00134,2025WI,2025-01-04,Registered,3.0,Letter
REG001262,STU00139,SEC00133,2025WI,2024-12-16,Registered,3.0,Letter
REG001263,STU00139,SEC00422,2026SU,2026-05-02,Registered,3.0,Audit
REG001264,STU00139,SEC00421,2026SU,2026-04-20,Registered,3.0,Pass Fail
REG001265,STU00140,SEC00063,2024FA,2024-07-25,Registered,3.0,Audit
REG001266,STU00140,SEC00064,2024FA,2024-08-10,Registered,3.0,Letter
REG001267,STU00140,SEC00280,2025FA,2025-08-06,Registered,3.0,Letter
REG001268,STU00140,SEC00279,2025FA,2025-08-08,Registered,3.0,Audit
REG001269,STU00140,SEC00423,2026SU,2026-05-02,Registered,3.0,Letter
REG001270,STU00140,SEC00424,2026SU,2026-05-03,Registered,3.0,Pass Fail
REG001271,STU00140,SEC00351,2026WI,2025-12-29,Registered,3.0,Letter
REG001272,STU00140,SEC00352,2026WI,2026-01-02,Registered,3.0,Audit
REG001273,STU00141,SEC00065,2024FA,2024-08-01,Dropped,0.0,Audit
REG001274,STU00141,SEC00066,2024FA,2024-08-06,Registered,3.0,Letter
REG001275,STU00141,SEC00282,2025FA,2025-07-31,Registered,3.0,Audit
REG001276,STU00141,SEC00281,2025FA,2025-08-01,Registered,3.0,Audit
REG001277,STU00141,SEC00138,2025WI,2025-01-03,Registered,3.0,Pass Fail
REG001278,STU00141,SEC00137,2025WI,2024-12-10,Registered,3.0,Audit
REG001279,STU00141,SEC00425,2026SU,2026-04-11,Registered,3.0,Letter
REG001280,STU00141,SEC00426,2026SU,2026-04-11,Registered,3.0,Audit
REG001281,STU00141,SEC00354,2026WI,2025-12-30,Registered,3.0,Pass Fail
REG001282,STU00141,SEC00353,2026WI,2025-12-14,Registered,3.0,Audit
REG001283,STU00142,SEC00068,2024FA,2024-08-18,Registered,3.0,Audit
REG001284,STU00142,SEC00067,2024FA,2024-08-18,Registered,3.0,Letter
REG001285,STU00142,SEC00283,2025FA,2025-08-17,Registered,3.0,Pass Fail
REG001286,STU00142,SEC00284,2025FA,2025-08-03,Registered,3.0,Audit
REG001287,STU00142,SEC00211,2025SU,2025-04-17,Registered,3.0,Audit
REG001288,STU00142,SEC00212,2025SU,2025-04-08,Registered,3.0,Pass Fail
REG001289,STU00142,SEC00140,2025WI,2024-12-29,Registered,3.0,Letter
REG001290,STU00142,SEC00139,2025WI,2024-12-26,Registered,3.0,Letter
REG001291,STU00142,SEC00356,2026WI,2025-12-15,Registered,3.0,Audit
REG001292,STU00142,SEC00355,2026WI,2025-12-22,Dropped,0.0,Letter
REG001293,STU00143,SEC00070,2024FA,2024-07-28,Registered,3.0,Audit
REG001294,STU00143,SEC00069,2024FA,2024-08-14,Registered,3.0,Letter
REG001295,STU00143,SEC00286,2025FA,2025-08-03,Registered,3.0,Pass Fail
REG001296,STU00143,SEC00285,2025FA,2025-07-30,Registered,3.0,Audit
REG001297,STU00143,SEC00213,2025SU,2025-04-29,Registered,3.0,Pass Fail
REG001298,STU00143,SEC00214,2025SU,2025-04-13,Dropped,0.0,Pass Fail
REG001299,STU00143,SEC00430,2026SU,2026-04-16,Registered,3.0,Audit
REG001300,STU00143,SEC00429,2026SU,2026-05-01,Registered,3.0,Pass Fail
REG001301,STU00143,SEC00358,2026WI,2025-12-24,Registered,3.0,Letter
REG001302,STU00143,SEC00357,2026WI,2026-01-04,Registered,3.0,Audit
REG001303,STU00144,SEC00072,2024FA,2024-08-08,Withdrawn,3.0,Pass Fail
REG001304,STU00144,SEC00071,2024FA,2024-07-31,Registered,3.0,Audit
REG001305,STU00144,SEC00288,2025FA,2025-07-31,Registered,3.0,Audit
REG001306,STU00144,SEC00287,2025FA,2025-08-15,Registered,3.0,Audit
REG001307,STU00144,SEC00143,2025WI,2024-12-25,Registered,3.0,Audit
REG001308,STU00144,SEC00144,2025WI,2024-12-14,Registered,3.0,Letter
REG001309,STU00144,SEC00359,2026WI,2026-01-01,Registered,3.0,Pass Fail
REG001310,STU00144,SEC00360,2026WI,2025-12-18,Registered,3.0,Pass Fail
REG001311,STU00145,SEC00002,2024FA,2024-08-09,Withdrawn,3.0,Letter
REG001312,STU00145,SEC00001,2024FA,2024-07-24,Registered,3.0,Audit
REG001313,STU00145,SEC00218,2025FA,2025-08-04,Registered,3.0,Letter
REG001314,STU00145,SEC00217,2025FA,2025-07-25,Registered,3.0,Pass Fail
REG001315,STU00145,SEC00361,2026SU,2026-04-23,Registered,3.0,Audit
REG001316,STU00145,SEC00362,2026SU,2026-04-26,Registered,3.0,Pass Fail
REG001317,STU00146,SEC00003,2024FA,2024-08-15,Registered,3.0,Audit
REG001318,STU00146,SEC00004,2024FA,2024-07-27,Registered,3.0,Audit
REG001319,STU00146,SEC00220,2025FA,2025-08-05,Registered,3.0,Letter
REG001320,STU00146,SEC00219,2025FA,2025-08-12,Registered,3.0,Audit
REG001321,STU00146,SEC00147,2025SU,2025-04-27,Registered,3.0,Audit
REG001322,STU00146,SEC00148,2025SU,2025-04-25,Registered,3.0,Letter
REG001323,STU00146,SEC00076,2025WI,2024-12-21,Registered,3.0,Pass Fail
REG001324,STU00146,SEC00075,2025WI,2024-12-18,Registered,3.0,Pass Fail
REG001325,STU00146,SEC00364,2026SU,2026-04-18,Registered,3.0,Pass Fail
REG001326,STU00146,SEC00363,2026SU,2026-04-17,Registered,3.0,Letter
REG001327,STU00146,SEC00292,2026WI,2026-01-02,Registered,3.0,Pass Fail
REG001328,STU00146,SEC00291,2026WI,2025-12-20,Registered,3.0,Pass Fail
REG001329,STU00147,SEC00005,2024FA,2024-08-06,Registered,3.0,Pass Fail
REG001330,STU00147,SEC00006,2024FA,2024-08-15,Registered,3.0,Pass Fail
REG001331,STU00147,SEC00078,2025WI,2024-12-28,Registered,3.0,Pass Fail
REG001332,STU00147,SEC00077,2025WI,2024-12-17,Registered,3.0,Pass Fail
REG001333,STU00147,SEC00365,2026SU,2026-04-18,Registered,3.0,Audit
REG001334,STU00147,SEC00366,2026SU,2026-04-17,Registered,3.0,Audit
REG001335,STU00148,SEC00007,2024FA,2024-08-15,Registered,3.0,Pass Fail
REG001336,STU00148,SEC00008,2024FA,2024-08-04,Registered,3.0,Letter
REG001337,STU00148,SEC00224,2025FA,2025-08-17,Registered,3.0,Pass Fail
REG001338,STU00148,SEC00223,2025FA,2025-08-12,Registered,3.0,Audit
REG001339,STU00148,SEC00152,2025SU,2025-04-19,Registered,3.0,Audit
REG001340,STU00148,SEC00151,2025SU,2025-04-24,Registered,3.0,Audit
REG001341,STU00148,SEC00368,2026SU,2026-04-06,Registered,3.0,Pass Fail
REG001342,STU00148,SEC00367,2026SU,2026-04-26,Registered,3.0,Letter
REG001343,STU00148,SEC00295,2026WI,2025-12-12,Dropped,0.0,Letter
REG001344,STU00148,SEC00296,2026WI,2025-12-15,Registered,3.0,Letter
REG001345,STU00149,SEC00010,2024FA,2024-08-04,Registered,3.0,Letter
REG001346,STU00149,SEC00009,2024FA,2024-08-05,Registered,3.0,Letter
REG001347,STU00149,SEC00154,2025SU,2025-04-23,Registered,3.0,Letter
REG001348,STU00149,SEC00153,2025SU,2025-04-27,Registered,3.0,Pass Fail
REG001349,STU00149,SEC00081,2025WI,2024-12-16,Registered,3.0,Letter
REG001350,STU00149,SEC00082,2025WI,2024-12-17,Registered,3.0,Audit
REG001351,STU00149,SEC00369,2026SU,2026-04-10,Registered,3.0,Pass Fail
REG001352,STU00149,SEC00370,2026SU,2026-05-03,Registered,3.0,Letter
REG001353,STU00150,SEC00012,2024FA,2024-08-14,Registered,3.0,Pass Fail
REG001354,STU00150,SEC00011,2024FA,2024-08-03,Registered,3.0,Audit
REG001355,STU00150,SEC00228,2025FA,2025-08-10,Registered,3.0,Pass Fail
REG001356,STU00150,SEC00227,2025FA,2025-07-21,Registered,3.0,Audit
REG001357,STU00150,SEC00156,2025SU,2025-05-02,Registered,3.0,Letter
REG001358,STU00150,SEC00155,2025SU,2025-04-16,Registered,3.0,Pass Fail
REG001359,STU00150,SEC00372,2026SU,2026-04-11,Registered,3.0,Audit
REG001360,STU00150,SEC00371,2026SU,2026-04-10,Registered,3.0,Audit
REG001361,STU00151,SEC00229,2025FA,2025-07-21,Registered,3.0,Pass Fail
REG001362,STU00151,SEC00230,2025FA,2025-07-30,Registered,3.0,Audit
REG001363,STU00151,SEC00374,2026SU,2026-04-26,Dropped,0.0,Pass Fail
REG001364,STU00151,SEC00373,2026SU,2026-04-13,Registered,3.0,Letter
REG001365,STU00151,SEC00301,2026WI,2025-12-12,Registered,3.0,Letter
REG001366,STU00151,SEC00302,2026WI,2025-12-11,Registered,3.0,Letter
REG001367,STU00152,SEC00015,2024FA,2024-08-11,Withdrawn,3.0,Audit
REG001368,STU00152,SEC00016,2024FA,2024-08-13,Registered,3.0,Audit
REG001369,STU00152,SEC00232,2025FA,2025-08-02,Registered,3.0,Audit
REG001370,STU00152,SEC00231,2025FA,2025-07-24,Registered,3.0,Pass Fail
REG001371,STU00152,SEC00159,2025SU,2025-04-24,Registered,3.0,Pass Fail
REG001372,STU00152,SEC00160,2025SU,2025-04-08,Registered,3.0,Pass Fail
REG001373,STU00152,SEC00376,2026SU,2026-04-20,Registered,3.0,Pass Fail
REG001374,STU00152,SEC00375,2026SU,2026-04-19,Registered,3.0,Letter
REG001375,STU00152,SEC00303,2026WI,2026-01-04,Registered,3.0,Letter
REG001376,STU00152,SEC00304,2026WI,2026-01-02,Registered,3.0,Audit
REG001377,STU00153,SEC00017,2024FA,2024-08-01,Registered,3.0,Letter
REG001378,STU00153,SEC00018,2024FA,2024-08-03,Registered,3.0,Audit
REG001379,STU00153,SEC00234,2025FA,2025-08-01,Registered,3.0,Audit
REG001380,STU00153,SEC00233,2025FA,2025-07-27,Withdrawn,3.0,Letter
REG001381,STU00153,SEC00161,2025SU,2025-04-20,Registered,3.0,Letter
REG001382,STU00153,SEC00162,2025SU,2025-04-18,Registered,3.0,Letter
REG001383,STU00153,SEC00089,2025WI,2024-12-10,Registered,3.0,Pass Fail
REG001384,STU00153,SEC00090,2025WI,2024-12-22,Registered,3.0,Letter
REG001385,STU00153,SEC00378,2026SU,2026-05-02,Registered,3.0,Audit
REG001386,STU00153,SEC00377,2026SU,2026-04-19,Registered,3.0,Audit
REG001387,STU00153,SEC00306,2026WI,2025-12-28,Registered,3.0,Letter
REG001388,STU00153,SEC00305,2026WI,2025-12-27,Registered,3.0,Audit
REG001389,STU00154,SEC00163,2025SU,2025-04-14,Registered,3.0,Audit
REG001390,STU00154,SEC00164,2025SU,2025-04-20,Registered,3.0,Letter
REG001391,STU00154,SEC00092,2025WI,2024-12-13,Registered,3.0,Pass Fail
REG001392,STU00154,SEC00091,2025WI,2025-01-05,Dropped,0.0,Audit
REG001393,STU00154,SEC00380,2026SU,2026-04-12,Registered,3.0,Audit
REG001394,STU00154,SEC00379,2026SU,2026-04-14,Registered,3.0,Pass Fail
REG001395,STU00154,SEC00308,2026WI,2025-12-12,Registered,3.0,Audit
REG001396,STU00154,SEC00307,2026WI,2025-12-08,Registered,3.0,Letter
REG001397,STU00155,SEC00021,2024FA,2024-07-30,Registered,3.0,Letter
REG001398,STU00155,SEC00022,2024FA,2024-08-11,Registered,3.0,Letter
REG001399,STU00155,SEC00237,2025FA,2025-08-15,Registered,3.0,Audit
REG001400,STU00155,SEC00238,2025FA,2025-08-03,Registered,3.0,Audit
REG001401,STU00155,SEC00166,2025SU,2025-04-15,Withdrawn,3.0,Letter
REG001402,STU00155,SEC00165,2025SU,2025-04-25,Registered,3.0,Audit
REG001403,STU00156,SEC00023,2024FA,2024-08-11,Registered,3.0,Letter
REG001404,STU00156,SEC00024,2024FA,2024-08-18,Registered,3.0,Audit
REG001405,STU00156,SEC00240,2025FA,2025-07-23,Registered,3.0,Letter
REG001406,STU00156,SEC00239,2025FA,2025-08-08,Registered,3.0,Audit
REG001407,STU00156,SEC00168,2025SU,2025-05-03,Registered,3.0,Audit
REG001408,STU00156,SEC00167,2025SU,2025-04-28,Registered,3.0,Audit
REG001409,STU00156,SEC00096,2025WI,2024-12-31,Registered,3.0,Pass Fail
REG001410,STU00156,SEC00095,2025WI,2024-12-15,Dropped,0.0,Letter
REG001411,STU00157,SEC00025,2024FA,2024-08-02,Registered,3.0,Pass Fail
REG001412,STU00157,SEC00026,2024FA,2024-07-25,Registered,3.0,Letter
REG001413,STU00157,SEC00097,2025WI,2024-12-29,Registered,3.0,Pass Fail
REG001414,STU00157,SEC00098,2025WI,2024-12-20,Registered,3.0,Letter
REG001415,STU00157,SEC00313,2026WI,2025-12-22,Withdrawn,3.0,Pass Fail
REG001416,STU00157,SEC00314,2026WI,2025-12-30,Registered,3.0,Audit
REG001417,STU00158,SEC00027,2024FA,2024-08-14,Registered,3.0,Letter
REG001418,STU00158,SEC00028,2024FA,2024-07-30,Withdrawn,3.0,Audit
REG001419,STU00158,SEC00243,2025FA,2025-08-15,Registered,3.0,Pass Fail
REG001420,STU00158,SEC00244,2025FA,2025-08-16,Registered,3.0,Pass Fail
REG001421,STU00158,SEC00171,2025SU,2025-04-13,Registered,3.0,Letter
REG001422,STU00158,SEC00172,2025SU,2025-04-09,Registered,3.0,Letter
REG001423,STU00158,SEC00100,2025WI,2024-12-27,Registered,3.0,Audit
REG001424,STU00158,SEC00099,2025WI,2024-12-25,Registered,3.0,Pass Fail
REG001425,STU00158,SEC00315,2026WI,2025-12-16,Registered,3.0,Pass Fail
REG001426,STU00158,SEC00316,2026WI,2025-12-22,Registered,3.0,Audit
REG001427,STU00159,SEC00174,2025SU,2025-04-18,Registered,3.0,Letter
REG001428,STU00159,SEC00173,2025SU,2025-05-03,Registered,3.0,Letter
REG001429,STU00159,SEC00102,2025WI,2025-01-03,Registered,3.0,Pass Fail
REG001430,STU00159,SEC00101,2025WI,2025-01-04,Registered,3.0,Audit
REG001431,STU00159,SEC00390,2026SU,2026-05-03,Registered,3.0,Letter
REG001432,STU00159,SEC00389,2026SU,2026-04-13,Registered,3.0,Letter
REG001433,STU00159,SEC00318,2026WI,2026-01-02,Registered,3.0,Letter
REG001434,STU00159,SEC00317,2026WI,2025-12-27,Registered,3.0,Audit
REG001435,STU00160,SEC00248,2025FA,2025-08-16,Registered,3.0,Audit
REG001436,STU00160,SEC00247,2025FA,2025-07-21,Registered,3.0,Audit
REG001437,STU00160,SEC00176,2025SU,2025-04-07,Registered,3.0,Audit
REG001438,STU00160,SEC00175,2025SU,2025-04-13,Registered,3.0,Pass Fail
REG001439,STU00160,SEC00104,2025WI,2025-01-03,Registered,3.0,Pass Fail
REG001440,STU00160,SEC00103,2025WI,2024-12-09,Registered,3.0,Audit
REG001441,STU00160,SEC00392,2026SU,2026-04-07,Registered,3.0,Pass Fail
REG001442,STU00160,SEC00391,2026SU,2026-04-18,Dropped,0.0,Audit
REG001443,STU00160,SEC00319,2026WI,2025-12-16,Registered,3.0,Pass Fail
REG001444,STU00160,SEC00320,2026WI,2025-12-11,Registered,3.0,Letter
REG001445,STU00161,SEC00033,2024FA,2024-08-17,Registered,3.0,Pass Fail
REG001446,STU00161,SEC00034,2024FA,2024-07-30,Registered,3.0,Audit
REG001447,STU00161,SEC00249,2025FA,2025-08-10,Registered,3.0,Audit
REG001448,STU00161,SEC00250,2025FA,2025-08-16,Registered,3.0,Pass Fail
REG001449,STU00161,SEC00394,2026SU,2026-04-16,Registered,3.0,Letter
REG001450,STU00161,SEC00393,2026SU,2026-04-14,Registered,3.0,Letter
REG001451,STU00162,SEC00036,2024FA,2024-08-03,Registered,3.0,Letter
REG001452,STU00162,SEC00035,2024FA,2024-08-02,Withdrawn,3.0,Audit
REG001453,STU00162,SEC00252,2025FA,2025-08-05,Registered,3.0,Letter
REG001454,STU00162,SEC00251,2025FA,2025-08-08,Registered,3.0,Audit
REG001455,STU00162,SEC00180,2025SU,2025-04-24,Registered,3.0,Pass Fail
REG001456,STU00162,SEC00179,2025SU,2025-04-14,Registered,3.0,Letter
REG001457,STU00162,SEC00108,2025WI,2024-12-09,Registered,3.0,Audit
REG001458,STU00162,SEC00107,2025WI,2024-12-21,Registered,3.0,Audit
REG001459,STU00162,SEC00396,2026SU,2026-04-13,Registered,3.0,Audit
REG001460,STU00162,SEC00395,2026SU,2026-04-08,Dropped,0.0,Letter
REG001461,STU00162,SEC00324,2026WI,2025-12-27,Withdrawn,3.0,Letter
REG001462,STU00162,SEC00323,2026WI,2025-12-27,Registered,3.0,Pass Fail
REG001463,STU00163,SEC00038,2024FA,2024-07-26,Registered,3.0,Letter
REG001464,STU00163,SEC00037,2024FA,2024-08-10,Registered,3.0,Letter
REG001465,STU00163,SEC00253,2025FA,2025-08-17,Registered,3.0,Pass Fail
REG001466,STU00163,SEC00254,2025FA,2025-08-04,Registered,3.0,Audit
REG001467,STU00163,SEC00181,2025SU,2025-05-01,Registered,3.0,Audit
REG001468,STU00163,SEC00182,2025SU,2025-04-08,Registered,3.0,Pass Fail
REG001469,STU00163,SEC00110,2025WI,2024-12-09,Registered,3.0,Audit
REG001470,STU00163,SEC00109,2025WI,2024-12-14,Registered,3.0,Letter
REG001471,STU00163,SEC00397,2026SU,2026-05-03,Registered,3.0,Audit
REG001472,STU00163,SEC00398,2026SU,2026-04-16,Registered,3.0,Pass Fail
REG001473,STU00163,SEC00325,2026WI,2025-12-22,Registered,3.0,Letter
REG001474,STU00163,SEC00326,2026WI,2025-12-22,Registered,3.0,Letter
REG001475,STU00164,SEC00040,2024FA,2024-08-07,Registered,3.0,Pass Fail
REG001476,STU00164,SEC00039,2024FA,2024-08-14,Registered,3.0,Letter
REG001477,STU00164,SEC00255,2025FA,2025-08-17,Registered,3.0,Letter
REG001478,STU00164,SEC00256,2025FA,2025-08-12,Registered,3.0,Letter
REG001479,STU00164,SEC00183,2025SU,2025-04-08,Withdrawn,3.0,Audit
REG001480,STU00164,SEC00184,2025SU,2025-04-18,Registered,3.0,Pass Fail
REG001481,STU00164,SEC00112,2025WI,2024-12-21,Registered,3.0,Pass Fail
REG001482,STU00164,SEC00111,2025WI,2024-12-31,Registered,3.0,Pass Fail
REG001483,STU00164,SEC00400,2026SU,2026-04-18,Registered,3.0,Letter
REG001484,STU00164,SEC00399,2026SU,2026-04-14,Registered,3.0,Pass Fail
REG001485,STU00164,SEC00328,2026WI,2025-12-14,Registered,3.0,Audit
REG001486,STU00164,SEC00327,2026WI,2025-12-30,Registered,3.0,Audit
REG001487,STU00165,SEC00042,2024FA,2024-07-30,Registered,3.0,Letter
REG001488,STU00165,SEC00041,2024FA,2024-07-24,Registered,3.0,Audit
REG001489,STU00165,SEC00258,2025FA,2025-07-24,Registered,3.0,Letter
REG001490,STU00165,SEC00257,2025FA,2025-08-13,Registered,3.0,Audit
REG001491,STU00165,SEC00185,2025SU,2025-04-26,Registered,3.0,Letter
REG001492,STU00165,SEC00186,2025SU,2025-04-25,Registered,3.0,Audit
REG001493,STU00165,SEC00402,2026SU,2026-04-19,Withdrawn,3.0,Audit
REG001494,STU00165,SEC00401,2026SU,2026-04-09,Registered,3.0,Audit
REG001495,STU00166,SEC00260,2025FA,2025-07-25,Registered,3.0,Audit
REG001496,STU00166,SEC00259,2025FA,2025-08-13,Registered,3.0,Audit
REG001497,STU00166,SEC00188,2025SU,2025-04-15,Registered,3.0,Audit
REG001498,STU00166,SEC00187,2025SU,2025-04-17,Registered,3.0,Letter
REG001499,STU00166,SEC00116,2025WI,2025-01-05,Registered,3.0,Letter
REG001500,STU00166,SEC00115,2025WI,2024-12-21,Registered,3.0,Pass Fail
REG001501,STU00167,SEC00190,2025SU,2025-04-29,Registered,3.0,Pass Fail
REG001502,STU00167,SEC00189,2025SU,2025-04-15,Registered,3.0,Letter
REG001503,STU00167,SEC00406,2026SU,2026-04-14,Registered,3.0,Audit
REG001504,STU00167,SEC00405,2026SU,2026-04-20,Registered,3.0,Pass Fail
REG001505,STU00167,SEC00334,2026WI,2025-12-25,Registered,3.0,Audit
REG001506,STU00167,SEC00333,2026WI,2025-12-24,Registered,3.0,Pass Fail
REG001507,STU00168,SEC00047,2024FA,2024-07-27,Registered,3.0,Letter
REG001508,STU00168,SEC00048,2024FA,2024-08-03,Registered,3.0,Audit
REG001509,STU00168,SEC00264,2025FA,2025-07-28,Registered,3.0,Letter
REG001510,STU00168,SEC00263,2025FA,2025-08-12,Registered,3.0,Pass Fail
REG001511,STU00168,SEC00192,2025SU,2025-04-07,Registered,3.0,Pass Fail
REG001512,STU00168,SEC00191,2025SU,2025-04-21,Registered,3.0,Letter
REG001513,STU00168,SEC00120,2025WI,2025-01-04,Dropped,0.0,Letter
REG001514,STU00168,SEC00119,2025WI,2024-12-09,Registered,3.0,Audit
REG001515,STU00168,SEC00408,2026SU,2026-04-06,Registered,3.0,Pass Fail
REG001516,STU00168,SEC00407,2026SU,2026-04-28,Registered,3.0,Letter
REG001517,STU00168,SEC00336,2026WI,2025-12-15,Registered,3.0,Letter
REG001518,STU00168,SEC00335,2026WI,2025-12-17,Registered,3.0,Letter
REG001519,STU00169,SEC00050,2024FA,2024-08-17,Registered,3.0,Letter
REG001520,STU00169,SEC00049,2024FA,2024-08-03,Registered,3.0,Audit
REG001521,STU00169,SEC00265,2025FA,2025-08-11,Registered,3.0,Audit
REG001522,STU00169,SEC00266,2025FA,2025-07-28,Registered,3.0,Pass Fail
REG001523,STU00169,SEC00193,2025SU,2025-05-02,Dropped,0.0,Letter
REG001524,STU00169,SEC00194,2025SU,2025-04-19,Dropped,0.0,Letter
REG001525,STU00169,SEC00122,2025WI,2024-12-13,Registered,3.0,Letter
REG001526,STU00169,SEC00121,2025WI,2024-12-23,Registered,3.0,Pass Fail
REG001527,STU00169,SEC00410,2026SU,2026-04-10,Registered,3.0,Audit
REG001528,STU00169,SEC00409,2026SU,2026-04-07,Registered,3.0,Letter
REG001529,STU00170,SEC00051,2024FA,2024-07-25,Registered,3.0,Pass Fail
REG001530,STU00170,SEC00052,2024FA,2024-08-08,Registered,3.0,Pass Fail
REG001531,STU00170,SEC00267,2025FA,2025-08-16,Registered,3.0,Audit
REG001532,STU00170,SEC00268,2025FA,2025-07-31,Registered,3.0,Pass Fail
REG001533,STU00170,SEC00196,2025SU,2025-04-25,Registered,3.0,Pass Fail
REG001534,STU00170,SEC00195,2025SU,2025-04-26,Registered,3.0,Pass Fail
REG001535,STU00170,SEC00340,2026WI,2025-12-27,Registered,3.0,Letter
REG001536,STU00170,SEC00339,2026WI,2025-12-25,Withdrawn,3.0,Audit
REG001537,STU00171,SEC00054,2024FA,2024-07-26,Withdrawn,3.0,Pass Fail
REG001538,STU00171,SEC00053,2024FA,2024-08-18,Registered,3.0,Audit
REG001539,STU00171,SEC00270,2025FA,2025-08-04,Registered,3.0,Audit
REG001540,STU00171,SEC00269,2025FA,2025-08-16,Registered,3.0,Audit
REG001541,STU00171,SEC00197,2025SU,2025-04-10,Registered,3.0,Pass Fail
REG001542,STU00171,SEC00198,2025SU,2025-04-19,Registered,3.0,Pass Fail
REG001543,STU00171,SEC00125,2025WI,2024-12-13,Registered,3.0,Letter
REG001544,STU00171,SEC00126,2025WI,2024-12-25,Dropped,0.0,Audit
REG001545,STU00171,SEC00413,2026SU,2026-04-07,Registered,3.0,Pass Fail
REG001546,STU00171,SEC00414,2026SU,2026-04-12,Registered,3.0,Audit
REG001547,STU00171,SEC00341,2026WI,2025-12-23,Registered,3.0,Letter
REG001548,STU00171,SEC00342,2026WI,2025-12-24,Registered,3.0,Letter
REG001549,STU00172,SEC00055,2024FA,2024-08-11,Registered,3.0,Letter
REG001550,STU00172,SEC00056,2024FA,2024-08-09,Registered,3.0,Letter
REG001551,STU00172,SEC00272,2025FA,2025-08-09,Registered,3.0,Audit
REG001552,STU00172,SEC00271,2025FA,2025-07-22,Dropped,0.0,Pass Fail
REG001553,STU00172,SEC00200,2025SU,2025-04-15,Registered,3.0,Pass Fail
REG001554,STU00172,SEC00199,2025SU,2025-04-12,Registered,3.0,Letter
REG001555,STU00172,SEC00128,2025WI,2024-12-24,Registered,3.0,Letter
REG001556,STU00172,SEC00127,2025WI,2024-12-20,Registered,3.0,Letter
REG001557,STU00172,SEC00415,2026SU,2026-04-21,Registered,3.0,Pass Fail
REG001558,STU00172,SEC00416,2026SU,2026-04-30,Registered,3.0,Audit
REG001559,STU00172,SEC00344,2026WI,2025-12-13,Registered,3.0,Pass Fail
REG001560,STU00172,SEC00343,2026WI,2025-12-22,Registered,3.0,Pass Fail
REG001561,STU00173,SEC00057,2024FA,2024-08-13,Registered,3.0,Letter
REG001562,STU00173,SEC00058,2024FA,2024-07-23,Registered,3.0,Audit
REG001563,STU00173,SEC00273,2025FA,2025-08-08,Registered,3.0,Letter
REG001564,STU00173,SEC00274,2025FA,2025-08-10,Dropped,0.0,Audit
REG001565,STU00173,SEC00345,2026WI,2025-12-17,Registered,3.0,Letter
REG001566,STU00173,SEC00346,2026WI,2025-12-16,Registered,3.0,Pass Fail
REG001567,STU00174,SEC00059,2024FA,2024-08-17,Registered,3.0,Letter
REG001568,STU00174,SEC00060,2024FA,2024-07-27,Registered,3.0,Letter
REG001569,STU00174,SEC00275,2025FA,2025-07-22,Registered,3.0,Letter
REG001570,STU00174,SEC00276,2025FA,2025-08-15,Registered,3.0,Audit
REG001571,STU00174,SEC00204,2025SU,2025-04-22,Registered,3.0,Pass Fail
REG001572,STU00174,SEC00203,2025SU,2025-04-28,Registered,3.0,Letter
REG001573,STU00174,SEC00131,2025WI,2025-01-03,Registered,3.0,Audit
REG001574,STU00174,SEC00132,2025WI,2024-12-26,Dropped,0.0,Pass Fail
REG001575,STU00174,SEC00420,2026SU,2026-04-16,Withdrawn,3.0,Audit
REG001576,STU00174,SEC00419,2026SU,2026-04-20,Registered,3.0,Letter
REG001577,STU00174,SEC00348,2026WI,2025-12-17,Registered,3.0,Pass Fail
REG001578,STU00174,SEC00347,2026WI,2025-12-09,Registered,3.0,Pass Fail
REG001579,STU00175,SEC00061,2024FA,2024-08-01,Registered,3.0,Pass Fail
REG001580,STU00175,SEC00062,2024FA,2024-08-03,Registered,3.0,Pass Fail
REG001581,STU00175,SEC00133,2025WI,2024-12-29,Registered,3.0,Audit
REG001582,STU00175,SEC00134,2025WI,2024-12-25,Registered,3.0,Pass Fail
REG001583,STU00175,SEC00421,2026SU,2026-04-13,Registered,3.0,Letter
REG001584,STU00175,SEC00422,2026SU,2026-04-06,Registered,3.0,Letter
REG001585,STU00176,SEC00064,2024FA,2024-07-22,Registered,3.0,Letter
REG001586,STU00176,SEC00063,2024FA,2024-08-01,Registered,3.0,Audit
REG001587,STU00176,SEC00280,2025FA,2025-08-15,Registered,3.0,Pass Fail
REG001588,STU00176,SEC00279,2025FA,2025-07-24,Registered,3.0,Audit
REG001589,STU00176,SEC00207,2025SU,2025-04-25,Registered,3.0,Letter
REG001590,STU00176,SEC00208,2025SU,2025-04-27,Registered,3.0,Pass Fail
REG001591,STU00176,SEC00135,2025WI,2024-12-13,Dropped,0.0,Letter
REG001592,STU00176,SEC00136,2025WI,2025-01-01,Registered,3.0,Audit
REG001593,STU00176,SEC00351,2026WI,2026-01-03,Registered,3.0,Audit
REG001594,STU00176,SEC00352,2026WI,2025-12-22,Registered,3.0,Audit
REG001595,STU00177,SEC00066,2024FA,2024-07-27,Registered,3.0,Pass Fail
REG001596,STU00177,SEC00065,2024FA,2024-08-09,Registered,3.0,Letter
REG001597,STU00177,SEC00210,2025SU,2025-04-23,Registered,3.0,Audit
REG001598,STU00177,SEC00209,2025SU,2025-05-01,Registered,3.0,Pass Fail
REG001599,STU00177,SEC00138,2025WI,2024-12-25,Withdrawn,3.0,Letter
REG001600,STU00177,SEC00137,2025WI,2024-12-10,Registered,3.0,Pass Fail
REG001601,STU00177,SEC00426,2026SU,2026-05-02,Registered,3.0,Audit
REG001602,STU00177,SEC00425,2026SU,2026-04-22,Registered,3.0,Audit
REG001603,STU00177,SEC00354,2026WI,2025-12-17,Registered,3.0,Audit
REG001604,STU00177,SEC00353,2026WI,2025-12-14,Registered,3.0,Pass Fail
REG001605,STU00178,SEC00067,2024FA,2024-07-28,Registered,3.0,Letter
REG001606,STU00178,SEC00068,2024FA,2024-08-04,Registered,3.0,Pass Fail
REG001607,STU00178,SEC00284,2025FA,2025-08-11,Registered,3.0,Pass Fail
REG001608,STU00178,SEC00283,2025FA,2025-08-03,Registered,3.0,Pass Fail
REG001609,STU00178,SEC00211,2025SU,2025-05-03,Registered,3.0,Letter
REG001610,STU00178,SEC00212,2025SU,2025-04-09,Registered,3.0,Letter
REG001611,STU00178,SEC00139,2025WI,2024-12-13,Registered,3.0,Letter
REG001612,STU00178,SEC00140,2025WI,2024-12-13,Registered,3.0,Letter
REG001613,STU00178,SEC00427,2026SU,2026-04-28,Registered,3.0,Pass Fail
REG001614,STU00178,SEC00428,2026SU,2026-04-19,Dropped,0.0,Audit
REG001615,STU00178,SEC00355,2026WI,2025-12-23,Registered,3.0,Audit
REG001616,STU00178,SEC00356,2026WI,2025-12-22,Registered,3.0,Pass Fail
REG001617,STU00179,SEC00069,2024FA,2024-07-30,Registered,3.0,Letter
REG001618,STU00179,SEC00070,2024FA,2024-07-24,Registered,3.0,Audit
REG001619,STU00179,SEC00285,2025FA,2025-08-07,Registered,3.0,Letter
REG001620,STU00179,SEC00286,2025FA,2025-08-09,Registered,3.0,Pass Fail
REG001621,STU00179,SEC00214,2025SU,2025-04-19,Dropped,0.0,Audit
REG001622,STU00179,SEC00213,2025SU,2025-04-17,Registered,3.0,Pass Fail
REG001623,STU00179,SEC00142,2025WI,2024-12-25,Registered,3.0,Letter
REG001624,STU00179,SEC00141,2025WI,2024-12-12,Registered,3.0,Letter
REG001625,STU00179,SEC00357,2026WI,2025-12-18,Withdrawn,3.0,Audit
REG001626,STU00179,SEC00358,2026WI,2025-12-12,Registered,3.0,Pass Fail
REG001627,STU00180,SEC00071,2024FA,2024-07-22,Registered,3.0,Pass Fail
REG001628,STU00180,SEC00072,2024FA,2024-08-15,Registered,3.0,Audit
REG001629,STU00180,SEC00287,2025FA,2025-07-31,Registered,3.0,Audit
REG001630,STU00180,SEC00288,2025FA,2025-07-28,Registered,3.0,Letter
REG001631,STU00180,SEC00143,2025WI,2024-12-22,Registered,3.0,Letter
REG001632,STU00180,SEC00144,2025WI,2024-12-24,Registered,3.0,Audit
REG001633,STU00181,SEC00002,2024FA,2024-07-22,Registered,3.0,Letter
REG001634,STU00181,SEC00001,2024FA,2024-08-11,Registered,3.0,Audit
REG001635,STU00181,SEC00074,2025WI,2024-12-27,Registered,3.0,Pass Fail
REG001636,STU00181,SEC00073,2025WI,2024-12-09,Registered,3.0,Pass Fail
REG001637,STU00181,SEC00362,2026SU,2026-04-18,Registered,3.0,Letter
REG001638,STU00181,SEC00361,2026SU,2026-04-22,Registered,3.0,Letter
REG001639,STU00181,SEC00289,2026WI,2025-12-10,Registered,3.0,Letter
REG001640,STU00181,SEC00290,2026WI,2026-01-04,Registered,3.0,Pass Fail
REG001641,STU00182,SEC00004,2024FA,2024-08-02,Registered,3.0,Audit
REG001642,STU00182,SEC00003,2024FA,2024-08-07,Registered,3.0,Audit
REG001643,STU00182,SEC00220,2025FA,2025-08-03,Registered,3.0,Pass Fail
REG001644,STU00182,SEC00219,2025FA,2025-08-13,Registered,3.0,Letter
REG001645,STU00182,SEC00148,2025SU,2025-05-04,Registered,3.0,Audit
REG001646,STU00182,SEC00147,2025SU,2025-04-20,Registered,3.0,Pass Fail
REG001647,STU00182,SEC00076,2025WI,2024-12-12,Registered,3.0,Audit
REG001648,STU00182,SEC00075,2025WI,2024-12-31,Registered,3.0,Letter
REG001649,STU00182,SEC00364,2026SU,2026-04-26,Withdrawn,3.0,Audit
REG001650,STU00182,SEC00363,2026SU,2026-05-01,Registered,3.0,Letter
REG001651,STU00182,SEC00291,2026WI,2025-12-12,Registered,3.0,Pass Fail
REG001652,STU00182,SEC00292,2026WI,2025-12-21,Registered,3.0,Letter
REG001653,STU00183,SEC00005,2024FA,2024-08-18,Registered,3.0,Letter
REG001654,STU00183,SEC00006,2024FA,2024-07-26,Registered,3.0,Audit
REG001655,STU00183,SEC00221,2025FA,2025-08-01,Registered,3.0,Pass Fail
REG001656,STU00183,SEC00222,2025FA,2025-08-14,Registered,3.0,Audit
REG001657,STU00183,SEC00150,2025SU,2025-05-04,Dropped,0.0,Letter
REG001658,STU00183,SEC00149,2025SU,2025-04-24,Registered,3.0,Letter
REG001659,STU00183,SEC00366,2026SU,2026-04-14,Dropped,0.0,Letter
REG001660,STU00183,SEC00365,2026SU,2026-04-06,Registered,3.0,Audit
REG001661,STU00184,SEC00008,2024FA,2024-08-11,Registered,3.0,Letter
REG001662,STU00184,SEC00007,2024FA,2024-08-14,Registered,3.0,Audit
REG001663,STU00184,SEC00224,2025FA,2025-08-04,Registered,3.0,Pass Fail
REG001664,STU00184,SEC00223,2025FA,2025-07-23,Registered,3.0,Pass Fail
REG001665,STU00184,SEC00152,2025SU,2025-04-26,Registered,3.0,Pass Fail
REG001666,STU00184,SEC00151,2025SU,2025-04-12,Registered,3.0,Audit
REG001667,STU00184,SEC00368,2026SU,2026-04-17,Registered,3.0,Pass Fail
REG001668,STU00184,SEC00367,2026SU,2026-05-02,Registered,3.0,Audit
REG001669,STU00184,SEC00296,2026WI,2025-12-24,Registered,3.0,Letter
REG001670,STU00184,SEC00295,2026WI,2025-12-19,Registered,3.0,Pass Fail
REG001671,STU00185,SEC00226,2025FA,2025-08-06,Registered,3.0,Pass Fail
REG001672,STU00185,SEC00225,2025FA,2025-08-14,Registered,3.0,Letter
REG001673,STU00185,SEC00153,2025SU,2025-05-01,Registered,3.0,Letter
REG001674,STU00185,SEC00154,2025SU,2025-04-23,Registered,3.0,Letter
REG001675,STU00185,SEC00081,2025WI,2024-12-22,Withdrawn,3.0,Audit
REG001676,STU00185,SEC00082,2025WI,2024-12-10,Registered,3.0,Pass Fail
REG001677,STU00185,SEC00297,2026WI,2025-12-17,Registered,3.0,Audit
REG001678,STU00185,SEC00298,2026WI,2026-01-04,Registered,3.0,Audit
REG001679,STU00186,SEC00012,2024FA,2024-07-25,Registered,3.0,Pass Fail
REG001680,STU00186,SEC00011,2024FA,2024-07-30,Registered,3.0,Letter
REG001681,STU00186,SEC00228,2025FA,2025-08-15,Registered,3.0,Audit
REG001682,STU00186,SEC00227,2025FA,2025-07-21,Registered,3.0,Audit
REG001683,STU00186,SEC00155,2025SU,2025-04-12,Registered,3.0,Audit
REG001684,STU00186,SEC00156,2025SU,2025-04-16,Registered,3.0,Letter
REG001685,STU00186,SEC00083,2025WI,2024-12-13,Registered,3.0,Pass Fail
REG001686,STU00186,SEC00084,2025WI,2024-12-22,Registered,3.0,Letter
REG001687,STU00186,SEC00371,2026SU,2026-04-24,Registered,3.0,Letter
REG001688,STU00186,SEC00372,2026SU,2026-04-13,Registered,3.0,Audit
REG001689,STU00186,SEC00300,2026WI,2025-12-19,Registered,3.0,Audit
REG001690,STU00186,SEC00299,2026WI,2025-12-08,Registered,3.0,Audit
REG001691,STU00187,SEC00013,2024FA,2024-08-17,Registered,3.0,Pass Fail
REG001692,STU00187,SEC00014,2024FA,2024-08-17,Registered,3.0,Letter
REG001693,STU00187,SEC00230,2025FA,2025-08-07,Withdrawn,3.0,Letter
REG001694,STU00187,SEC00229,2025FA,2025-08-12,Registered,3.0,Letter
REG001695,STU00187,SEC00085,2025WI,2024-12-21,Registered,3.0,Letter
REG001696,STU00187,SEC00086,2025WI,2024-12-15,Registered,3.0,Audit
REG001697,STU00187,SEC00373,2026SU,2026-04-25,Registered,3.0,Letter
REG001698,STU00187,SEC00374,2026SU,2026-05-01,Registered,3.0,Letter
REG001699,STU00188,SEC00016,2024FA,2024-07-25,Registered,3.0,Letter
REG001700,STU00188,SEC00015,2024FA,2024-08-18,Withdrawn,3.0,Pass Fail
REG001701,STU00188,SEC00232,2025FA,2025-08-16,Withdrawn,3.0,Letter
REG001702,STU00188,SEC00231,2025FA,2025-07-26,Registered,3.0,Pass Fail
REG001703,STU00188,SEC00159,2025SU,2025-04-23,Dropped,0.0,Pass Fail
REG001704,STU00188,SEC00160,2025SU,2025-04-16,Registered,3.0,Letter
REG001705,STU00188,SEC00087,2025WI,2024-12-21,Registered,3.0,Letter
REG001706,STU00188,SEC00088,2025WI,2024-12-14,Withdrawn,3.0,Audit
REG001707,STU00189,SEC00017,2024FA,2024-08-04,Registered,3.0,Audit
REG001708,STU00189,SEC00018,2024FA,2024-08-04,Dropped,0.0,Audit
REG001709,STU00189,SEC00234,2025FA,2025-08-05,Registered,3.0,Audit
REG001710,STU00189,SEC00233,2025FA,2025-08-15,Dropped,0.0,Audit
REG001711,STU00189,SEC00161,2025SU,2025-05-02,Registered,3.0,Audit
REG001712,STU00189,SEC00162,2025SU,2025-04-07,Registered,3.0,Audit
REG001713,STU00189,SEC00090,2025WI,2025-01-05,Registered,3.0,Pass Fail
REG001714,STU00189,SEC00089,2025WI,2024-12-23,Registered,3.0,Audit
REG001715,STU00189,SEC00378,2026SU,2026-04-24,Registered,3.0,Letter
REG001716,STU00189,SEC00377,2026SU,2026-04-09,Registered,3.0,Audit
REG001717,STU00189,SEC00305,2026WI,2025-12-14,Registered,3.0,Letter
REG001718,STU00189,SEC00306,2026WI,2025-12-12,Registered,3.0,Letter
REG001719,STU00190,SEC00236,2025FA,2025-08-14,Registered,3.0,Pass Fail
REG001720,STU00190,SEC00235,2025FA,2025-08-10,Registered,3.0,Audit
REG001721,STU00190,SEC00164,2025SU,2025-04-30,Registered,3.0,Letter
REG001722,STU00190,SEC00163,2025SU,2025-04-11,Registered,3.0,Letter
REG001723,STU00190,SEC00380,2026SU,2026-04-12,Withdrawn,3.0,Pass Fail
REG001724,STU00190,SEC00379,2026SU,2026-04-15,Registered,3.0,Letter
REG001725,STU00191,SEC00237,2025FA,2025-07-26,Registered,3.0,Letter
REG001726,STU00191,SEC00238,2025FA,2025-07-22,Registered,3.0,Letter
REG001727,STU00191,SEC00165,2025SU,2025-04-27,Withdrawn,3.0,Pass Fail
REG001728,STU00191,SEC00166,2025SU,2025-04-18,Dropped,0.0,Pass Fail
REG001729,STU00191,SEC00382,2026SU,2026-04-29,Registered,3.0,Letter
REG001730,STU00191,SEC00381,2026SU,2026-04-17,Registered,3.0,Audit
REG001731,STU00192,SEC00024,2024FA,2024-07-24,Registered,3.0,Letter
REG001732,STU00192,SEC00023,2024FA,2024-08-02,Registered,3.0,Letter
REG001733,STU00192,SEC00239,2025FA,2025-07-31,Dropped,0.0,Pass Fail
REG001734,STU00192,SEC00240,2025FA,2025-07-29,Registered,3.0,Audit
REG001735,STU00192,SEC00167,2025SU,2025-04-30,Registered,3.0,Letter
REG001736,STU00192,SEC00168,2025SU,2025-04-24,Registered,3.0,Pass Fail
REG001737,STU00192,SEC00095,2025WI,2024-12-14,Registered,3.0,Pass Fail
REG001738,STU00192,SEC00096,2025WI,2024-12-20,Registered,3.0,Pass Fail
REG001739,STU00192,SEC00384,2026SU,2026-04-08,Registered,3.0,Audit
REG001740,STU00192,SEC00383,2026SU,2026-04-28,Registered,3.0,Letter
REG001741,STU00193,SEC00025,2024FA,2024-08-05,Dropped,0.0,Letter
REG001742,STU00193,SEC00026,2024FA,2024-07-31,Registered,3.0,Letter
REG001743,STU00193,SEC00169,2025SU,2025-05-03,Registered,3.0,Pass Fail
REG001744,STU00193,SEC00170,2025SU,2025-04-24,Registered,3.0,Pass Fail
REG001745,STU00193,SEC00097,2025WI,2024-12-11,Registered,3.0,Letter
REG001746,STU00193,SEC00098,2025WI,2024-12-23,Registered,3.0,Pass Fail
REG001747,STU00194,SEC00027,2024FA,2024-08-04,Dropped,0.0,Letter
REG001748,STU00194,SEC00028,2024FA,2024-07-30,Registered,3.0,Pass Fail
REG001749,STU00194,SEC00244,2025FA,2025-08-07,Registered,3.0,Letter
REG001750,STU00194,SEC00243,2025FA,2025-08-14,Registered,3.0,Pass Fail
REG001751,STU00194,SEC00099,2025WI,2024-12-19,Registered,3.0,Letter
REG001752,STU00194,SEC00100,2025WI,2025-01-03,Registered,3.0,Audit
REG001753,STU00195,SEC00030,2024FA,2024-08-09,Withdrawn,3.0,Letter
REG001754,STU00195,SEC00029,2024FA,2024-08-14,Registered,3.0,Letter
REG001755,STU00195,SEC00245,2025FA,2025-08-01,Registered,3.0,Pass Fail
REG001756,STU00195,SEC00246,2025FA,2025-07-25,Registered,3.0,Letter
REG001757,STU00195,SEC00173,2025SU,2025-04-09,Registered,3.0,Letter
REG001758,STU00195,SEC00174,2025SU,2025-04-30,Registered,3.0,Letter
REG001759,STU00195,SEC00101,2025WI,2024-12-25,Registered,3.0,Audit
REG001760,STU00195,SEC00102,2025WI,2024-12-13,Registered,3.0,Pass Fail
REG001761,STU00195,SEC00390,2026SU,2026-04-06,Withdrawn,3.0,Pass Fail
REG001762,STU00195,SEC00389,2026SU,2026-04-24,Registered,3.0,Pass Fail
REG001763,STU00195,SEC00317,2026WI,2025-12-16,Registered,3.0,Pass Fail
REG001764,STU00195,SEC00318,2026WI,2025-12-28,Registered,3.0,Letter
REG001765,STU00196,SEC00247,2025FA,2025-07-27,Registered,3.0,Audit
REG001766,STU00196,SEC00248,2025FA,2025-08-13,Registered,3.0,Audit
REG001767,STU00196,SEC00392,2026SU,2026-04-15,Registered,3.0,Letter
REG001768,STU00196,SEC00391,2026SU,2026-04-24,Registered,3.0,Letter
REG001769,STU00196,SEC00320,2026WI,2025-12-26,Withdrawn,3.0,Audit
REG001770,STU00196,SEC00319,2026WI,2025-12-22,Registered,3.0,Pass Fail
REG001771,STU00197,SEC00178,2025SU,2025-05-03,Registered,3.0,Pass Fail
REG001772,STU00197,SEC00177,2025SU,2025-04-26,Registered,3.0,Audit
REG001773,STU00197,SEC00105,2025WI,2024-12-22,Registered,3.0,Audit
REG001774,STU00197,SEC00106,2025WI,2024-12-23,Registered,3.0,Audit
REG001775,STU00197,SEC00394,2026SU,2026-05-01,Registered,3.0,Pass Fail
REG001776,STU00197,SEC00393,2026SU,2026-04-29,Registered,3.0,Audit
REG001777,STU00198,SEC00252,2025FA,2025-07-29,Withdrawn,3.0,Pass Fail
REG001778,STU00198,SEC00251,2025FA,2025-08-03,Dropped,0.0,Letter
REG001779,STU00198,SEC00108,2025WI,2024-12-27,Dropped,0.0,Letter
REG001780,STU00198,SEC00107,2025WI,2024-12-27,Registered,3.0,Letter
REG001781,STU00198,SEC00396,2026SU,2026-04-22,Registered,3.0,Pass Fail
REG001782,STU00198,SEC00395,2026SU,2026-04-24,Registered,3.0,Letter
REG001783,STU00199,SEC00037,2024FA,2024-08-01,Registered,3.0,Pass Fail
REG001784,STU00199,SEC00038,2024FA,2024-07-28,Dropped,0.0,Letter
REG001785,STU00199,SEC00253,2025FA,2025-08-12,Registered,3.0,Audit
REG001786,STU00199,SEC00254,2025FA,2025-08-01,Registered,3.0,Letter
REG001787,STU00199,SEC00181,2025SU,2025-04-17,Dropped,0.0,Pass Fail
REG001788,STU00199,SEC00182,2025SU,2025-05-03,Withdrawn,3.0,Pass Fail
REG001789,STU00199,SEC00110,2025WI,2024-12-18,Registered,3.0,Letter
REG001790,STU00199,SEC00109,2025WI,2024-12-23,Registered,3.0,Audit
REG001791,STU00199,SEC00398,2026SU,2026-05-02,Registered,3.0,Pass Fail
REG001792,STU00199,SEC00397,2026SU,2026-04-14,Registered,3.0,Audit
REG001793,STU00199,SEC00325,2026WI,2025-12-21,Registered,3.0,Audit
REG001794,STU00199,SEC00326,2026WI,2025-12-13,Registered,3.0,Letter
REG001795,STU00200,SEC00256,2025FA,2025-07-30,Registered,3.0,Pass Fail
REG001796,STU00200,SEC00255,2025FA,2025-07-21,Registered,3.0,Audit
REG001797,STU00200,SEC00112,2025WI,2024-12-31,Registered,3.0,Letter
REG001798,STU00200,SEC00111,2025WI,2024-12-21,Withdrawn,3.0,Pass Fail
REG001799,STU00200,SEC00400,2026SU,2026-04-10,Registered,3.0,Pass Fail
REG001800,STU00200,SEC00399,2026SU,2026-04-27,Registered,3.0,Audit
REG001801,STU00201,SEC00041,2024FA,2024-08-04,Registered,3.0,Audit
REG001802,STU00201,SEC00042,2024FA,2024-08-09,Registered,3.0,Audit
REG001803,STU00201,SEC00114,2025WI,2024-12-09,Registered,3.0,Letter
REG001804,STU00201,SEC00113,2025WI,2024-12-19,Withdrawn,3.0,Audit
REG001805,STU00201,SEC00402,2026SU,2026-04-07,Registered,3.0,Letter
REG001806,STU00201,SEC00401,2026SU,2026-05-03,Registered,3.0,Pass Fail
REG001807,STU00201,SEC00330,2026WI,2026-01-04,Registered,3.0,Pass Fail
REG001808,STU00201,SEC00329,2026WI,2025-12-15,Registered,3.0,Pass Fail
REG001809,STU00202,SEC00043,2024FA,2024-08-17,Registered,3.0,Letter
REG001810,STU00202,SEC00044,2024FA,2024-08-09,Registered,3.0,Audit
REG001811,STU00202,SEC00259,2025FA,2025-07-24,Registered,3.0,Letter
REG001812,STU00202,SEC00260,2025FA,2025-08-04,Registered,3.0,Pass Fail
REG001813,STU00202,SEC00115,2025WI,2024-12-20,Registered,3.0,Letter
REG001814,STU00202,SEC00116,2025WI,2025-01-03,Registered,3.0,Pass Fail
REG001815,STU00202,SEC00332,2026WI,2025-12-31,Registered,3.0,Pass Fail
REG001816,STU00202,SEC00331,2026WI,2025-12-11,Registered,3.0,Pass Fail
REG001817,STU00203,SEC00045,2024FA,2024-08-02,Registered,3.0,Audit
REG001818,STU00203,SEC00046,2024FA,2024-07-23,Registered,3.0,Audit
REG001819,STU00203,SEC00262,2025FA,2025-07-26,Registered,3.0,Audit
REG001820,STU00203,SEC00261,2025FA,2025-08-01,Registered,3.0,Letter
REG001821,STU00203,SEC00190,2025SU,2025-04-12,Registered,3.0,Audit
REG001822,STU00203,SEC00189,2025SU,2025-04-18,Registered,3.0,Pass Fail
REG001823,STU00203,SEC00118,2025WI,2025-01-03,Registered,3.0,Audit
REG001824,STU00203,SEC00117,2025WI,2024-12-20,Registered,3.0,Letter
REG001825,STU00203,SEC00406,2026SU,2026-04-14,Registered,3.0,Letter
REG001826,STU00203,SEC00405,2026SU,2026-04-15,Registered,3.0,Pass Fail
REG001827,STU00204,SEC00047,2024FA,2024-08-10,Registered,3.0,Pass Fail
REG001828,STU00204,SEC00048,2024FA,2024-07-29,Registered,3.0,Letter
REG001829,STU00204,SEC00120,2025WI,2024-12-28,Registered,3.0,Pass Fail
REG001830,STU00204,SEC00119,2025WI,2024-12-17,Registered,3.0,Pass Fail
REG001831,STU00204,SEC00408,2026SU,2026-05-01,Registered,3.0,Pass Fail
REG001832,STU00204,SEC00407,2026SU,2026-04-29,Dropped,0.0,Pass Fail
REG001833,STU00204,SEC00336,2026WI,2025-12-29,Registered,3.0,Pass Fail
REG001834,STU00204,SEC00335,2026WI,2025-12-11,Registered,3.0,Pass Fail
REG001835,STU00205,SEC00050,2024FA,2024-08-09,Registered,3.0,Audit
REG001836,STU00205,SEC00049,2024FA,2024-08-08,Registered,3.0,Letter
REG001837,STU00205,SEC00266,2025FA,2025-08-01,Registered,3.0,Pass Fail
REG001838,STU00205,SEC00265,2025FA,2025-08-07,Registered,3.0,Pass Fail
REG001839,STU00205,SEC00193,2025SU,2025-04-10,Registered,3.0,Pass Fail
REG001840,STU00205,SEC00194,2025SU,2025-04-20,Registered,3.0,Pass Fail
REG001841,STU00205,SEC00121,2025WI,2024-12-20,Registered,3.0,Audit
REG001842,STU00205,SEC00122,2025WI,2024-12-19,Registered,3.0,Audit
REG001843,STU00205,SEC00410,2026SU,2026-04-24,Withdrawn,3.0,Audit
REG001844,STU00205,SEC00409,2026SU,2026-04-08,Registered,3.0,Pass Fail
REG001845,STU00205,SEC00337,2026WI,2025-12-17,Registered,3.0,Audit
REG001846,STU00205,SEC00338,2026WI,2025-12-27,Dropped,0.0,Audit
REG001847,STU00206,SEC00052,2024FA,2024-07-28,Registered,3.0,Pass Fail
REG001848,STU00206,SEC00051,2024FA,2024-08-07,Registered,3.0,Pass Fail
REG001849,STU00206,SEC00196,2025SU,2025-04-14,Registered,3.0,Letter
REG001850,STU00206,SEC00195,2025SU,2025-04-26,Registered,3.0,Letter
REG001851,STU00206,SEC00339,2026WI,2025-12-25,Registered,3.0,Audit
REG001852,STU00206,SEC00340,2026WI,2025-12-08,Registered,3.0,Audit
REG001853,STU00207,SEC00197,2025SU,2025-04-12,Registered,3.0,Pass Fail
REG001854,STU00207,SEC00198,2025SU,2025-04-28,Withdrawn,3.0,Audit
REG001855,STU00207,SEC00413,2026SU,2026-05-03,Registered,3.0,Pass Fail
REG001856,STU00207,SEC00414,2026SU,2026-04-15,Registered,3.0,Pass Fail
REG001857,STU00207,SEC00341,2026WI,2025-12-09,Registered,3.0,Pass Fail
REG001858,STU00207,SEC00342,2026WI,2026-01-01,Registered,3.0,Letter
REG001859,STU00208,SEC00199,2025SU,2025-04-28,Registered,3.0,Pass Fail
REG001860,STU00208,SEC00200,2025SU,2025-04-23,Registered,3.0,Pass Fail
REG001861,STU00208,SEC00128,2025WI,2024-12-16,Registered,3.0,Audit
REG001862,STU00208,SEC00127,2025WI,2024-12-16,Withdrawn,3.0,Letter
REG001863,STU00208,SEC00343,2026WI,2025-12-15,Registered,3.0,Letter
REG001864,STU00208,SEC00344,2026WI,2025-12-12,Registered,3.0,Audit
REG001865,STU00209,SEC00057,2024FA,2024-08-04,Registered,3.0,Pass Fail
REG001866,STU00209,SEC00058,2024FA,2024-08-11,Registered,3.0,Audit
REG001867,STU00209,SEC00273,2025FA,2025-08-03,Dropped,0.0,Letter
REG001868,STU00209,SEC00274,2025FA,2025-08-05,Registered,3.0,Pass Fail
REG001869,STU00209,SEC00202,2025SU,2025-04-12,Registered,3.0,Letter
REG001870,STU00209,SEC00201,2025SU,2025-05-04,Registered,3.0,Pass Fail
REG001871,STU00209,SEC00129,2025WI,2024-12-22,Registered,3.0,Pass Fail
REG001872,STU00209,SEC00130,2025WI,2024-12-09,Withdrawn,3.0,Pass Fail
REG001873,STU00209,SEC00346,2026WI,2025-12-10,Registered,3.0,Letter
REG001874,STU00209,SEC00345,2026WI,2025-12-20,Registered,3.0,Letter
REG001875,STU00210,SEC00060,2024FA,2024-08-04,Registered,3.0,Pass Fail
REG001876,STU00210,SEC00059,2024FA,2024-08-04,Registered,3.0,Letter
REG001877,STU00210,SEC00276,2025FA,2025-08-03,Registered,3.0,Pass Fail
REG001878,STU00210,SEC00275,2025FA,2025-08-11,Registered,3.0,Letter
REG001879,STU00210,SEC00131,2025WI,2024-12-14,Registered,3.0,Pass Fail
REG001880,STU00210,SEC00132,2025WI,2024-12-19,Registered,3.0,Audit
REG001881,STU00210,SEC00419,2026SU,2026-04-28,Registered,3.0,Letter
REG001882,STU00210,SEC00420,2026SU,2026-04-17,Withdrawn,3.0,Pass Fail
REG001883,STU00210,SEC00347,2026WI,2026-01-01,Registered,3.0,Audit
REG001884,STU00210,SEC00348,2026WI,2025-12-25,Registered,3.0,Pass Fail
REG001885,STU00211,SEC00062,2024FA,2024-08-04,Registered,3.0,Audit
REG001886,STU00211,SEC00061,2024FA,2024-07-25,Registered,3.0,Audit
REG001887,STU00211,SEC00278,2025FA,2025-07-27,Registered,3.0,Audit
REG001888,STU00211,SEC00277,2025FA,2025-08-16,Registered,3.0,Letter
REG001889,STU00211,SEC00206,2025SU,2025-04-09,Registered,3.0,Audit
REG001890,STU00211,SEC00205,2025SU,2025-04-15,Dropped,0.0,Audit
REG001891,STU00211,SEC00134,2025WI,2024-12-26,Registered,3.0,Letter
REG001892,STU00211,SEC00133,2025WI,2025-01-05,Registered,3.0,Audit
REG001893,STU00211,SEC00421,2026SU,2026-04-29,Registered,3.0,Audit
REG001894,STU00211,SEC00422,2026SU,2026-04-30,Registered,3.0,Audit
REG001895,STU00211,SEC00349,2026WI,2025-12-16,Registered,3.0,Pass Fail
REG001896,STU00211,SEC00350,2026WI,2025-12-21,Registered,3.0,Letter
REG001897,STU00212,SEC00279,2025FA,2025-07-31,Dropped,0.0,Audit
REG001898,STU00212,SEC00280,2025FA,2025-08-11,Registered,3.0,Letter
REG001899,STU00212,SEC00207,2025SU,2025-04-27,Registered,3.0,Letter
REG001900,STU00212,SEC00208,2025SU,2025-05-02,Registered,3.0,Audit
REG001901,STU00212,SEC00135,2025WI,2024-12-15,Registered,3.0,Pass Fail
REG001902,STU00212,SEC00136,2025WI,2024-12-31,Registered,3.0,Letter
REG001903,STU00213,SEC00209,2025SU,2025-04-20,Registered,3.0,Audit
REG001904,STU00213,SEC00210,2025SU,2025-04-20,Registered,3.0,Pass Fail
REG001905,STU00213,SEC00138,2025WI,2024-12-28,Dropped,0.0,Pass Fail
REG001906,STU00213,SEC00137,2025WI,2024-12-20,Registered,3.0,Pass Fail
REG001907,STU00213,SEC00353,2026WI,2025-12-23,Registered,3.0,Audit
REG001908,STU00213,SEC00354,2026WI,2026-01-02,Registered,3.0,Pass Fail
REG001909,STU00214,SEC00067,2024FA,2024-08-04,Registered,3.0,Letter
REG001910,STU00214,SEC00068,2024FA,2024-08-06,Registered,3.0,Pass Fail
REG001911,STU00214,SEC00211,2025SU,2025-05-03,Registered,3.0,Audit
REG001912,STU00214,SEC00212,2025SU,2025-05-04,Registered,3.0,Audit
REG001913,STU00214,SEC00139,2025WI,2025-01-02,Registered,3.0,Letter
REG001914,STU00214,SEC00140,2025WI,2024-12-20,Registered,3.0,Letter
REG001915,STU00214,SEC00428,2026SU,2026-04-23,Registered,3.0,Pass Fail
REG001916,STU00214,SEC00427,2026SU,2026-04-30,Registered,3.0,Letter
REG001917,STU00215,SEC00070,2024FA,2024-08-07,Registered,3.0,Pass Fail
REG001918,STU00215,SEC00069,2024FA,2024-07-25,Registered,3.0,Pass Fail
REG001919,STU00215,SEC00286,2025FA,2025-08-11,Registered,3.0,Audit
REG001920,STU00215,SEC00285,2025FA,2025-08-14,Registered,3.0,Pass Fail
REG001921,STU00215,SEC00357,2026WI,2025-12-08,Registered,3.0,Pass Fail
REG001922,STU00215,SEC00358,2026WI,2025-12-23,Registered,3.0,Letter
REG001923,STU00216,SEC00071,2024FA,2024-08-14,Registered,3.0,Letter
REG001924,STU00216,SEC00072,2024FA,2024-08-11,Registered,3.0,Audit
REG001925,STU00216,SEC00287,2025FA,2025-08-02,Registered,3.0,Pass Fail
REG001926,STU00216,SEC00288,2025FA,2025-08-17,Registered,3.0,Pass Fail
REG001927,STU00216,SEC00215,2025SU,2025-04-30,Registered,3.0,Pass Fail
REG001928,STU00216,SEC00216,2025SU,2025-04-29,Registered,3.0,Pass Fail
REG001929,STU00216,SEC00143,2025WI,2024-12-26,Registered,3.0,Audit
REG001930,STU00216,SEC00144,2025WI,2024-12-23,Registered,3.0,Audit
REG001931,STU00216,SEC00431,2026SU,2026-04-17,Registered,3.0,Pass Fail
REG001932,STU00216,SEC00432,2026SU,2026-04-16,Registered,3.0,Pass Fail
REG001933,STU00216,SEC00359,2026WI,2025-12-31,Registered,3.0,Audit
REG001934,STU00216,SEC00360,2026WI,2025-12-31,Registered,3.0,Letter
REG001935,STU00217,SEC00217,2025FA,2025-08-16,Registered,3.0,Letter
REG001936,STU00217,SEC00218,2025FA,2025-07-25,Registered,3.0,Letter
REG001937,STU00217,SEC00073,2025WI,2025-01-04,Dropped,0.0,Audit
REG001938,STU00217,SEC00074,2025WI,2024-12-25,Withdrawn,3.0,Audit
REG001939,STU00217,SEC00362,2026SU,2026-04-20,Registered,3.0,Pass Fail
REG001940,STU00217,SEC00361,2026SU,2026-04-26,Registered,3.0,Letter
REG001941,STU00217,SEC00289,2026WI,2025-12-14,Withdrawn,3.0,Letter
REG001942,STU00217,SEC00290,2026WI,2025-12-09,Registered,3.0,Letter
REG001943,STU00218,SEC00004,2024FA,2024-08-02,Dropped,0.0,Letter
REG001944,STU00218,SEC00003,2024FA,2024-08-14,Registered,3.0,Letter
REG001945,STU00218,SEC00219,2025FA,2025-08-02,Withdrawn,3.0,Letter
REG001946,STU00218,SEC00220,2025FA,2025-07-31,Registered,3.0,Pass Fail
REG001947,STU00218,SEC00148,2025SU,2025-04-10,Registered,3.0,Pass Fail
REG001948,STU00218,SEC00147,2025SU,2025-04-12,Withdrawn,3.0,Pass Fail
REG001949,STU00218,SEC00076,2025WI,2024-12-17,Registered,3.0,Pass Fail
REG001950,STU00218,SEC00075,2025WI,2024-12-26,Withdrawn,3.0,Audit
REG001951,STU00218,SEC00364,2026SU,2026-04-26,Registered,3.0,Pass Fail
REG001952,STU00218,SEC00363,2026SU,2026-04-10,Registered,3.0,Letter
REG001953,STU00218,SEC00292,2026WI,2025-12-20,Registered,3.0,Audit
REG001954,STU00218,SEC00291,2026WI,2025-12-08,Registered,3.0,Pass Fail
REG001955,STU00219,SEC00221,2025FA,2025-08-11,Registered,3.0,Letter
REG001956,STU00219,SEC00222,2025FA,2025-08-12,Registered,3.0,Audit
REG001957,STU00219,SEC00150,2025SU,2025-04-11,Registered,3.0,Letter
REG001958,STU00219,SEC00149,2025SU,2025-04-29,Registered,3.0,Audit
REG001959,STU00219,SEC00078,2025WI,2024-12-29,Registered,3.0,Audit
REG001960,STU00219,SEC00077,2025WI,2024-12-29,Registered,3.0,Letter
REG001961,STU00219,SEC00366,2026SU,2026-04-12,Registered,3.0,Audit
REG001962,STU00219,SEC00365,2026SU,2026-04-30,Registered,3.0,Audit
REG001963,STU00220,SEC00008,2024FA,2024-08-11,Registered,3.0,Audit
REG001964,STU00220,SEC00007,2024FA,2024-08-03,Registered,3.0,Letter
REG001965,STU00220,SEC00223,2025FA,2025-08-02,Dropped,0.0,Audit
REG001966,STU00220,SEC00224,2025FA,2025-07-28,Registered,3.0,Pass Fail
REG001967,STU00220,SEC00151,2025SU,2025-04-19,Registered,3.0,Letter
REG001968,STU00220,SEC00152,2025SU,2025-04-23,Registered,3.0,Audit
REG001969,STU00220,SEC00080,2025WI,2024-12-26,Registered,3.0,Audit
REG001970,STU00220,SEC00079,2025WI,2024-12-14,Registered,3.0,Audit
REG001971,STU00220,SEC00368,2026SU,2026-04-14,Registered,3.0,Audit
REG001972,STU00220,SEC00367,2026SU,2026-04-17,Registered,3.0,Pass Fail
REG001973,STU00221,SEC00010,2024FA,2024-08-04,Dropped,0.0,Letter
REG001974,STU00221,SEC00009,2024FA,2024-07-27,Registered,3.0,Audit
REG001975,STU00221,SEC00153,2025SU,2025-04-16,Registered,3.0,Audit
REG001976,STU00221,SEC00154,2025SU,2025-04-23,Registered,3.0,Audit
REG001977,STU00221,SEC00370,2026SU,2026-04-27,Registered,3.0,Pass Fail
REG001978,STU00221,SEC00369,2026SU,2026-04-24,Registered,3.0,Pass Fail
REG001979,STU00221,SEC00298,2026WI,2025-12-15,Dropped,0.0,Letter
REG001980,STU00221,SEC00297,2026WI,2025-12-10,Registered,3.0,Pass Fail
REG001981,STU00222,SEC00012,2024FA,2024-08-15,Withdrawn,3.0,Audit
REG001982,STU00222,SEC00011,2024FA,2024-08-14,Registered,3.0,Audit
REG001983,STU00222,SEC00228,2025FA,2025-08-16,Registered,3.0,Pass Fail
REG001984,STU00222,SEC00227,2025FA,2025-07-31,Registered,3.0,Audit
REG001985,STU00222,SEC00155,2025SU,2025-04-27,Registered,3.0,Letter
REG001986,STU00222,SEC00156,2025SU,2025-04-09,Registered,3.0,Pass Fail
REG001987,STU00223,SEC00229,2025FA,2025-07-21,Registered,3.0,Letter
REG001988,STU00223,SEC00230,2025FA,2025-07-28,Registered,3.0,Letter
REG001989,STU00223,SEC00157,2025SU,2025-04-23,Registered,3.0,Audit
REG001990,STU00223,SEC00158,2025SU,2025-04-07,Registered,3.0,Audit
REG001991,STU00223,SEC00086,2025WI,2024-12-17,Registered,3.0,Letter
REG001992,STU00223,SEC00085,2025WI,2024-12-18,Registered,3.0,Audit
REG001993,STU00223,SEC00301,2026WI,2026-01-04,Registered,3.0,Pass Fail
REG001994,STU00223,SEC00302,2026WI,2025-12-22,Registered,3.0,Pass Fail
REG001995,STU00224,SEC00015,2024FA,2024-07-25,Registered,3.0,Audit
REG001996,STU00224,SEC00016,2024FA,2024-08-09,Withdrawn,3.0,Audit
REG001997,STU00224,SEC00232,2025FA,2025-08-15,Registered,3.0,Audit
REG001998,STU00224,SEC00231,2025FA,2025-07-24,Registered,3.0,Letter
REG001999,STU00224,SEC00087,2025WI,2024-12-24,Registered,3.0,Letter
REG002000,STU00224,SEC00088,2025WI,2025-01-03,Registered,3.0,Audit
REG002001,STU00224,SEC00375,2026SU,2026-04-06,Registered,3.0,Audit
REG002002,STU00224,SEC00376,2026SU,2026-04-11,Registered,3.0,Audit
REG002003,STU00224,SEC00303,2026WI,2025-12-16,Registered,3.0,Letter
REG002004,STU00224,SEC00304,2026WI,2025-12-26,Registered,3.0,Pass Fail
REG002005,STU00225,SEC00233,2025FA,2025-07-31,Registered,3.0,Letter
REG002006,STU00225,SEC00234,2025FA,2025-08-17,Registered,3.0,Audit
REG002007,STU00225,SEC00089,2025WI,2024-12-21,Registered,3.0,Audit
REG002008,STU00225,SEC00090,2025WI,2024-12-14,Dropped,0.0,Audit
REG002009,STU00225,SEC00377,2026SU,2026-04-11,Registered,3.0,Letter
REG002010,STU00225,SEC00378,2026SU,2026-04-14,Registered,3.0,Pass Fail
REG002011,STU00226,SEC00236,2025FA,2025-08-02,Registered,3.0,Letter
REG002012,STU00226,SEC00235,2025FA,2025-07-29,Registered,3.0,Pass Fail
REG002013,STU00226,SEC00092,2025WI,2024-12-30,Registered,3.0,Letter
REG002014,STU00226,SEC00091,2025WI,2024-12-24,Registered,3.0,Audit
REG002015,STU00226,SEC00380,2026SU,2026-04-18,Registered,3.0,Letter
REG002016,STU00226,SEC00379,2026SU,2026-05-03,Registered,3.0,Pass Fail
REG002017,STU00226,SEC00307,2026WI,2025-12-26,Registered,3.0,Audit
REG002018,STU00226,SEC00308,2026WI,2025-12-31,Registered,3.0,Pass Fail
REG002019,STU00227,SEC00022,2024FA,2024-07-23,Registered,3.0,Audit
REG002020,STU00227,SEC00021,2024FA,2024-07-26,Registered,3.0,Letter
REG002021,STU00227,SEC00238,2025FA,2025-08-07,Withdrawn,3.0,Audit
REG002022,STU00227,SEC00237,2025FA,2025-07-29,Registered,3.0,Audit
REG002023,STU00227,SEC00165,2025SU,2025-05-01,Registered,3.0,Pass Fail
REG002024,STU00227,SEC00166,2025SU,2025-04-09,Registered,3.0,Audit
REG002025,STU00227,SEC00093,2025WI,2024-12-27,Registered,3.0,Pass Fail
REG002026,STU00227,SEC00094,2025WI,2024-12-30,Registered,3.0,Pass Fail
REG002027,STU00227,SEC00381,2026SU,2026-04-14,Registered,3.0,Audit
REG002028,STU00227,SEC00382,2026SU,2026-04-25,Registered,3.0,Pass Fail
REG002029,STU00227,SEC00310,2026WI,2025-12-09,Registered,3.0,Audit
REG002030,STU00227,SEC00309,2026WI,2025-12-23,Registered,3.0,Letter
REG002031,STU00228,SEC00024,2024FA,2024-08-11,Registered,3.0,Letter
REG002032,STU00228,SEC00023,2024FA,2024-08-08,Registered,3.0,Audit
REG002033,STU00228,SEC00240,2025FA,2025-07-25,Registered,3.0,Letter
REG002034,STU00228,SEC00239,2025FA,2025-08-06,Registered,3.0,Pass Fail
REG002035,STU00228,SEC00095,2025WI,2024-12-29,Registered,3.0,Pass Fail
REG002036,STU00228,SEC00096,2025WI,2024-12-18,Registered,3.0,Audit
REG002037,STU00229,SEC00241,2025FA,2025-07-23,Registered,3.0,Pass Fail
REG002038,STU00229,SEC00242,2025FA,2025-08-08,Registered,3.0,Pass Fail
REG002039,STU00229,SEC00170,2025SU,2025-04-21,Registered,3.0,Pass Fail
REG002040,STU00229,SEC00169,2025SU,2025-05-03,Registered,3.0,Letter
REG002041,STU00229,SEC00098,2025WI,2024-12-18,Registered,3.0,Letter
REG002042,STU00229,SEC00097,2025WI,2024-12-20,Dropped,0.0,Letter
REG002043,STU00229,SEC00314,2026WI,2025-12-25,Registered,3.0,Pass Fail
REG002044,STU00229,SEC00313,2026WI,2025-12-20,Registered,3.0,Pass Fail
REG002045,STU00230,SEC00244,2025FA,2025-07-27,Registered,3.0,Letter
REG002046,STU00230,SEC00243,2025FA,2025-08-15,Registered,3.0,Audit
REG002047,STU00230,SEC00172,2025SU,2025-04-11,Registered,3.0,Letter
REG002048,STU00230,SEC00171,2025SU,2025-04-25,Registered,3.0,Audit
REG002049,STU00230,SEC00099,2025WI,2024-12-26,Registered,3.0,Letter
REG002050,STU00230,SEC00100,2025WI,2024-12-10,Registered,3.0,Pass Fail
REG002051,STU00230,SEC00388,2026SU,2026-04-06,Dropped,0.0,Audit
REG002052,STU00230,SEC00387,2026SU,2026-04-20,Registered,3.0,Letter
REG002053,STU00230,SEC00315,2026WI,2025-12-10,Registered,3.0,Letter
REG002054,STU00230,SEC00316,2026WI,2026-01-01,Registered,3.0,Pass Fail
REG002055,STU00231,SEC00245,2025FA,2025-07-24,Registered,3.0,Pass Fail
REG002056,STU00231,SEC00246,2025FA,2025-07-27,Registered,3.0,Letter
REG002057,STU00231,SEC00174,2025SU,2025-05-03,Registered,3.0,Audit
REG002058,STU00231,SEC00173,2025SU,2025-04-11,Registered,3.0,Letter
REG002059,STU00231,SEC00390,2026SU,2026-05-03,Registered,3.0,Pass Fail
REG002060,STU00231,SEC00389,2026SU,2026-04-09,Registered,3.0,Audit
REG002061,STU00231,SEC00317,2026WI,2026-01-04,Registered,3.0,Letter
REG002062,STU00231,SEC00318,2026WI,2025-12-23,Registered,3.0,Letter
REG002063,STU00232,SEC00031,2024FA,2024-08-07,Registered,3.0,Letter
REG002064,STU00232,SEC00032,2024FA,2024-08-13,Registered,3.0,Letter
REG002065,STU00232,SEC00247,2025FA,2025-08-17,Registered,3.0,Audit
REG002066,STU00232,SEC00248,2025FA,2025-08-14,Withdrawn,3.0,Letter
REG002067,STU00232,SEC00175,2025SU,2025-04-26,Registered,3.0,Letter
REG002068,STU00232,SEC00176,2025SU,2025-04-24,Withdrawn,3.0,Audit
REG002069,STU00233,SEC00033,2024FA,2024-08-18,Registered,3.0,Pass Fail
REG002070,STU00233,SEC00034,2024FA,2024-08-17,Registered,3.0,Letter
REG002071,STU00233,SEC00249,2025FA,2025-08-07,Registered,3.0,Pass Fail
REG002072,STU00233,SEC00250,2025FA,2025-08-11,Withdrawn,3.0,Pass Fail
REG002073,STU00233,SEC00105,2025WI,2024-12-11,Registered,3.0,Audit
REG002074,STU00233,SEC00106,2025WI,2025-01-04,Registered,3.0,Pass Fail
REG002075,STU00233,SEC00393,2026SU,2026-05-01,Registered,3.0,Letter
REG002076,STU00233,SEC00394,2026SU,2026-04-20,Registered,3.0,Pass Fail
REG002077,STU00234,SEC00036,2024FA,2024-08-05,Registered,3.0,Pass Fail
REG002078,STU00234,SEC00035,2024FA,2024-08-11,Registered,3.0,Letter
REG002079,STU00234,SEC00252,2025FA,2025-08-15,Registered,3.0,Letter
REG002080,STU00234,SEC00251,2025FA,2025-07-26,Registered,3.0,Letter
REG002081,STU00234,SEC00179,2025SU,2025-04-16,Registered,3.0,Audit
REG002082,STU00234,SEC00180,2025SU,2025-04-23,Registered,3.0,Pass Fail
REG002083,STU00234,SEC00108,2025WI,2024-12-14,Registered,3.0,Letter
REG002084,STU00234,SEC00107,2025WI,2024-12-17,Registered,3.0,Audit
REG002085,STU00234,SEC00395,2026SU,2026-04-07,Registered,3.0,Pass Fail
REG002086,STU00234,SEC00396,2026SU,2026-04-25,Registered,3.0,Letter
REG002087,STU00234,SEC00324,2026WI,2025-12-20,Withdrawn,3.0,Audit
REG002088,STU00234,SEC00323,2026WI,2025-12-25,Registered,3.0,Pass Fail
REG002089,STU00235,SEC00038,2024FA,2024-08-18,Withdrawn,3.0,Letter
REG002090,STU00235,SEC00037,2024FA,2024-08-15,Registered,3.0,Pass Fail
REG002091,STU00235,SEC00254,2025FA,2025-08-14,Registered,3.0,Audit
REG002092,STU00235,SEC00253,2025FA,2025-08-12,Registered,3.0,Letter
REG002093,STU00235,SEC00182,2025SU,2025-04-25,Withdrawn,3.0,Audit
REG002094,STU00235,SEC00181,2025SU,2025-04-30,Registered,3.0,Audit
REG002095,STU00235,SEC00109,2025WI,2024-12-21,Registered,3.0,Audit
REG002096,STU00235,SEC00110,2025WI,2025-01-05,Registered,3.0,Audit
REG002097,STU00235,SEC00326,2026WI,2025-12-29,Registered,3.0,Letter
REG002098,STU00235,SEC00325,2026WI,2025-12-09,Registered,3.0,Audit
REG002099,STU00236,SEC00039,2024FA,2024-08-16,Registered,3.0,Pass Fail
REG002100,STU00236,SEC00040,2024FA,2024-07-31,Registered,3.0,Audit
REG002101,STU00236,SEC00255,2025FA,2025-08-11,Registered,3.0,Audit
REG002102,STU00236,SEC00256,2025FA,2025-07-31,Registered,3.0,Audit
REG002103,STU00236,SEC00184,2025SU,2025-04-27,Registered,3.0,Audit
REG002104,STU00236,SEC00183,2025SU,2025-04-27,Registered,3.0,Letter
REG002105,STU00236,SEC00112,2025WI,2024-12-19,Withdrawn,3.0,Letter
REG002106,STU00236,SEC00111,2025WI,2025-01-04,Registered,3.0,Pass Fail
REG002107,STU00237,SEC00042,2024FA,2024-08-03,Registered,3.0,Audit
REG002108,STU00237,SEC00041,2024FA,2024-07-28,Registered,3.0,Letter
REG002109,STU00237,SEC00258,2025FA,2025-07-31,Registered,3.0,Letter
REG002110,STU00237,SEC00257,2025FA,2025-08-16,Registered,3.0,Pass Fail
REG002111,STU00237,SEC00185,2025SU,2025-04-26,Registered,3.0,Audit
REG002112,STU00237,SEC00186,2025SU,2025-04-21,Registered,3.0,Letter
REG002113,STU00237,SEC00113,2025WI,2024-12-27,Registered,3.0,Pass Fail
REG002114,STU00237,SEC00114,2025WI,2024-12-20,Registered,3.0,Letter
REG002115,STU00237,SEC00401,2026SU,2026-04-09,Registered,3.0,Audit
REG002116,STU00237,SEC00402,2026SU,2026-04-29,Registered,3.0,Pass Fail
REG002117,STU00237,SEC00329,2026WI,2025-12-15,Registered,3.0,Pass Fail
REG002118,STU00237,SEC00330,2026WI,2025-12-13,Registered,3.0,Audit
REG002119,STU00238,SEC00043,2024FA,2024-08-09,Registered,3.0,Audit
REG002120,STU00238,SEC00044,2024FA,2024-08-12,Registered,3.0,Pass Fail
REG002121,STU00238,SEC00260,2025FA,2025-07-23,Registered,3.0,Letter
REG002122,STU00238,SEC00259,2025FA,2025-07-24,Registered,3.0,Letter
REG002123,STU00238,SEC00187,2025SU,2025-04-13,Registered,3.0,Audit
REG002124,STU00238,SEC00188,2025SU,2025-04-16,Withdrawn,3.0,Letter
REG002125,STU00238,SEC00116,2025WI,2024-12-28,Registered,3.0,Pass Fail
REG002126,STU00238,SEC00115,2025WI,2024-12-24,Registered,3.0,Pass Fail
REG002127,STU00238,SEC00403,2026SU,2026-04-07,Registered,3.0,Audit
REG002128,STU00238,SEC00404,2026SU,2026-04-30,Registered,3.0,Pass Fail
REG002129,STU00238,SEC00332,2026WI,2026-01-04,Registered,3.0,Letter
REG002130,STU00238,SEC00331,2026WI,2025-12-14,Registered,3.0,Letter
REG002131,STU00239,SEC00189,2025SU,2025-04-30,Registered,3.0,Audit
REG002132,STU00239,SEC00190,2025SU,2025-04-27,Registered,3.0,Pass Fail
REG002133,STU00239,SEC00406,2026SU,2026-04-12,Registered,3.0,Audit
REG002134,STU00239,SEC00405,2026SU,2026-04-26,Registered,3.0,Letter
REG002135,STU00239,SEC00333,2026WI,2025-12-14,Registered,3.0,Audit
REG002136,STU00239,SEC00334,2026WI,2025-12-26,Registered,3.0,Audit
REG002137,STU00240,SEC00048,2024FA,2024-07-25,Registered,3.0,Pass Fail
REG002138,STU00240,SEC00047,2024FA,2024-08-06,Registered,3.0,Audit
REG002139,STU00240,SEC00264,2025FA,2025-08-13,Registered,3.0,Pass Fail
REG002140,STU00240,SEC00263,2025FA,2025-07-26,Registered,3.0,Pass Fail
REG002141,STU00240,SEC00191,2025SU,2025-04-09,Registered,3.0,Letter
REG002142,STU00240,SEC00192,2025SU,2025-04-13,Registered,3.0,Letter
REG002143,STU00240,SEC00119,2025WI,2024-12-18,Withdrawn,3.0,Letter
REG002144,STU00240,SEC00120,2025WI,2024-12-16,Registered,3.0,Letter
REG002145,STU00240,SEC00408,2026SU,2026-04-17,Registered,3.0,Letter
REG002146,STU00240,SEC00407,2026SU,2026-04-19,Registered,3.0,Audit
REG002147,STU00240,SEC00335,2026WI,2026-01-01,Withdrawn,3.0,Letter
REG002148,STU00240,SEC00336,2026WI,2025-12-12,Registered,3.0,Audit
